swahili_id,kitaifa,michezo,biashara,kimataifa,burudani
001dd47ac202d9db6624a5ff734a5e7dddafeaf2,0.9817546698745495,0.0016260852160694646,0.015809273581922852,0.0006965397429650237,0.00011343158449315248
0043d97f7690e9bc02f0ed8bb2b260d1d44bad92,0.002951824711521886,0.9962443825876999,0.00044783731284151276,0.0002620669915333334,9.38883964033469e-05
00579c2307b5c11003d21c40c3ecff5e922c3fd8,0.08988678527382661,0.0011628795765454576,0.9070131944198344,0.0012602718128270605,0.0006768689169664022
00868eeee349e286303706ef0ffd851f39708d37,0.9146311784647133,0.042947597103280055,0.014138900315098204,0.025731997172011613,0.002550326944896712
00a5cb12d3058dcf2e42f277eee599992db32412,0.8052121324494871,0.004894391940990155,0.18753552386605463,0.0015966918668381316,0.0007612598766299983
00a93e174866089d7f4b59b72645573f963da555,0.0012614551630635087,0.9965463921798756,0.0006553184585246754,0.0010577749354696172,0.0004790592630663858
00caee8b79f36cc0a5ae4fe86b8abbedeef6c705,0.8643217581991598,0.047529706751988914,0.049676570333314664,0.03063725917518062,0.007834705540356066
00e72e69de296484ccacd96e38240844ac61be23,0.017568700179042166,0.9795990149220313,0.0016878632746197943,0.0006928161268694474,0.0004516054974374406
018effc3b6ce812c825fb01d244f4b849658ef3c,0.004124937336343607,0.9949637808932044,0.0005724413446888631,0.00021751789623568747,0.00012132252952737071
01996c3787dbce345ac122a8912dc9ab57334e2e,0.13604171216165659,0.7702272203735588,0.05752791265796438,0.024449778036869922,0.01175337676995032
01a58fd93c05d8febbd10824b162ba00f51a9fcd,0.9847757948123661,0.0015422790697229574,0.012407405294774413,0.0011317806798522745,0.00014274014328436908
027063d6cb270ff8b60a4ced0c7d3835628286d5,0.8106238821159087,0.11997319470653346,0.05803713708138902,0.008670679159431422,0.0026951069367374004
02824fb4c78d076c52d71f21f50c7e33fac4a530,0.668809700838465,0.008843259171537216,0.321167060153217,0.0006732745794157187,0.0005067052573649108
02c1bb0911f056f18e04a9e831b405cfa721b62e,0.9724871011082146,0.0014946921940708637,0.025280717018007257,0.0005967333276629954,0.000140756352044319
032bcb8f892f50c0f4698d550e140474cc0a2e25,0.0060192223558253625,0.9930677801146001,0.0004764464469527515,0.00023400221065705097,0.00020254887196470564
034185c116681f9afdefd8445f0a9896b9673f9d,0.5544062415952936,0.07935519153589611,0.3516063457893976,0.011320986773020342,0.0033112343063923196
0355be98526df7da1e8da43c81f012551fd53a74,0.9193845054266296,0.027650785986720033,0.04401818348871316,0.00413640043845572,0.004810124659481486
03817b4b8fa61ee0176ac9c5cbf66fec86f2ed3a,0.11041497524147684,0.02746983456969487,0.8555252529981627,0.004591657888020076,0.0019982793026455466
0388b907e596357c5bbee251003dcdf97d679c89,0.8045760062743794,0.0008414276848431566,0.19292482674456368,0.0012993671352243556,0.0003583721609892534
0480c08ce9059abe99336f4b39a41f4562150848,0.012957910324347134,0.020790937942354423,0.9610550613994827,0.004464333631457321,0.0007317567023584027
04d7e75611796f3ce8ec460f1eb6bffa9da15676,0.0033984599156311876,0.9954552988312667,0.0006461288225521926,0.00031532401748216564,0.00018478841306771157
050e737c0998f7ba049bc0f02d5a4b64e7f0625e,0.008373241695436866,0.9725763767434547,0.012223731448287594,0.004372215278275508,0.002454434834545418
0516a757aad1d09f893091602ad05505b5e88401,0.036796901478529834,0.005475577314807261,0.9552796309104928,0.001964630848193567,0.0004832594479763931
05d499508761de20c4ae1f9fee1e204bd435edd9,0.8861031610678328,0.00513634773340163,0.10366714426245299,0.004068208331435687,0.0010251386048768687
05ea491371ea5305802da17a93f27ecf8e59bb49,0.13113328318010808,0.8539576373608444,0.010909783129785341,0.003110024826908235,0.0008892715023541615
05ee92945a93072bd98b56eaa9917e73584c0d2f,0.9132303781740746,0.028295785339521196,0.052209869718593975,0.004717358320231828,0.00154660844757834
060017feb4ec0ef7415dad6cc02e33842dfcfbb2,0.9016336489906579,0.0001655133071019579,0.09803720199537536,0.00012832350060098301,3.531220626391396e-05
0689b40d0a24ac5152e62aad9d112138e7aabe11,0.01935080751744678,0.0010748479678569318,0.9789324269987089,0.0004856974775094729,0.00015622003847794012
06bc918b17a76ca6f18a3341f7da78d1fd02a326,0.0016531103840895837,0.9981023725222927,0.00010301390696874216,6.0355287103319906e-05,8.114789954539725e-05
07556b566255f261f362d7b6dd317cf7c8722507,0.5280438710117852,0.014427958237890441,0.4528084470279643,0.0030993073986726356,0.0016204163236873315
075bbea3663e0db97fcd4a2687ef2d47236dac28,0.9894717059870795,0.003171045556757667,0.0040322232516556596,0.003173423611866745,0.00015160159264039744
07ad07b3e6307bc93b4abf80011e4630058b665e,0.8309476181350809,0.006327829475069564,0.15812326497814916,0.00304687079804624,0.0015544166136542315
07e372ce107507e12c04bcc938f1014a190c4912,0.04101697278443669,0.007142817071887308,0.948853763779675,0.002217782974940359,0.0007686633890606495
07e92959da333f858fffbcb3d9598ccfe7d2da34,0.13288159594018004,0.008704768870802022,0.8561486321702864,0.0010751814953922046,0.0011898215233393582
07ea328f3b14346960dc9ee5be834753bb1261e7,0.8963535825878383,0.03925347277182231,0.04756836839177995,0.015687639436113572,0.0011369368124459862
07ec88b88bba066163e7aa27228b6263ee506390,0.9619651783267856,0.014744120908207734,0.020578423005226824,0.002220672290883786,0.0004916054688959256
081412e435970d66e6a60e9406148323605d7171,0.9633942982548231,0.005358284589761283,0.02825213756712024,0.0027694701045347667,0.00022580948376066772
08275ea9ddafd22b968c99f94db32c366a9b94d8,0.006617664785314164,0.9915813459344895,0.00033332102516108326,0.0011673461900636505,0.0003003220649715202
0890a8acfb73d35080feb74458c9792b1d57fe6f,0.799419710645068,0.010342016187217556,0.18767253972015743,0.0017587673992493695,0.0008069660483076545
08df63a437025893af3ef60b87a702ad20dac5a3,0.02751956822848117,0.9650551062750804,0.004993519884640453,0.0015351106978015688,0.0008966949139965779
0943b6968f97bdcdb50614734e04244199588da6,0.008503970623815736,0.9868502383031366,0.002767590337010778,0.0011608322529858956,0.0007173684830508332
09b4ed7da8e5f8780ea8d3123478d6b42be31dfc,0.20412956768508458,0.0026408806077223494,0.7919544795053299,0.0008630023842644061,0.0004120698175986489
09e50d9ada0f258798d3a9ae312d4783589e5fc9,0.0015734684174405133,0.0007048005880499755,0.9971964906539832,0.00035705562819697605,0.0001681847123292112
0a0c86c5a3e9253c647297a0fdf9355262620f8b,0.7553269341534171,0.04182205281092097,0.19682268676594686,0.004684511617427925,0.0013438146522870783
0a223acab39e9b37cc0ec89b241874869c79cef9,0.8394007045382444,0.0414405958710846,0.10533676439742534,0.011407376067310893,0.0024145591259347758
0a25a12bcfb1bcee66a0fd936b305251082736ef,0.0035552445998721814,0.9930001782062824,0.002663374354741956,0.0003957468011301851,0.0003854560379731904
0a6152dbcfdcc0e8f2980179f6319d511d86e258,0.9613992591423273,0.0020664927428941274,0.03413195857393141,0.0017393530945574275,0.0006629364462897528
0a8af0671430846c40524d56d374035793d03247,0.0032870715520733635,0.9959929335494959,0.00047351719805800854,0.0001518300395787481,9.464766079389744e-05
0b01e6d23ead0ce43ee3cb719a84694cb634c84b,0.009545471742381113,0.9869999028955349,0.002009919174644144,0.0010694690805957245,0.00037523710684419105
0b39b6b564a36e71f36a9b2da87e1d8b0edc1926,0.8856192835324762,0.009610672034740935,0.10266733678335771,0.0015649465745360828,0.0005377610748889818
0b47e2144dc890d150c60a32986e2b130fa1e6ce,0.15720051304164473,0.003004841572114434,0.8387001021123709,0.000712886711405383,0.00038165656246453276
0b556c8ed912121e0574b62a5e41d68e771ed380,0.9629689393765499,0.0031902823381614164,0.026499593047054872,0.006854586254793033,0.00048659898344071426
0ba0156e5105e73cdc1c9c6e0b247be99c8b8be7,0.6436813709783221,0.001777116949278418,0.3534433794251565,0.0008214929281327701,0.00027663971911023373
0c272f5d8f6746d7b77b3d8dfff502c55b7b6612,0.9882313786883282,0.007530015147893821,0.0036434991546875077,0.0005048613720861399,9.024563700439751e-05
0c970a83167a984294a4f45f714cc117adca3b91,0.8509460159151084,0.08366398993034627,0.058853735605210136,0.004548573202110304,0.0019876853472247224
0cdc764a2cf4f38e3b734dda222498daaae7762b,0.022272248143971884,0.0009394260639267483,0.976104002977872,0.0004907155883894845,0.0001936072258398437
0cfbd5179035e5e22964b1fa9c764337cc816bc4,0.1434958306426657,0.017497691442900705,0.8345927565847112,0.003263465944014005,0.0011502553857082498
0d15d685fd32390bac5ba568a7ad5cac59313f78,0.028671246503513312,0.96804335341664,0.0020850484034442974,0.000732383440316984,0.00046796823608525614
0d1637e139b088cf1d9a114ca48a5676abca4161,0.07832424891507506,0.006274206479153393,0.913192062029081,0.0017973353500121978,0.0004121472266782767
0d2e3cdfa1c479f93d7d19008616c7331df1d4d1,0.04585720804490287,0.0007971438280601452,0.9527473459355096,0.0004294518128514339,0.0001688503786759841
0d33de20de638919329d55c90d8eeb6e6c05d8bf,0.07164079845895285,0.004203898907464961,0.9231783201065615,0.00043694206755058796,0.0005400404594701444
0d8e8bb5db320bc6c7c048d0bed7b17a4e52fd4c,0.8782987609304879,0.007836661051207162,0.041207020621474404,0.07091823963580024,0.0017393177610300404
0da943ec51a642a6c551c33e260fac9702db1261,0.012749896869388901,0.9823253140903279,0.003091675921874031,0.0008326943069150168,0.0010004188114942363
0dad250b74ae3fac96a6ea95da3908cff18481e3,0.997322516415384,0.00125030909052042,0.000831053552025725,0.00053504166423055,6.107927783927279e-05
0dbb48e484af46a1567888ee8cad187011cffe91,0.9133635240016991,0.029192305027634865,0.04915883100220814,0.006927120849872974,0.0013582191185849103
0dbff8419b10d05274f9ae806c3a80f4182e9533,0.8597778733405044,0.01358799158088216,0.09095819106128382,0.03413549217199985,0.0015404518453297907
0dc7aa83d132722c26c404bcc4c3beff84a4f6a9,0.8895944742949647,0.06936287948461572,0.004998317461431922,0.034173029507835254,0.0018712992511524492
0e43e7f0e72fd33f0fbf9cccf323f5075970ebb1,0.02668183684241666,0.0008993977990129753,0.9718048125680256,0.000481198610159447,0.0001327541803853142
0e9ac91411adcd07930eec2cb5aca10edbcb5baf,0.991247814545043,0.00467806539974861,0.0014396392222266287,0.0024762016281530516,0.0001582792048289674
0ebce7758de01efa31f6cb32923137d89af0eea0,0.05397168620822385,0.9220330106815716,0.01932853333477899,0.003057109282599807,0.0016096604928256774
0ecd111de63881bf6a1a5737ab588f514c96c70c,0.9848799130069406,0.00311557230814185,0.007954074533448695,0.003678289351347631,0.00037215080012138697
0eec26a488ff8052197a3b5390b418ac1c12ba6f,0.037346136650717954,0.006416513697599884,0.021596219554299564,0.9329622175520631,0.0016789125453194943
0f3cbf200b1576ec06958663630b1fe0296dc147,0.8549253671076227,0.07255705805468718,0.02694039561144082,0.04394129602922358,0.0016358831970256936
0f549457628a1f540d3d5940ac5d21ba5f258533,0.6771895821505032,0.0032881075231095793,0.31800061191027446,0.0010280442855364997,0.0004936541305765476
0f5bf82dcbb81f6291a8dc85ed6e306e15a1cbea,0.01985340844703159,0.0011572017287689567,0.9772653945157754,0.001387061987388956,0.00033693332103523353
0f5c284178765d0a6d07ce07bf4fe33f92e06202,0.8752942386808497,0.0025572372268282202,0.12090628256365339,0.0010071296561572974,0.00023511187251157816
105b495562a154cbbcadcffad1064e8118242c74,0.0010908796400975786,0.9982077748102012,0.00042149847416247265,0.00018220319640897755,9.764387912982555e-05
107dd7197b90fdfbe1a98b86dadfa8bfac9bfedf,0.04389865327884578,0.026623106230823684,0.9092616429999847,0.016345880392875933,0.0038707170974698274
10b03eaffdc3304770628c87bda11e0267eed7eb,0.0038660942760893077,0.9946511623257593,0.0009341770606898926,0.0003865628752165339,0.00016200346224463471
11066cccc8556d9216650f0e9b8a11bea7bda395,0.972213169709236,0.0039109057952633275,0.01977252048862147,0.003541140630067721,0.0005622633768116136
1146d6b4b5f38d1e47599fc43dc2416ab09a9c6b,0.9509143619317035,0.02945717529849509,0.008007086482220635,0.0098995154516731,0.001721860835907807
115f11eb5f7d4ec8c9ed994f7a613024d7495529,0.005765949191157196,0.003634750891402234,0.9897750735849753,0.0004560384085544869,0.0003681879239106451
1166f416e9abde5e66f0073ad84fab41e55d2f5f,0.014156116423085412,0.0013648357858256697,0.9840785703713147,0.0001958282062313613,0.0002046492135428034
117475559a39a6e0c91bc8146d3af16441445958,0.6948587451978985,0.06959899483993086,0.051035931348111685,0.17785154195388964,0.006654786660169249
11cfaf6f1cb4d9e912f67fc7bba2dd20617a54e5,0.47565018873650755,0.19234298022622084,0.02999303331083076,0.28933877043406,0.012675027292380809
11ebf20c51938edb9f0bb485fdcb764dec79b720,0.22775904599212754,0.014996868348178271,0.7518138677151369,0.004112250234411965,0.0013179677101452974
11f2336ac02a445727c4c70267c96c26165e5160,0.0025229693033388696,0.9959255673843457,0.001133591419582149,0.0002432267844677759,0.00017464510826534514
12bfbc98cc72f5b4325559a389d68642841bb352,0.9576054674956327,0.0050024879717783695,0.03626099292353987,0.0008912157505230243,0.00023983585852592834
12d9b3e67591a19adb213cc10fce955b95975b59,0.06376508701304874,0.9225108449694385,0.007760065604317046,0.003364538875905026,0.002599463537290569
12e3516097ebeb561a648ed3b80c84831b2373d5,0.24146970073893698,0.004406099316865355,0.7497734563189948,0.0031678258208794794,0.0011829178043233767
1317a6c2be8b08e66c44be5fb0fa0abd95dc1122,0.585521094839088,0.01744033494394173,0.3903317719432226,0.005455314951109025,0.00125148332263862
13299c54cb74ce4c8714de5e4a9bccbb9a556f96,0.006157810728842589,0.9930729471844091,0.00036172030375680606,0.00029605335428888643,0.00011146842870261599
13451413c35a1bcc624706c98bcb353fd910f62a,0.042972480736248084,0.9546117612577151,0.0013929753338259485,0.0007013962792429916,0.00032138639296788073
141df8d7c9720327fef3166a4946149d4597520a,0.1849251628600449,0.04124966794810825,0.7701981847669727,0.0024682420549279366,0.0011587423699461095
144800063ce42c96dfa9cdddd36d622159cef6fa,0.8131215937113995,0.10879342819815807,0.06220796716940002,0.013757871225751318,0.0021191396952911132
145d0710b6bb3db5a6f1bb4781468967ab8f363b,0.49788281523674455,0.03142117914664043,0.4579473510975648,0.009407813698628718,0.0033408408204215947
1490e2b0c8e2ce49cc21aedb335c55c4b8df719a,0.3033693243868435,0.00918422212904958,0.6840617804130786,0.0023343095303998535,0.0010503635406284805
14fcb47517af5bcf9fefb157fcef1ba616a7c081,0.9862860079597066,0.0005562398179266807,0.012759858442295444,0.00033572735670717277,6.216642336406485e-05
1531d5b6c12ec1d135669ae9484671aea15423d6,0.013751768614436067,0.0048303863145301084,0.9804781988601123,0.0005899365670190758,0.0003497096439024286
15881754e95674ca3089e2c229cf14ca385993e1,0.020626362877404457,0.9450344150837969,0.028680562362137875,0.004700951072950848,0.0009577086037096726
158cc5c81fe5b29eacb35b95b6e0e56d09d8e758,0.0008703337131008961,0.9982591087946558,0.00014331653964218046,0.0005946571084415184,0.0001325838441596093
159224fc313fc2d9b3ef32df8c20c53fb98725a2,0.9955589719638291,0.0003762626559918431,0.0038163920279967053,0.0002170634449140559,3.130990726822817e-05
15b073c6c1159056affcb7b1d5fd094d2fa178d5,0.003082061556088053,0.9954865226127245,0.0009696809399964944,0.00026430246273841535,0.00019743242845237754
15e01f45d706c15014d706a000efc2548eb33980,0.538629758818292,0.010430800810934076,0.4492791487041936,0.001219490407777533,0.0004408012588027651
15e5a9271c80e1c7161e468adfb58a694c737ae8,0.0032475883305974154,0.005393758463639084,0.9911629210404336,0.00010410340597069101,9.162875935926813e-05
1641eb85255f102592a85d3cba2cb9cacb8b4051,0.009053310674867589,0.9903628670021709,0.00034965940249518203,0.00016213121916389727,7.203170130251339e-05
167e0483268b98bf5fe1a5aad41cd95eac382f0f,0.16793069177249992,0.018046326990690233,0.7994069481115161,0.01244666276333679,0.0021693703619570953
16a0e237108278566224aab63145df19b683c705,0.05845554926587657,0.0025100247016322953,0.9374108334530614,0.0012944191660053843,0.00032917341342441513
16a56f26b6f696151809e0cb26b75093ec47a58d,0.006680450299013592,0.9899814247192837,0.00224416079654793,0.0008940086236740309,0.0001999555614807624
16b770f6de7ce9481b84051fc4e124b792695910,0.8500781962939569,0.0023186432269704637,0.14693889946863162,0.0005062209670066157,0.0001580400434343489
17aafba88458bfd29ddf9b7cbd159c191f7a1118,0.9965416297724404,0.0010364333942690506,0.000999388121723313,0.0013468992189371515,7.564949262999017e-05
17dd7effc40752af58e35c37c5895d4ba5d84269,0.002538925720493381,0.9935707022178487,0.0018215625264787639,0.0014268188879567973,0.0006419906472223622
18595209cee4049feb8c24a6fd25aafd9d0d755c,0.043787412066142124,0.854182892196711,0.07878144450390433,0.01536226961296886,0.007885981620273827
18a3d479d214f7c41b65ecd6abfbea8e124d5ea6,0.13051439210921637,0.8443676310593748,0.0039520165328517706,0.02038677448024179,0.0007791858183151649
18bbb303cb556aa3dd69b6705893649b194b875f,0.009946913638169866,0.0011214368089161955,0.9882297035446707,0.00047720117630588316,0.00022474483193750822
18fdf5f0583fe8b0cd324b2324e235a7cadc9143,0.002454164098267522,0.9968852624127913,0.00015529709288694102,0.0004130707994436759,9.220559661047365e-05
197baa2e7a1a9b5e091c5dda305922b912b5f000,0.0008842049370117842,0.0001641271917699619,0.9988733321015246,5.366743220872955e-05,2.466833748504728e-05
19f510e2874c0b863f7b753a1fd624e1cf7f65a7,0.9552088067424251,0.008112095837682689,0.03475931669360413,0.0013972891556941237,0.0005224915705938406
1a17c80adddd2c806c7c006c1c6664551f639945,0.9878532827059952,0.005167872125745411,0.0025621136756657256,0.004139761291837075,0.0002769702007563659
1a2945de7db7d664a6a47aa9d4ca66f32f70b007,0.7871771689206104,0.028556906550758432,0.17655041401768629,0.005038235310516917,0.0026772752004280307
1a434697e5ed37622d6e242b2661e1b5f15fa4bf,0.9159172796228385,0.02133552629451187,0.04737869912274446,0.013994475413168474,0.0013740195467366724
1a4ea72aade16ffb2a8a5482d687c49f28e5748e,0.9290646663976942,0.043816250606006434,0.01233769779310709,0.013944712392119392,0.0008366728110728259
1a8feb5bc2c7f920cc90e2d48e1aa165756d8e40,0.9821805251292034,0.004711806424571492,0.009036732630165436,0.003490753562695195,0.0005801822533643572
1ae7db637de02c1433a216bff407f1e00b7746ed,0.13850904987205143,0.0039143705761180226,0.8557381618686113,0.001278380806899734,0.0005600368763194817
1af7c0ced692824637718b5bc494b3f369c27ae9,0.02007477909125076,0.026875594313544485,0.939876546690631,0.01036332525016161,0.002809754654412066
1b1dc07761bcf39e979dfb1718967a78d0aee790,0.591169481388237,0.016771516221638815,0.3881519566566731,0.0027979459986855323,0.001109099734765712
1b50390e6648cebfec8fe3a6aef61a0b066febf9,0.9976916644005313,0.0007662883705151791,0.0009834144069999892,0.0004365861169650982,0.00012204670498867866
1b5736b3ac4f1db6c28a7818835cdf7a9574658a,0.042222902860109525,0.04371052009506424,0.8918258364311292,0.017658891837196013,0.00458184877650112
1b5e71255db35337b4ed41409ad2a02e2631eb7f,0.9572462595101514,0.001180775425213146,0.04116124774816937,0.00032660157899228303,8.51157374740475e-05
1b9efa38da384b10eaa53d56a07a9094febd5c6c,0.9789544281487147,0.00249664467309967,0.017472886077414186,0.0008838682539049413,0.0001921728468666117
1bc2142fc267f7d22be3b03f1d8b96791148b0cb,0.0013338430926481699,0.9978697206691056,0.00044537142028824015,0.0002334419455621975,0.00011762287239572118
1bc5f88ecb46e60f0f63bef176307d245171062e,0.2457927894747223,0.6950344169153054,0.04925349201454907,0.005286749210104661,0.004632552385318575
1c3ece194677524c78a9f91716667bce5fb9b7eb,0.016039076600139243,0.0026171292206845637,0.9801110371272717,0.0008906939323988511,0.00034206311950553864
1c626c21d45834c3cee43ec7ec17c73629afce5f,0.9893864585246038,0.007909229233772642,0.0015582264218128024,0.0009034275990525128,0.0002426582207582327
1c73a9479849e76c9269bf9f1542e264493cd91b,0.10514365392593654,0.000720783491365309,0.8934719814052438,0.00047202555820023657,0.0001915556192543131
1c7e51812e18ca91b75484915554483ce2a55119,0.19081789385355924,0.03702965198505147,0.7635744826191143,0.005365686017057178,0.0032122855252177404
1c9268524736398ee3e60880113cc4d92f934989,0.958644746356045,0.012597980670981404,0.022710286200431033,0.004999307520408637,0.0010476792521338894
1ca667458b92c09852f3e4a2d3be77fd0064c069,0.03214134407473222,0.9599387384242801,0.005595546286225629,0.0010443823942996775,0.0012799888204622996
1cb82db6885a902029c17c04ae7511653a1d23b9,0.008359386342080315,0.9753588574589277,0.007502564149989605,0.003874142185685221,0.0049050498633172075
1cca7897a49ff7f29aafea06ccafc2ab7f050d9e,0.0044288255344914935,0.9922211769039817,0.00123317407087746,0.0015387514945907435,0.0005780719960586298
1d21046991eae6f767d0af4f3e2df0c41d57376d,0.04217138397615677,0.0002553680489631249,0.9574249253998268,0.00010744129297830906,4.088128207499097e-05
1d3892ce2970b5f0ab94bd5d6df178022b82fb75,0.38461061938796687,0.0023583818940410882,0.610519427612936,0.0018399923301726051,0.0006715787748833282
1d3b44ab1c7acfdf3850e0f32c81ac0733875299,0.0010265834632204685,0.9984849176988402,0.0002985548846451181,0.00011254162233500878,7.740233095937854e-05
1d7c293d74195e673ba22ac413866beec98ca7ba,0.021613269094390885,0.9598036509153076,0.010588807594206308,0.005947258157555425,0.002047014238539729
1db409415257ad5afb7d1a4301b5bdd7e4b23a4f,0.004970070450009327,0.9929071294905815,0.0006595672993573456,0.0011782870863079559,0.0002849456737439707
1deae0ba27a1dff11ac59bca2da59863dcc89401,0.004943150720001229,0.9896749738510198,0.0016054915708123285,0.0031015319003563297,0.0006748519578102321
1e5f02f3348efc9deda3149c6dcb24262b68e0bc,0.05082050898468055,0.9443159713422835,0.0037167557868508583,0.0007956457578613241,0.0003511181283238336
1e6b54269bbced15cb129fd99873927aab30fd92,0.20613336461670023,0.012479611311934355,0.7748776418395239,0.0041728138357124194,0.002336568396129001
1f306e0c91d64cf18674974f3520900b53ae60d0,0.004518229663162021,0.9949284113802201,0.0002637814639610883,0.00017500225646928873,0.0001145752361875476
1f8ae4a40785fe5619988e033a6bdd897823827d,0.4727326734200808,0.0030581788537532273,0.5196680731046559,0.003740027892986399,0.0008010467285236683
1f91a15048e3ee430b307e0d25298ccb4d778c78,0.013848043846437756,0.9793180856339561,0.0061605889597929,0.0004160198834419,0.0002572616763714881
1f93a643487d5fc6008d958f25d7ee0ff54a7d11,0.9253387230763763,0.001122382824503511,0.07284683312461554,0.0005004382455933051,0.00019162272891130947
1fa318e91639e14ded7d95319fe5e497b89c1c6b,0.8909993131645111,0.03048628989514157,0.07362591652580905,0.003955871713342233,0.0009326087011960753
1fec12dabcfdbf1509bf3c4a94af4f3be401a957,0.981238882529087,0.010272235728707705,0.006624062262202362,0.001678366345158471,0.000186453134844225
20514b3a900e6865ddbee4dc7f3ac9a494c3982e,0.9901017795292324,0.002794574561923905,0.00655895058140178,0.0004101349633072116,0.0001345603641346892
20db7329999438154327e166b1e270010149814a,0.26669652763325785,0.6408517475445998,0.07835006336565592,0.004231347729327351,0.009870313727159019
2186342b9a2ac3d8370cd188deeb4460adc17368,0.004607742591715567,0.9929057641135667,0.0016335193275171815,0.0004970829546746998,0.0003558910125259346
219c4fdda89354527ee17ad814be82a051c69f85,0.0832584494729223,0.005171491360267151,0.9093225020460359,0.0014435591332342453,0.000803997987540369
21d98fb6b5204400522e33450b68f43377298c45,0.17357565398377156,0.014780297353118003,0.8016601744253876,0.007556706314294528,0.0024271679234282493
22133cda28691ae1c52d81796c20644a27ad65b5,0.8897751255343334,0.0017888713536282218,0.10689212892965724,0.0011216134171800314,0.00042226076520129695
2232f3e8f9147b183adc5e5922031ada4617fe49,0.9737385632802886,0.02034789833578367,0.0036328272905656253,0.0017955744559154173,0.00048513663744680167
22650528be024b0ae698b5211306bc3732636d13,0.7467665796615347,0.023660573981471388,0.2193252144865899,0.008656917995491707,0.0015907138749121977
2271fe2c21330c061b949ee2ef4e519280852b13,0.3823549395076671,0.04285351535784819,0.5628329943799403,0.009168128655770132,0.0027904220987743514
228a29757133e396c6f0962ee01ecd920542a044,0.9140662795923804,0.026870124810976493,0.017601807719378054,0.03905423850533151,0.0024075493719337383
229d4fe6fec882e0612a7ceeda6ac8204de18c82,0.9747538826950364,0.001232706772633037,0.02328377165853964,0.0005995350298394067,0.0001301038439512982
22a7967c345454212d50c6f8b35414ca1947cfed,0.9555570907377179,0.011909950368335236,0.02827120897153745,0.0037630119519732877,0.0004987379704362797
22aa78381e31b43c9ae7f2a931d04e5fe3a9e2e1,0.004346704604668311,0.9935287016473872,0.0015513038182603867,0.00043280516124347975,0.00014048476844049244
22c65d35241b8783cbb04b57e5d8bbf67b18466d,0.0077254881954895,0.9904597902993779,0.0003884912899422668,0.001036493867278175,0.0003897363479122569
22d51c0b65218f37924043f86cad2836c06750f4,0.9810908851446073,0.005982784539320249,0.00982993894969847,0.0027499880301232326,0.00034640333625070513
22d605a5ecf7c468fa8ca8482cb4295a0c6622f0,0.985586989751014,0.003093523377785341,0.008885215136006696,0.0019451294562730544,0.0004891422789208333
22da997d2d5a443d57cc82b9c0b996d4444012aa,0.0024375366351091403,0.9962818457250575,0.000950902562342252,0.00018351357460942303,0.00014620150288186616
2331aed1ec908a42e14752a12d2ff6db43352185,0.29635134515202527,0.008350402867235396,0.6910217605300519,0.00326229484606051,0.0010141966046269312
23432f8e81eae4e9d012a18339e19ab9076f72b2,0.8884776885942465,0.0025190668470857617,0.10729714643482358,0.0012193653912499227,0.00048673273259426024
234503eb2811a7bd940e16cb63e858165b824b02,0.028002871151085577,0.9652634078255707,0.005416115996922468,0.0010007085267823511,0.0003168964996390253
2389fbac7e9352ec0de7cc8775f2efc4b4cf6b5a,0.002156663619805974,0.997183948070994,0.0004245633789087831,0.00013588519343098388,9.893973686016668e-05
2396eedfb4b784c10e02b5ff30b30a67b2b43c8b,0.38395935838693357,0.002026275432572563,0.6129579088027427,0.000651548661772612,0.0004049087159784079
241de8bd14a3c5059ba72e47c9c7d81256740add,0.11052641791539969,0.000495238503986924,0.8886126497658937,0.0002853149564309444,8.0378858288754e-05
24951db6a078339cfc92582044799ca6e960669f,0.003409879988776177,0.9944496828932761,0.0013417756975291006,0.0005702625798496228,0.00022839884056908302
251bd51aa700823c7d36d58b331cdc110a1701f6,0.2846367164349385,0.047880744775856035,0.6563566462615502,0.00610041552394259,0.005025477003712715
25222836d355cefbeb28dce0331b511c5504d970,0.9895569989616244,0.00031568038750221124,0.009735988653677,0.00034844314486706153,4.288885232943177e-05
25310ef53a4af995ebd5cd6ebf505eb496bd1f82,0.974844258040811,0.004673272123391834,0.017171916923333704,0.002767910751347253,0.0005426421611160884
258ac68db6c7767d8e8ba2c49921e2c329aa0f88,0.007327419434848153,0.9922024253513009,0.0002589435375603082,0.00014948217114481822,6.17295051459782e-05
25c7ddcde232773eeb3487aa8e6cf929750416b8,0.9965588489152056,0.0011377342004721721,0.0010948693525282998,0.001097885424066081,0.00011066210772778033
260a4acadfa1c8e2a5b405b858b556fb841b39c2,0.9740614493323253,0.006041560464081726,0.01771842276936003,0.0015567506006376377,0.0006218168335952461
26498a5987dbab32e9e3841a04434d9d6216f7e1,0.0011881649109309873,0.002265692712155913,0.9960581276127777,0.0002726238604485679,0.00021539090368703076
264fa2dc9c98b37c6db6f1f7c8b7f54fce27c993,0.9932080172520099,0.0030434098548918214,0.0029781744662365317,0.0006662315472718299,0.00010416687959010147
267db0653386b9e84e4130fd216b57a77289b54d,0.0029088401750788856,0.9925469364075706,0.0027503379425324057,0.001292401911084407,0.0005014835637336607
2682e0c1a27de26e0649f196994225173d6323ba,0.9399273523459007,0.034290093932499065,0.016817372513611803,0.008109814679325669,0.0008553665286627241
2683a7feb3b17d27344244cb210cd148d35223f0,0.025419045558810655,0.9613204193691252,0.011898578766039282,0.0009646473752291104,0.00039730893079589015
268b71f045246efde4ea467a4ccfcea2c2804b51,0.007042613631390291,0.002781873877112389,0.9872968882619044,0.0023067479893228234,0.0005718762402702471
2691ac6f3a6e113168f145237d836b60df881924,0.4266593357988942,0.04141991198394581,0.5228147237767579,0.007650408633186412,0.0014556198072156873
26b702a06ae1e864430330d015aaaa35f21d4eeb,0.9954653274633138,0.0026562052260043706,0.0010620096627649977,0.0007566771924117595,5.978045550509917e-05
26bf62e344aaec65d875ad14fd562aa40b49408f,0.07572543265464733,0.013843497150121455,0.9075543011896994,0.0022657812265304313,0.0006109877790013069
271825ae352bcae7618044ca2b5719b6f67c6e07,0.008556948451414827,0.9905863443583658,0.0005155887629492464,0.00021169381790703948,0.0001294246093628886
27234421a1cc225bbf6d4795f3488dfdf1d2a1c4,0.49355923806413643,0.008042224858814857,0.4901690526266726,0.006630870253231308,0.0015986141971449748
27559809240c440f0b528fbc1af7e5cbe1b8fea0,0.007231115146627904,0.9822235496963589,0.002079832447805045,0.0072563700778141595,0.001209132631394097
2799426ff8c1dda3701fbc7dcbb624bdb230cae3,0.03994860837302516,0.925881307098471,0.017055513105919885,0.011056141892260533,0.006058429530323339
27ec30c7c2416334df93fd818a58e3d9554913b5,0.028619878858279126,0.0015031438987167958,0.9682035986091874,0.0010778657481457447,0.0005955128856708993
27fab48d0e16964ff46d6c5b904ebdf9e81e8747,0.9919640767214398,0.0031591519262688084,0.004367734841735446,0.0003404963854676075,0.0001685401250883049
2851c1456c5a6737c8594631348781c2ebfa30cb,0.4566131257045632,0.016828558567973405,0.5242278551983722,0.0016630121780180482,0.0006674483510731747
28667773b1bcb3baf526df79f8f3296c0d4c9674,0.0007473232961033336,0.9970616301273062,0.001165063566485068,0.0006195144010815352,0.000406468609023738
28a78ac3fea8a67371457536a90b0e9567273865,0.8249507094273835,0.020209426374821156,0.11331726697172707,0.039050778341099615,0.0024718188849684403
28dc3ee972f8779bb4b14107db268c8409f50219,0.02211969567331393,0.9733295854988487,0.002706303979879053,0.0011886295337602683,0.0006557853141980306
28e36096ebda6cb2169943384d6c1fa8180fd9c0,0.977123151804392,0.010460800389140091,0.007358434950338765,0.004704801050051984,0.00035281180607693845
290c85dac0aae4c60fc1f957f7b17b380e049c23,0.1092905339558574,0.8724891814164671,0.016478239835697482,0.0011788077183339345,0.0005632370736441052
2949d2d118a3240ba3c654d7c7e93169307176b3,0.0009828004697958422,0.9985964574153424,0.00012266641563669063,0.0002396108145474644,5.846488467756656e-05
2957893c8d9481ae20b144a940ea8a293d90d18d,0.0047265139898495945,0.9929166896868189,0.0007293859077153809,0.0010960512583502583,0.0005313591572658113
29a252032b84ce882412cf07189c50cb15514eeb,0.9267365203665643,0.006127757894323942,0.06452103782498295,0.0020445253725540906,0.0005701585415746987
29b49407d4bf17d71f7bd1d4f4e47c4a899a28ed,0.8932266736635956,0.0001775408365425297,0.1064686027793796,8.568933740228845e-05,4.149338307994055e-05
29c81c827ac7170ca7898afd9b27347ff592bdfc,0.9595002785985668,0.03128213666104893,0.0038181031860456066,0.004028486255742897,0.0013709952985955795
29e5ea1ed4816d8687114bbb13162d9a074e7eb8,0.01628189349290162,0.9801730148327543,0.0021353095641258265,0.0010309172913408272,0.0003788648188773768
29f93cb4ecd517363279aecef84e97875d5545a6,0.9717111374323485,0.013718824094632959,0.005085394610181083,0.008309344399899058,0.001175299462938435
2a84a5008e52e2a6656bb548d835335011aaaf74,0.01201974625673223,0.9872672327869538,0.00035818384150201015,0.0002069491621929055,0.00014788795261914974
2a9af38c7e7210b6ba6c72cf5864052629eb3b6f,0.3004513313132346,0.004985490947939324,0.6891514844010598,0.003753440461892639,0.001658252875873791
2ab0ef31dad96da6e0da678339f3f4f045ac1076,0.9717362015292668,0.0022445297968800085,0.02443245975726868,0.0014213544462427182,0.00016545447034198012
2ac85346f12429c41daf50490f042007dcd08c83,0.12883816032475545,0.822913380047395,0.0346826723189351,0.011645720231341057,0.0019200670775735614
2ad94bd023bc1acacfed6a3352a100906678b109,0.979722471392817,0.005553797362725775,0.013850399568965104,0.0006847661862301648,0.00018856548926210074
2b48e2cac369ea2abb17921a610162bd33f74d68,0.941807257207065,0.029359248373882815,0.007910336304866981,0.019369528850239886,0.0015536292639453798
2b95c79271040f8a030d774286ad44053ee16b9d,0.6224548905635888,0.010322546406532705,0.3581704957985753,0.007608915271695419,0.0014431519596077211
2bba32730836833faaeb1a263ed29ab4df5735a5,0.9336500094476083,0.01859997266059095,0.040917710203015496,0.005872940546762545,0.0009593671420225937
2bd8ed9333cd7b9864725f1742a689df365ad51c,0.2501178677024576,0.001001739005857472,0.7463882899186841,0.0018926505425698585,0.000599452830431004
2be0d207f3a86e11d08edc1188508e1af1d63fb0,0.012044262187693486,0.9604400192798964,0.017689321897591963,0.00674578844083817,0.003080608193979735
2c498e330e035ae446ecde1a08bbf4f9598ea178,0.11195487266785462,0.004202881941660871,0.8801840713316981,0.0029280091845781814,0.0007301648742083772
2c6451ee38d8ba82c2d43d23ada828a269ca4116,0.024580948056416977,0.9698599413776825,0.0025269935069607515,0.0022670167476745995,0.0007651003112650881
2c966c3f4143d9c68580bf1c3d404a59137ae609,0.025492278822531352,0.9439127692548757,0.014558594795990889,0.013061897875626009,0.0029744592509759324
2cada7f16de01df9295a1b644efe5c619ac8a2b2,0.2561440023552776,0.027539102732657316,0.705696570561653,0.007776118539927141,0.002844205810484918
2cae18f86c326b0eb16f03b0aa9c75818a977448,0.1505689976335533,0.015391150155181313,0.8285169257001331,0.004604597462518902,0.0009183290486133273
2cc876deb0920ade25c16884bb57a0aa8359c43a,0.00938976633146243,0.9884306898666493,0.0011925161936566491,0.0007343837278150962,0.00025264388041670486
2d2fe22b39e39e7bb306d5e84dc9f9c4d470114e,0.013434997743352689,0.9802913515035883,0.004461231324123579,0.0009449741593825836,0.0008674452695529411
2d9c99c1154e7e7bce3b3f191f4d828672ea27a6,0.07085008307722154,0.0016893415984610546,0.9258304674939785,0.0012905723052750262,0.0003395355250639339
2dff481ee72ac1bcde6262b26c372a9e8b7c7497,0.9432559966904102,0.0030796550874759077,0.052095061773759076,0.0011064038640121107,0.0004628825843427699
2e543d501ac8b6dd450fef9425cae55ff7b50a73,0.40433401954261017,0.0074635459450270005,0.5859995417143511,0.0013820931829483416,0.0008207996150632854
2ea80316710f886c245ae2e2d45915567e548c7c,0.6541334860812236,0.002126694265081225,0.3417237635202045,0.0014737518933762672,0.0005423042401143498
2ebfaa78df27a0a64d26bf6772757307c9ff975a,0.035112871929291224,0.002591086994138176,0.9597299764429461,0.001451824357105163,0.0011142402765191093
2ed11ec456a062d53dba7f7a9d57534d12acdb95,0.9332000322947597,0.010299872098436205,0.019182329840565716,0.036060576307192053,0.0012571894590464104
2ef825bd7e0591e0e7cb78dae66ce5a2b6c40f5d,0.057709203536706985,0.04588458720585662,0.8876874630129858,0.005722766010440803,0.0029959802340098897
2f011c8fb460b9dd5e28275c0362745a010f4ca8,0.9881766709729727,0.00380860049931479,0.0062992362494295705,0.0015517284691670928,0.000163763809115775
2f508eb79e87d75611f3ddba309163ce9d0835c8,0.00471230146222145,0.9893201167182577,0.004334808837805207,0.0012009372692107047,0.0004318357125047422
2f79ff4c3493a02edea1636bcfcf555b1bf7d64f,0.8906365385015693,0.013136919451259724,0.08842912300083818,0.006127500416442273,0.0016699186298904638
2f85f84d5136cdf6e1ede869b0015b7bfea6b800,0.025232351563288236,0.971406641569925,0.0022705823076533765,0.0006500100457536741,0.00044041451337980137
2fb671633b2e8316879cf56b830a57c8b33983fe,0.9945484864985787,0.0033969979603345295,0.00041082456823828386,0.0015308094234171708,0.00011288154943130452
2fbe2ccec11883bffc4a999febefd5f09b871424,0.0030983240570526837,0.9957733804694667,0.0008304934579134216,0.00019067845692495906,0.00010712355864238349
302994572385583073738f971152dc77783b528d,0.9450523119778914,0.03910681765005048,0.01139175229016744,0.0034211728538858124,0.0010279452280046737
30bdb11d5166101e7dbb5634d71c2575b6e5f54e,0.9828719364167193,0.0014450960756439803,0.009402142588670389,0.005283207997554156,0.0009976169214121024
313225e9af2ad60d37829216caf4bce04f23ea92,0.014446273516370602,0.9790409095036621,0.005499697751353927,0.0006539906508788604,0.00035912857773444563
31964043423a074f2a221988df0c76b5e6b8f5b2,0.001458157939723736,0.9983992192481514,7.22884896703698e-05,5.058721151481443e-05,1.974711093946887e-05
31c938d5ecab1bf0f1c4e8082776f0361a50f27d,0.010150204878177183,0.0026415262235465684,0.986154582626973,0.0007471264546214099,0.00030655981668204326
31f73e02023dfa2d1e29e8ff41fd9b18c79878c7,0.01915740228711251,0.9704228519682327,0.00925615274209207,0.000829653625407422,0.0003339393771550354
326da275051ca238a24ffeaf166b24c00be6216f,0.857215347705922,0.0017622702343742433,0.13834143394539278,0.0014663269915111445,0.0012146211227997044
32f27dc369df8e68abab72fede10e6a6ed9ffbfc,0.852390228268792,0.0027191575853307615,0.14205788329563018,0.0022665227403513505,0.0005662081098957259
33892ecb8c7c790fcbc2105f390c491c08963ea2,0.9806761397119481,0.007192834263712058,0.008895876507522361,0.002649269372156843,0.000585880144660621
33a7bd491294f9bd4db119b53c5ad00ed70bc6c2,0.5664184381476666,0.09667903365975358,0.31625879784815064,0.015550417704894449,0.005093312639534729
33b2fcf2f8546fae425948d41785c784da14d6f9,0.719502315004437,0.006901991108103271,0.2678709106889632,0.004615659199003619,0.001109123999492872
33c00e4613dc29cfd313ec0b072111e354130d9a,0.0438037168064451,0.0028889307403070267,0.9512999788585359,0.0011660356999442032,0.000841337894767813
33c58ca9d55b9898c0c1d86a2321bf4da5e1f0c3,0.8792062293382983,0.0013951655270228647,0.11643835122632602,0.0026052711618815656,0.00035498274647119925
33c989d20b0b8cda8a03f2f35a54c9f20d4358ed,0.3757771281694688,0.002181361991199621,0.6213587617645505,0.0003391428289278129,0.0003436052458532725
33e428a439707970edb08701626948e828fdcdd5,0.1066698230985588,0.004161822486495012,0.887314679290087,0.0014818367710149694,0.0003718383538441463
342f45fb99ca21761635a2554f6874290379264f,0.29100029291283697,0.5370651409891428,0.12716916206213225,0.034281964830513004,0.010483439205374985
34c01b50cfbf61b078e8b418bbdca0a04a3748df,0.955654785517861,0.016011464830460495,0.022898206853432038,0.00422489765202066,0.0012106451462259814
34c47b3aa1a1f73b6c8b2ef6ea2c5b9dc18feca9,0.9985230502623971,0.0007392506146079577,0.00029685524678970044,0.0004033493955773778,3.749448062810992e-05
3503923351a4e5b9f1526ebe2bb91828008c7ba0,0.005596504562383807,0.9933312791997867,0.0003797850433817896,0.0004475481532570154,0.00024488304119079155
3515161f7bd3c88c82fc4880721c119c8b65b6a2,0.09646427661784135,0.8836700273175713,0.0043834543425558216,0.01412213104996736,0.0013601106720641687
352512f17d97d8c2ec89b553c49d9b66b73cfd29,0.16125237820247407,0.011362694922718094,0.8147600916870532,0.011549114446843898,0.0010757207409108896
353f1104abb19365f64a32a062aee01bb7b736ef,0.3272110064982614,0.015177799336272118,0.6543849968955395,0.0023129026649196436,0.0009132946050072763
35cc4d648238374926f5b1c5dba18f64a62aa3f7,0.0056347455726557015,0.9859463059469853,0.002063402556431329,0.004146248024517892,0.002209297899409724
35dcca283f314298e197346f79866e31c4c9a806,0.0070877197350418175,0.991094981631556,0.0011957933184154022,0.0004736408492354185,0.0001478644657512908
35df43cc777af342d62d49720a39d7cc544672db,0.9371675761066492,0.014291324325975819,0.04620103775883941,0.0018960275246160726,0.00044403428391929026
35f111d0e97cc60de6b2295b0dbb3bd3c185cce6,0.0051215433801180535,0.991420802493017,0.0020830464770670806,0.0010903710710702744,0.0002842365787278149
360dacf49e0f34b5d7ca48bbab59ed497f667a1f,0.061447174444472535,0.9042778073309733,0.029414242925013892,0.003425316892650633,0.0014354584068893973
3616b750238fde10f0af92b39f8642ed04f4292d,0.008959371269980757,0.000991367606860818,0.9892193677571202,0.0006225046550082725,0.0002073887110301366
361806eaeeb8e109ee70a5a7682afb4c62db6a6b,0.03147219426237281,0.9644016563157071,0.0019929896315028194,0.001459262047728347,0.0006738977426888122
3667780549f63698b6bcda210f734afe6f00b6f5,0.29672030714748837,0.02828521584508476,0.6688614473399569,0.004791774652343582,0.0013412550151263856
368581ce89aa3d42dd5da5b819eaed2a7518d5f8,0.7759345363006781,0.014681380024687125,0.20219056925797568,0.004111424219268559,0.003082090197390492
368e350eda45f3d79eee691af6eec3b5ac67734d,0.9262936334574924,0.0012142211120850233,0.07142058350184086,0.0009157707637607027,0.00015579116482100479
36a25b2cd071cd97e370fe277ecc4ac8143298ec,0.011886986958610497,0.9654687008313257,0.020303805876547003,0.0019264350257784059,0.0004140713077385413
372a5ed3b413fac23455e6f6c7b06707653d3d73,0.9005273004071744,0.002938393340143694,0.08865663920250999,0.006370481240491835,0.001507185809680034
376e988ff1fcf958808647649e2cdf3d01ea4602,0.03610082473077259,0.0018944949505830082,0.9603447499391415,0.0013145883770871061,0.00034534200241579554
379e9ff20a7faf7614ccfbcc1157a2ba9c1649df,0.003260021456566563,0.00020084710457694653,0.996152652400802,0.0002749943178342953,0.0001114847202201159
3885298536c50c15602b994f492a3160010dee2f,0.0029684150303654097,0.9961656958167949,0.0002862320769088569,0.00043590339443161326,0.00014375368149917317
38dc25352f81252d7e3e6510f383867dfac5c1c2,0.9047816468226134,0.0029393511498309885,0.09165864999840471,0.000429904407244364,0.0001904476219066171
396d208d43ce393a6dccab5756f7277841766af2,0.03254687661206217,0.0009099265256937117,0.965824653061696,0.0005064794016048124,0.0002120643989432886
3970b66161631251dbe027dd83cece64dd0de64f,0.943715088088799,0.03167777343943093,0.012923302081324918,0.01067271082788237,0.0010111255625627263
398a4144007d77ecf3ec1c1deebee3b6f4cea7e1,0.9970073195715412,0.0009171913999728995,0.0007919651944438393,0.0011906724349767224,9.285139906544694e-05
399d32183389be62b9e3e781c566f30a35c0aef7,0.01823860709628673,0.9789100730801868,0.001158892680781608,0.0011851758600573284,0.0005072512826875468
3a1253a00f5dd488cf15f8679bab5ef457a3a969,0.2149599390738004,0.0049809557478376065,0.77695230694432,0.0017727233829920896,0.0013340748510499245
3a3f9fbb047cfee35b1f0fd80ccef2c4f6fd1867,0.005167157547217478,0.9903939889151565,0.002956259640992056,0.0012792955375406333,0.0002032983590932806
3a4658180642cbe2761195b9b7780b1fc18b0766,0.008340878814946934,0.9816179619909275,0.0033681636290305256,0.004318507444456314,0.002354488120638576
3a5d3d3191b1a854703715c46186fb9122eef2d2,0.0586281269110573,0.0023403397560294824,0.9386356690699331,0.00024176297709000902,0.00015410128589012697
3a6f248cd6c1eac31bf2c6ca7d6686f08a259b94,0.9878269378353024,0.005823355646433116,0.004170815111870313,0.001982590057882098,0.0001963013485120593
3adef46c0ad4a98d53de3f6bcff7507e9adaa103,0.008358922439126126,0.9901868205523352,0.0008070409394413896,0.0005150581287120986,0.00013215794038548665
3b0a48a292ee2314e553b3ae0e9fcfe5acd82924,0.4842640715925199,0.02034036774600824,0.4895151725068838,0.00424466597087867,0.001635722183709457
3b2fba8eab2d0c87c14342ab93f9593833a58ccd,0.06263882724562449,0.032423371596341954,0.8986575882747265,0.004491442795450082,0.0017887700878568098
3b4fe73c7a6f4cd4809eadcc3a8ddd5c26a7b329,0.0024282601139435497,0.995039650255743,0.0016957167399329755,0.0005501981650681668,0.000286174725312226
3b66c5b3641287eb6bcfdfaf1432db339d636699,0.019153727257795208,0.9779183167321572,0.0011606482113836636,0.0012377274777626089,0.0005295803209011865
3b99fb4e5cdd412fd4a195cc34cbdb68f95023d3,0.00396597311918693,0.9951903841589459,0.00031391268418386165,0.00035509155136836094,0.00017463848631494328
3baaafacbb8a56cdbf2f0606aae30356237e7a36,0.03129545336561921,0.036766599942901886,0.9246060422023916,0.0059905107355766075,0.0013413937535107592
3bb07573a736eb7a159fc4266b7cfab3e2caa588,0.9919455947030555,0.0032019667668066196,0.004324358438322687,0.00039844897361459555,0.00012963111820031643
3bed99a322bab956e678483c2ed0338635bae020,0.2295901418361995,0.002773946012627061,0.7650672179775199,0.002255035017415847,0.0003136591562375886
3c194dad83f96a132dc193cb478b44cb3461480d,0.8264910860305626,0.15397964249725923,0.013134513388624402,0.0048080856676761315,0.001586672415877495
3c2d132307838479da9a7ea2aeaf7b49bb1f0e98,0.8358857182691709,0.15832088688236579,0.0033548965383927904,0.001953543430037951,0.0004849548800324673
3c2fbf3e89cf8927e65c8c95dc1f965f97088d1c,0.007205637261322375,0.9902512604009863,0.001222638482052909,0.000815469926894817,0.0005049939287435305
3c49e11299417669bb889f53ee69a9eac81f3c00,0.003439804329980124,0.9917123248219236,0.002698902043131977,0.001566385013507834,0.0005825837914566004
3c63bba60c34b790de86d559d5c64bf24983e7d8,0.011353505079046396,0.9873069068091803,0.000581661542780725,0.0006370554117153109,0.00012087115727716239
3c9fe40cd16d06c217583aa70ff91ff98449a19b,0.0360895707364512,0.0017113592490596511,0.960892935188368,0.0009626675664797228,0.00034346725964150466
3d1d32fa2c804524e6be92202fcb61c9c6f6e6bb,0.049639230205501914,0.0049786518760147665,0.9435253337087658,0.0012599752687892465,0.0005968089409284433
3d27f4b78d09d18c7fdab658245b1acfcdbb1ce2,0.1625448808116813,0.7438284712402694,0.09064757420555924,0.0017707359911826176,0.0012083377513074807
3d7646aa97f7a6fd4d5d7962fe039ea0267ce82e,0.5198194403373169,0.1791360846219341,0.004682656939098662,0.28913656266934984,0.007225255432300416
3d7b8c6d5faa987683984b2e13370fac13d99bce,0.022507868487700068,0.9767880574368092,0.0003421793749160762,0.00023364991020961119,0.00012824479036504168
3d7eb9ce8727645ee4ec20bef250e766d937bc33,0.006219429970985799,0.988055343059902,0.0017083130131430035,0.0024049668428228555,0.001611947113146353
3d968ff12649d5fadfc7bb51a998e81141b6af67,0.003084110172423798,0.9938863776725764,0.0016084125550726645,0.0009012255686699454,0.0005198740312570703
3dca37fb5b222754452768c19679c0a1e6350aa8,0.9781799124245679,0.006852834857801429,0.013174760370163227,0.0013840544090780236,0.00040843793838948487
3e2708a682dc263246f9339ad8336ecb8ebab0a1,0.0029734624755329807,0.9952413516819589,0.0007465088895843892,0.0008329787220305187,0.00020569823089315486
3e4a810a0d73e508de6c53ecdfcc3db19b6defc7,0.007756682383420892,0.003990026806191038,0.9858667659046022,0.0017990538893983819,0.0005874710163875842
3e75e226e7455e797ba49e7a71bdfda5584c345d,0.9859337724999583,0.002993816532142329,0.009086596353692668,0.00182305984455776,0.00016275476964918052
3edc14fd83dd2a5a168cb887b108488e39d07676,0.8646370898888754,0.022196088947380153,0.10627856450210557,0.005296403335496979,0.0015918533261418996
3efab5e77da8308ee9d10d8377599e04f4541b65,0.9915476583975449,0.002391671792693547,0.004217702731319868,0.0015741622272067446,0.00026880485123496255
3f21caf8ed997cfa7908f309bbc09978d7fa138f,0.05301561214797741,0.13142064075828075,0.7948036044327209,0.015803388427869127,0.004956754233151843
3f991b7a289f5c96810a62e767d9e8e4a8506c89,0.9620073080105036,0.028205431271055886,0.005092624657046173,0.003572637097268692,0.0011219989641255573
3fb4a05a1d41f82013c9b5bb2162253d7ddb8041,0.8689712908825743,0.00988640543958114,0.11305586871904236,0.006661648525361001,0.0014247864334412709
3fd93c73799d370d5fdd697bf21bb51a46ffc60f,0.9191266523772241,0.045420821094438124,0.023702966632496627,0.009962565015851424,0.0017869948799896966
3ff07631c53fb574981f8a8566ad1df74e9b38fe,0.8331972485402072,0.002323632674525711,0.16129494735675537,0.0028141406161040104,0.0003700308124079432
406e2d7535778e94393ce2e5d838c09362780035,0.006297762591595327,0.993100378655906,0.00034831658855224615,0.00017282955402255054,8.071260992383532e-05
40aa2348315c7f16368b4f6a53455fe9be5af037,0.2612997210850256,0.6414878634756699,0.04021485405360978,0.046856792091492315,0.010140769294202332
40e0e34c64479a19963ba2b3a4ca66ad2fce2a0d,0.017733296951445137,0.0019951824806903953,0.9793245593665695,0.0006456920843061078,0.0003012691169888053
4139d0cd9dd188d32c4bd09f1f615c9f8f074a78,0.20357319528935625,0.00942228203622149,0.7832128468012804,0.003141181806580523,0.0006504940665612813
419f3484c1d4d86a847a90dd8b750219233fc02e,0.882236194548521,0.049155966977069684,0.007906149881393112,0.05387706404073378,0.006824624552282345
420d57cb8b69cb097e553a18b2ae5496b90fe177,0.9910294136639672,0.0008651399450532578,0.007389501458123927,0.0005694372892775233,0.00014650764357822463
425fa2c3e26db62deeade6a465c14fe6ba7a5769,0.002110610945719547,0.9968621934968155,0.00030480094737514327,0.0006390310219707918,8.336358811911535e-05
4266cd82b4012f07076553cbc7637904c4434738,0.0013387264007453036,0.997555818480585,0.0006451037871113984,0.000329509795814433,0.00013084153574374516
42748c8819059ab2e3e4a11e49b4904d18f6dde7,0.20953103831829395,0.0036326794163961504,0.7854879570477308,0.000648150039390473,0.000700175178188689
429b3c1cc70b8987fbb65cc64ddbb2ac4af2e413,0.9576697589659614,0.013355678282898496,0.0025804363440824225,0.02513016222066935,0.0012639641863884824
42c2f1c46d8cc0e1e53d3ee5a982b6b6b134cb11,0.08198723473807232,0.05044897657340559,0.861281717845807,0.004126133291144509,0.002155937551570434
42c69bfd2bdcd6f298cfd1d2c80a28ac3b11bb2d,0.004390826047222914,0.994451351491911,0.0006405265863944742,0.00026929649921306464,0.0002479993752586723
42d72fdf8b86e46185455a13c498c706f024f0d0,0.9930851541695498,0.00027554405205332217,0.005515986154290301,0.0010630429800492236,6.02726440572742e-05
42da4b38de50486157849b2a650b7450582f1538,0.002185658142357706,0.0008984994515342589,0.9967447326112433,7.902164224404254e-05,9.208815262069397e-05
431fe08349f4b79dfda06907dede71aa34837c5c,0.4097138060615935,0.4670026029237122,0.1005557855557313,0.013275554143610655,0.00945225131535228
439d7e5cc85ec84ff8c5b289de3cc9418bb25654,0.9039053644238142,0.004518501055020919,0.0897499440407141,0.0014316954147566149,0.00039449506569407526
43a4f680a89759370ccdb4593b8adee125300d3a,0.003216437459778781,0.9951598102561381,0.0006947410668295711,0.0005864640322185393,0.00034254718503496403
43f86b4839c0ec3eb2d84e81a856e227a90dcb74,0.036933211027335766,0.8324881942443311,0.09744676389560979,0.023345312603467568,0.00978651822925586
43ffd5ed227791dd5c9851f7d905e9f82d8143b6,0.4255789800989142,0.0077636320037745435,0.5641476594601222,0.0017252437054283635,0.0007844847317605563
44223f4d8c80798db4c67a3886f9998440e8bd36,0.060149201334777753,0.0025412165764717525,0.935560369529274,0.0012984139032013783,0.0004507986562752112
44a93f93ec30d799bea904fe8a6c590449bfbbc1,0.0030110799275093513,0.0008262448276624933,0.9958660207603458,0.00019613574328263705,0.00010051874119971941
44ac3f9e2b4857633860cbfb643520d2531fb490,0.007295254612789124,0.9844837498341305,0.0046835512241999114,0.002052452957060942,0.0014849913718193862
44f5d1ed2fc82b23b06512ed53b1b98d9b274abc,0.4492400496567742,0.0048646721500209475,0.5435487022977806,0.0018296639204590064,0.0005169119749651117
44f5e18fed1a59fde38b7115f238e5fc874979d1,0.020113249488622673,0.9769680210722871,0.0019373297276068977,0.0006983214640359483,0.0002830782474470856
452786c6035f1b0993d6df134bc1c59f80bafac7,0.08359231541376345,0.0027707378962640843,0.9121784205235273,0.0009121866581192955,0.0005463395083259321
454d211c41b771239334065bdf189c9f96c24f7a,0.002968744709277594,0.9930294097617723,0.0010608211143744225,0.002450340560644635,0.0004906838539311379
45bb6098cebfcadc5640c6624b3fcb9631ac2b68,0.0025776744103078266,0.9965762662085178,0.0005373411347459234,0.00020373296872048556,0.00010498527770799394
45d0b1a2040340f9781bdaee64f3fc6c7901bcc1,0.002330847622377544,0.9975316033632133,4.700856483764469e-05,5.885057580212941e-05,3.1689873769336894e-05
46d17d2861e55a2d3a7dc177936d3ab6cd60812e,0.9599195206961152,0.02220483913142549,0.008744507486979938,0.007754953171987316,0.0013761795134919882
46f7d99c5024a91169d68f7a9001524b7aabc64a,0.034810565723836936,0.11599352958211429,0.8222439058147384,0.021386829312947653,0.005565169566362762
4718fa12fbae9140868d4fdbdba755d1b9b1196b,0.4496077653799327,0.009134392419824682,0.5389350459716471,0.0015816881886722427,0.0007411080399232368
475bc2d8c167d10a9866a5220a35adf48ac6a4e4,0.0041733850396547985,0.9940524096374498,0.0012470995795406798,0.00033885949958478473,0.00018824624377005767
47732d84ebc10d114f7343b35b8c819ced7ecc7e,0.8439436641337689,0.08581341335479041,0.04103472829885238,0.022043990141640747,0.0071642040709475815
4844cb02f7be947986205fd1be1e54359d5babdb,0.003454098748196872,0.008959536298244601,0.9843062864119193,0.0020462996643838115,0.0012337788772551984
48b701e4a229a02017217ed52c9b8e224e7e46f2,0.2602009900014802,0.029248558633144423,0.7042167388749421,0.004311895656182696,0.0020218168342506027
48cbaad2e505e5ff8a6daf0e65ddcfa7b9dab801,0.051081683774141386,0.9446607134111122,0.002438049944492515,0.0010461713319383087,0.0007733815383153124
48ed17ea7e5054a02febfc7c5ab01ea3963d49f3,0.0013698933109611818,0.998182451058022,0.00012050945494101023,0.00023685523856001992,9.029093751581723e-05
4924991c24da1d29571b87e46a77aa26629bf211,0.0044212607583881194,0.9950757317014823,0.00022513440556169546,0.00014681142685656005,0.00013106170771120675
49332e6f1f7ababfd0fc18e396eca6de1db6b11a,0.024129606112337738,0.0009757861700239419,0.9743363399896345,0.00040421436415453245,0.0001540533638491472
49740fefc32e31129f8c9dc2aa6ff7f84f0ecf12,0.5361035920254189,0.010803614078512332,0.44937753016040094,0.002640732869163991,0.0010745308665038368
49f5d3d270928177b9704551664459ecf50ee002,0.013514313554898582,0.0034561180648608643,0.982330912238595,0.0003130215193402454,0.0003856346223052411
4a3c5532a96ee5d9cca5495b0c891b5b65b2b18c,0.16413139113425398,0.8313219604663414,0.0029601747299647977,0.001115399820592789,0.00047107384884678547
4a9a5b9ce7c49ef6d3025a1a36236ee187311423,0.4907656489685046,0.02547158229294253,0.4557638690439237,0.022688128463344098,0.005310771231285085
4abffcd8cff043da06735cf2de74fecaf0708e43,0.7590954324147592,0.023278201225171404,0.20463205732677886,0.01102349787026081,0.0019708111630296734
4ad2d58e8d4159b492758479cc2ca008a2a8160a,0.11946512614242219,0.8319636201041256,0.04162343630044489,0.004507818549913871,0.0024399989030933875
4b1b9aaa2431e1fd6c17d0b7915989bfe28c9b22,0.00021726074053106205,0.9993482809211899,8.874554185684961e-05,0.000247264538541903,9.844825788040978e-05
4b316bdcd74d1c4cd61a2f73940cce36a3e38775,0.11897827584210045,0.012613754973771487,0.861385420405125,0.005796321924743643,0.00122622685425953
4b6eddb260cf69fa0ec1d343699edaa3c91de592,0.0005194528437207336,0.997267901392848,0.0015764281582149975,0.00037946900914202964,0.0002567485960745642
4b7f4f3ec8977c4bd930528c5a16f614edd59433,0.0005911313517963854,0.0001597990413688312,0.9990760893258116,0.0001094697988337199,6.351048218954165e-05
4bc882e9e5a9a33ac6310e9e66234803cb51b2b6,0.006136364177056575,0.9922298036665966,0.0007683490121569315,0.0006761981502401415,0.0001892849939495662
4c5fec07ab429a07e915617d597778e7d7b3bc83,0.8797882160986408,0.08650712275410402,0.023738718659169697,0.007213120995973995,0.0027528214921116196
4c7aadef8f8567eede8cb0690f090afe1b26c815,0.9269109120076718,0.002781043764450914,0.06863903847983584,0.0012808464319587266,0.000388159316082764
4c92d992f539b1c7935a2ad8919ea143ec457bd5,0.04237825743718564,0.0013702550624581525,0.9554058675632515,0.0006437584354353158,0.00020186150166939194
4cccc9422b54fc433479e10306a5293839cd1891,0.9797256238625844,0.008407704974656816,0.00809039627436532,0.0032914403676775035,0.00048483452071609195
4cee51b2788d75bf3cc62fe90ad2c44c35b96b8a,0.026921976341633735,0.9704136713518472,0.0012153529060019044,0.001130156526482079,0.000318842874035052
4cfa6e5fd96a7e01e57d3112ad22a99bea040aed,0.002102093571066333,0.9971321114416306,0.00034035869954852666,0.0002968942906518627,0.0001285419971027247
4d243e1434da227f8f665bb2f3f42e3e9a240197,0.24026037841364617,0.011437159386103941,0.746005226204383,0.0016886775039510996,0.000608558491915848
4d30e5726e84c02fae86f224a0bec2b2f27f0997,0.010761268938628525,0.9851260493549653,0.002109353312342034,0.0010564009106018746,0.0009469274834623688
4d4b0b920ca88db835c48891e2bc915ed37ddb2d,0.018691608820826974,0.9795163837179043,0.001179129840358826,0.0004788100234483972,0.0001340675974613601
4d991190f7265ce225ec8e954110adf7812a9fb4,0.003712362226149217,0.9943460062377537,0.0013069880100211454,0.000357075970461423,0.00027756755561459323
4dab277070219a9e560f549a49f8a6b5c78bd86e,0.7341089442004647,0.007056280751881336,0.25558866555431214,0.0024839102373171626,0.0007621992560246717
4de4d5dfb2f1584da96dcf14b1b38077b284a9f4,0.9726362861916709,0.004702968615145743,0.019958999009025213,0.002493107382363205,0.0002086388017950985
4df59854dd007fb1ab530e4f2c592afbaa6c89e2,0.09381409298473536,0.01704784426276011,0.8795120146045352,0.007971125591576386,0.001654922556392859
4e5bd6e8961e9c4799618f589d470f6878326c06,0.01163233662117134,0.9299263909402201,0.023912677794743403,0.02920430927351591,0.005324285370349041
4e6c10248378a0d05b5a65f983463c558e52070c,0.011054895826153365,0.9879655718600168,0.0003310361564976758,0.00046137941985307547,0.00018711673747899552
4eb936b5f5f9af34bce71a68a663708d05d7c160,0.989235083276312,0.0011126049395730124,0.0073035762639454185,0.0017292041926479846,0.0006195313275217151
4fc0752c514347b8d2143130e12894fc9dc29341,0.037464281982252795,0.9605601882550495,0.0015614097090068688,0.00023434893242151953,0.0001797711212693095
4fdd17f3d722646d7523eba88c70d71bc581b121,0.9899556297859624,0.004511822407041425,0.002495801039632752,0.002679789808263821,0.0003569569590994794
50092d4f78944002cd8907b6f0e18aaa47e38681,0.00905539238982375,0.9787858614264565,0.008141297843694762,0.002747176960088745,0.001270271379936093
501365960bedde7040ab68ccae6c1fb3a9fb8162,0.005398039098922252,0.00011468214713359442,0.9943889432034281,7.105050685928813e-05,2.7285043656981425e-05
5016b0996b59b836fb5b7212d0e75013495fadd4,0.017417941428674085,0.0006191066711910264,0.9814607144896091,0.0003365547134438265,0.00016568269708197304
5018c43ac36a275028ed9e1048fca60e68f1e7b8,0.1250850166706887,0.8373001491017663,0.026504370440787017,0.00575196973558876,0.005358494051169246
501b5e2676faf018e4737f586ec6e62fc385f168,0.6525312266085884,0.33211164945745236,0.011353564779653618,0.003106163236498449,0.0008973959178072611
5026edc3937dc8e12639053066b8a7130746c56d,0.0038012902031057745,0.9950932911119114,0.0008326100370885171,0.00017810249525011712,9.470615264405696e-05
502842bf998366359620b9486789f1e85582c4d4,0.36110315132184856,0.034874144012166756,0.5968032453890958,0.005557200395329448,0.0016622588815594264
50619271d55a78bf05f2dff89cdc893c8291f74e,0.21963003222836613,0.007925483732808094,0.7688139781769345,0.0029899323685072775,0.0006405734933837793
50a8b92b597491939365a098c448b79c8d283334,0.8655653705433022,0.03469658810935568,0.02037723009798953,0.07793918591744307,0.0014216253319095143
50e24045ab34f9a06798545f90b82d7faebbab6a,0.4631816933637871,0.39244541587065396,0.07699872717442614,0.051003016228711166,0.016371147362421484
50e33fbb7c515474bb684b8312b877f75c64d5d2,0.991190461153294,0.003082106005810062,0.004024662740589117,0.0014418981962304837,0.00026087190407641066
51613eb8ad494addcab281bb55bcfa4d1362935a,0.004767890212738103,0.0026779495135901893,0.9921038333461554,0.00027855728207441577,0.00017176964544189657
52004be06c1495c8a2e8d3af7be60f4a3978f103,0.9892587103713293,0.001500693651683613,0.006757767429705413,0.0023289138264076916,0.0001539147208741265
521947b7254043afad5321488b45bd86bc9fa9e4,0.981129348300902,0.00745062104317989,0.009985327831010964,0.0009916544320445757,0.0004430483928625465
52389364131fc64749e056382f21e7ab23096fb7,0.8959244596895111,0.032581567310905786,0.0415334539276541,0.02824678272795466,0.0017137363439744375
52488500b9cb9ad27efd3e9c7e1b6069d76f9ed4,0.012803239656844278,0.9844117803372839,0.0018096505457236287,0.0006836000934640649,0.0002917293666843545
524ee4d9cd355c91d4dffe1725197af0d6918333,0.002911823741988507,0.9952529630960312,0.001117881444751187,0.0005750319222090802,0.00014229979502023633
52a9e8ca172d2bde982c97193a5ee5f7a6a97c15,0.0491760026841157,0.002741894913978441,0.9433400662296837,0.0037834997277635387,0.0009585364444585865
52e207a7301dbed444e95437b27b36f9c739fe13,0.9465482507409998,0.04175455890307172,0.0058055505761908845,0.005201751687146497,0.000689888092591399
52eee36406e8117cf59be7b9906e0dd085b70f49,0.01106912690801731,0.009122163688704376,0.9768397044720657,0.002260023282060829,0.0007089816491517147
52f3116321ab77268a26b15caa4b5977934d21df,0.9352951594638295,0.05943753375349806,0.003920164189885134,0.0011670914315088342,0.00018005116127846611
531188121a60a5fc43d8ad724fc134a921e73659,0.31660763182787327,0.002660958639325184,0.6789460951608668,0.0012933663129370478,0.0004919480589977361
53175daa7da6c12a02bb5d43fe53bb144d52c844,0.516514556299035,0.01474657652229109,0.46452907779612745,0.0029989430166239488,0.001210846365922536
53332d2e0363433b554581a07239a648c5bccaff,0.9881507673093153,0.002844081429626414,0.007844836611073379,0.0008510815446428804,0.000309233105341978
5369aaeedb5bc24f9ef3f1bc3030397a5eee1ba4,0.9751205146538676,0.01385746603276089,0.0076680653243659845,0.002790408849494498,0.0005635451395108648
53ebd8e93dc6ac7e39f636449ebc6bcb84a7eba1,0.1329321642737881,0.0793285158222275,0.7769375463685017,0.007629077508063913,0.0031726960274186897
53fd639b02e2f3b268a5f0258e0ff0945f01f3dd,0.02115335975072066,0.9760328215510686,0.0021574408421183096,0.0004320340449582161,0.00022434381113428526
54067c7a878c3b58fd11de9198320fa4b253e3de,0.015669903288268908,0.9679285837231585,0.008925805484637468,0.0054160433177022965,0.0020596641862329255
542e0fdca9eca8f1a8ac3f759f2320f897941e3d,0.9661613210402739,0.019054266368614695,0.008253346139731176,0.006178790881511385,0.00035227556986901275
54c6327ea2d922515d7163f6b7d440651e35cc17,0.011124189691641678,0.9852290260234764,0.0028163407136081726,0.0005997779900309273,0.00023066558124273286
54c6903a8b969096bb76ec66c4a13b6e0b79c7cb,0.016301977917282457,0.9803494019388019,0.0020077355227593983,0.0010662612197320075,0.0002746234014242979
5503e470d7193f77e462e47a43d9f9b6b66bf91b,0.888836502893111,0.009964471235245697,0.09748305789183943,0.0019829460794956104,0.001733021900308446
555ed405d478feb0d94588bbac2b59a51f6fc4a5,0.0020028937360868056,0.9972964841947712,0.00022689607596378138,0.00032903415516754935,0.0001446918380105064
558bb6fa5f377c6c25426487db900d7fda9bbeb2,0.6281753488542269,0.03223452130725065,0.32006499931351134,0.016532915185632737,0.0029922153393783218
55da7de7ff954cfc1a71aea496f4ed5b9cdc8bc9,0.007485759937612383,0.9874289887518927,0.003909393721702538,0.0006275508078024571,0.000548306780989972
560fae6ec45faca058217fe528498b8f3f60cfae,0.8404389221827966,0.0028864034613749214,0.15506883123674664,0.0012370189792597693,0.00036882413982208107
5617a7b9fb9683f0d8f9252e693e44b0f056df7b,0.004139160022608984,0.9904166913100888,0.0035908552322277765,0.001406683581046868,0.0004466098540276568
562784ca558a3edd53d16967c5c8289e67ac2b31,0.5479468189701273,0.04291532952413349,0.3501152905856859,0.04847166835893085,0.010550892561122382
56b8911bb19bc8102fe4fd245f0de4a221bdd5bb,0.24075541761313038,0.003272721425667197,0.7537042096888591,0.0016746294823991811,0.000593021789944236
5732dbb50d3e1063ee48700c04b4ecd8164ed3b9,0.4984966735066651,0.06849372196956875,0.373542984143369,0.05407149357629495,0.005395126804102192
57453b728072b8f4ac1a990da4c20fac8ae2bd17,0.8363177990663101,0.0035942938448092236,0.15626187560606475,0.002572005078551665,0.0012540264042641153
5745f26be877d7bc6841578e9976b7975cb0a50f,0.20022080276528287,0.5360034249181388,0.2018391813908767,0.04980247903623934,0.012134111889462212
575669e9a06757b33795350edf2ecc3dc7c55b5f,0.0052409653751615895,0.9911444267789462,0.0018203442946884217,0.0007527718629514481,0.0010414916882522814
578b9b45ee51e49001a85f9d4c2fa417109a2d55,0.9440461525055116,0.03440464298733937,0.015852482607803208,0.004487981609186485,0.0012087402901594852
5799cd2160dee3092a53dc89f8bdf4fb810a2c80,0.9590416778542764,0.01826656326956046,0.019200045282809063,0.002564764776264893,0.0009269488170894204
580f1261670fc795dee645c261a1c8a14473b21b,0.7607665216789316,0.004080147443503129,0.23384123035475304,0.0009124346568163234,0.00039966586599613207
5818195dc82ef1b86aa03ed7644cb973307a2f9e,0.9542856107106856,0.003605471150296344,0.03539105243801154,0.006136918222446629,0.0005809474785600389
581978bb76e9d205671c4fccd7ca5efe25afc973,0.5697278377106442,0.020191820772757038,0.4058750792630937,0.0025276284745792445,0.0016776337789257626
583018a3e6b001d56495e5b2c5f0af165905c0c5,0.8162570562404651,0.05887528518390036,0.11003332457535361,0.01111028009310756,0.0037240539071734203
58797486ce63157a998329605a155c6226ec4cba,0.004753415315190696,0.99127406118649,0.0017021944350552555,0.001786434153496836,0.00048389490976734264
58aee3aa1d94554ff57e6a053dbd60658e4890ff,0.018476031029260383,0.979460445903564,0.0011061843627692683,0.0006412489429370836,0.00031608976146954565
58b15b8d9ba8a56c867a26c0598bd613a57cb77c,0.0242180850482456,0.0005749807334292928,0.9743095170572034,0.0006246217119990232,0.00027279544912295627
58bf4ab284faea337a0d32107f98fad33ca5ae72,0.09856038409928937,0.00678756105380671,0.892824807631477,0.001437453852566586,0.0003897933628604491
58e14980924abd6531656ef3af536852284084f8,0.0762745875578039,0.9213920613946348,0.0015979999008585509,0.0005346232652419677,0.00020072788146093174
5959fab7b3f173e06a13ced0f5aecc60cbde40c1,0.5659619592992199,0.3805559321942172,0.0380458489652458,0.012646128814500425,0.0027901307268166516
59aa58b5a39079b7f52fbb08f024848e4c2a1edc,0.9914267211883866,0.002322137621378524,0.005193068508631046,0.0009005716593999834,0.00015750102220399653
59ccdd7b9de47214adaacc2b67ce9923dc382f62,0.9464377784576462,0.00017893596488735886,0.05252421224074276,0.0006767317786908409,0.00018234155803290508
59ee593b27cb3b792b3f4d9c7ff0509265409521,0.0051059906692233975,0.9935334474915387,0.00043304798807828324,0.0005703935186354491,0.0003571203325241896
5a2d56de8f4035ee0f63b1eb158fc1474ead5633,0.9812533331063991,0.004448943283326528,0.011856895449741722,0.002062558893402946,0.0003782692671296443
5a6e4698b3f6b34fdcc3f4cea46be02316337834,0.5077380676152465,0.41244239940962013,0.03570138365994962,0.03809100622286406,0.006027143092319764
5a772ebe24a1a88a37e93bb5d5e09f527a31d14b,0.006568618807388384,0.002256544849812059,0.9905685472613427,0.00041222267258346745,0.00019406640887348656
5aa9f42e2997030682037a7545035c07b2f9d10c,0.003635541392901763,0.0003695510813849373,0.9955613135478665,0.0003370746817452067,9.651929610176399e-05
5acfc258efd4d5fa8756ea3cbc7a25bac5203274,0.001374090722708923,0.9971796839743582,0.0009468584051082245,0.00034011839992694436,0.00015924849789757188
5b17d138a5aa1cf2c6016e9b0aa92a893f2bc3bf,0.9745319299966946,0.0034681651436109743,0.01875947976902113,0.00261386198463535,0.0006265631060378662
5b1ad0ee8439755707f2651b62a58eceba714a1e,0.027844583906424324,0.002596225596154031,0.9686099672257887,0.0006604182485295216,0.0002888050231033525
5b32610d9fb1e6c06c9a759c9325afe1c580bcc6,0.9785145692446088,0.01046815882895212,0.009534254691204851,0.001157605372822418,0.00032541186241206695
5b5467b06ed20a92a9137215df91d48e80aa33c4,0.0025156883565638825,0.995260520407654,0.0017883628340266881,0.0002939577178630026,0.00014147068389244513
5b8bbeb9a7ca0e754c4d54d25d164f9ad29f592c,0.0037985204733127446,0.0009381927745968703,0.994476723866666,0.0005645224618513801,0.00022204042357332155
5b8dbd2f3e9a7a2bc4281d4cbff969b8fc191e86,0.8032849079281997,0.024474562545247415,0.1645105085921854,0.006027819574091566,0.0017022013602759224
5c16246513e338b4ebe14d84ecc16ee1f87447a0,0.026665451221546378,0.9680840022893441,0.003649876555325816,0.0013507812368958436,0.0002498886968877115
5c72a46844f5cb42829a1f1845c3d60d72fbf310,0.009985124606689225,0.979892129033055,0.0030622582832051,0.0027044529263020476,0.004356035150748834
5c86228fe34314d82d5db352632cf55f9d450c48,0.9806447327537453,0.0034868783894791843,0.012662969793115963,0.002705894214397917,0.0004995248492613592
5c8cef625915c6a1220f0cd86ce0ac0dd78a6e6d,0.5089757144152822,0.026154728835023754,0.452709801526525,0.008507013030838104,0.0036527421923309056
5cbeb23ec37cd92586317894971a58371c66dd5e,0.5757531374697895,0.12149609116657681,0.19556426653090186,0.1011722575441191,0.006014247288612767
5cf8576037a8428434adf073dfa7fcdc1d4b91fa,0.02371583824072794,0.008946194803931317,0.9647483598171166,0.0017736654745626615,0.0008159416636614091
5d087f02d1541d434bf4a32e539c1d0d1868bffa,0.04063252634236071,0.9396315503568364,0.010511944559711939,0.006451482342246597,0.0027724963988442286
5d5311827f2cfeec7edfe2f8870a2b865a07dc1f,0.7765602244760228,0.016444094098060094,0.18647881830300128,0.018667987690426487,0.0018488754324892226
5d5634590701455990abe734d362c5d5c7bee90f,0.8444539579289357,0.13462051368719663,0.0168674080810015,0.0012831569265939903,0.0027749633762721598
5d8ea177728d8ea79812d96a27219a7d5d2620c5,0.9869001012751897,0.00446883336839596,0.008004227741738241,0.00048135667462200534,0.00014548094005403754
5d96d8e3f4ed7494a97ee83502cae3f3f87d7b9c,0.4118782825685611,0.013321092350988115,0.5577106864193756,0.015056538637256013,0.002033400023819092
5dc9d7f6d10704dfcb4fbdc56e4bca75400ab27f,0.09678071170230777,0.012122649877749867,0.8885632530052058,0.00199634355050448,0.0005370418642321659
5e3775e6cd75950ecfb2dd52d44c0e40b59de390,0.005683363598441649,0.9821748851262442,0.009720493252550387,0.0018582130858930117,0.0005630449368706239
5f01334d1c0dbfe04ccecfaa6eec1cc5cc534e3d,0.965583772254962,0.011266996195603568,0.02088196235282951,0.001943177117308598,0.00032409207929631637
5f23900038a99e911753e9c154bddadb5d15508b,0.001430755910830871,0.9979803500683322,0.00034282972704108614,0.0001850103434797815,6.105395031602174e-05
5f75d7ccb5d7641dfd0c6dba3dc61942ff643b72,0.019314150523057107,0.0006826841488668449,0.9795489043304351,0.0002818829063311064,0.00017237809130992324
5fdef434a2b49463e5cbb4a729574345647a194b,0.16536954572854043,0.03643336642087067,0.7869969255050926,0.008673796138595183,0.0025263662069011776
5fe829f295891aa0dab6a838791b576c5660d6a9,0.0020762130114496905,0.00010606653203381567,0.9977657627193001,3.221856812473038e-05,1.9739169091779744e-05
5ff773a6eeb3180c55f96aa7c5e4eb6183a5273b,0.9907536351222331,0.003315928196295268,0.001265593991124101,0.004405781798302837,0.00025906089204447407
604802030b06eeae31f0f9f9f44885a00a60ca5a,0.037483410587135564,0.0007253792458361343,0.9612187625388027,0.0004610427416207623,0.00011140488660467423
605af423115f4f3a1242799fd315157efcd34729,0.01142969872633628,0.9865632482049282,0.0012170755906520643,0.00045115362630366505,0.00033882385177962343
60a41d7436e2647a15c7d57aadaf1d6fb7e37974,0.977921447425821,0.0034481050689242443,0.01745580457980874,0.0008149058630891162,0.00035973706235687417
60e112b51e98a607921c2a29cf2e46d57df95921,0.10283141066472125,0.0050131588201388745,0.8856312987638123,0.00535574006999888,0.0011683916813288026
61023bd78d026327e80ea3a76d8231e54c72ce55,0.8148806858567119,0.09628011935879492,0.05467444403030067,0.028423556240134044,0.0057411945140585525
6104898c110df931c113d79fe356470934a27d28,0.002177679869357075,0.9964695294864527,0.0008004525556951412,0.0003162120099344817,0.00023612607856061566
614fd786adf4a1876a5d5b7c43897e7fbce29c06,0.9567473795674177,0.0020896235261669252,0.03916955351733293,0.0016577318769256855,0.0003357115121567038
617137f0bd56b49da4ed41bc8caf9ac0eae9eedc,0.9921173474651341,0.0009014586798978426,0.006600272696109933,0.000274783659027964,0.00010613749983011435
617227c2d4b80a8f4c20b82535aac34dfadcfa17,0.3109030552441055,0.6306983002241189,0.04903414107843503,0.005434108464223996,0.0039303949891167055
618ceb1dd4ea60b89c8c921896c37f3dcf45714f,0.01791927174234583,0.7776645115579941,0.19611033776257333,0.006004741152036732,0.002301137785049956
618d36b105582d3ceb1bf8b194f99d9bd3bb2e02,0.08708211481505665,0.7343174527873233,0.14348344892292295,0.02847623745064032,0.006640746024056861
61b4d23253eecd6cf2fe1a8ffd335d2e5f937810,0.13443407505405067,0.002157568667808131,0.8620842363839937,0.0009826112760248867,0.0003415086181225101
61d337198d7bc3441d0a5ca14d17c32a2eb922a3,0.007695896090060919,0.9912608254441659,0.0006013584895495572,0.00030354405624934735,0.00013837591997426616
61f0326e3ed61b418db3656ec18884cafa1e705d,0.00766364345182525,0.9873097259281344,0.004250855984720982,0.0005444377911713025,0.00023133684414819097
624320fff44f833c1c8296fb299ab6825c2c5b42,0.0009379734586620729,0.9979760499985483,0.0004147325235438989,0.0004081962940623302,0.0002630477251835287
6263d9a1596e632b0e35af422c6c7b7c19319d34,0.755562216403235,0.00912589637536301,0.22856230919649434,0.0061707834921225155,0.0005787945327853813
6290717e64a93dca3056942ef52034b12e2e0891,0.024088981345288064,0.9686307624438906,0.005514752539296888,0.0010971287905840847,0.0006683748809403992
62e30da20c6583c451115b772c017f0ad8837eb4,0.0034222447983649853,0.9952987888294554,0.0005214057441365377,0.0006087996353287353,0.00014876099271442876
62fa2d435fe7c8fd8c397d9203b0efed7702eea9,0.5640009959800999,0.3094916114051005,0.004347035129216724,0.11895279343473951,0.0032075640508432554
633d378a5ddbb5f2b7cc63788a66ba8cd43591ab,0.00031597853939926686,0.9985542241384036,0.0004499466539881377,0.0004563828886218821,0.00022346777958722359
6357380f249a669fb4943a25c1f519152b9c3bf4,0.007676105135991457,0.9918839385414464,0.0002180211719181725,0.00013447012386112142,8.74650267827168e-05
635df35717a0191c013fc3eed105d72f350f89e9,0.9818546944862223,0.006122905518224548,0.007198730453590655,0.004268441195537353,0.0005552283464250544
6360d3db5c148abb44efb1722f91ee852935b23e,0.005125695838813316,0.9943868908542993,0.00030820790726143336,0.00011673633566017881,6.246906396583714e-05
637dd71e973595ece26e0c25f9b2a93f4bc494b3,0.005904930754874785,0.9929995745787177,0.0006644169983579013,0.00025102670523624213,0.0001800509628134111
639cd49dede254f5fa9b8b5e95f15a6118eadf03,0.033545880379253316,0.0010255951683847478,0.964925776073678,0.0003828822683229242,0.00011986611036099819
63bc19b4b88d7bb78c33368241e3ecc8617012c7,0.965196088198518,0.004006734822239424,0.02213640050765824,0.007370366352457602,0.0012904101191267428
63f56c8cad492e08f889b57e038a78e5557e5254,0.9823155270204105,0.0023769414600342837,0.012631069245654276,0.0023305289808465096,0.0003459332930545324
6424e559f393310c073f4d6fe7c78eec68a2e4b4,0.8251567154739723,0.04014387298396395,0.1251614465728949,0.006911072325554757,0.0026268926436142223
64871a0691cddf644392c9d099016c4580e226fb,0.9447050303402716,0.033321449571418915,0.01579769061117875,0.005212852799960928,0.0009629766771696627
64a93a8c68b5deb4b10a11724d4168953da105d8,0.0072403020215530845,0.9920856136123319,0.0004446734738913914,0.00017230516067004873,5.710573155344894e-05
64ac267142e26e3b5fe2faf8d8a52a92bec46034,0.011541000017746567,0.003915076179104983,0.983370710398894,0.0006076608245746654,0.0005655525796798193
64b3100a90d7b579b4f66545e43c10fe9c0d8d42,0.04792543465449751,0.001744580476839766,0.9492972789085663,0.0007428084012686842,0.0002898975588275444
64b8e10e63d628388b011950c876f16442751bca,0.029647122177136612,0.016565887653399846,0.9481797645218708,0.0030949512498214832,0.0025122743977712306
64fa4e7b5eaa2a99c56443b65507159d60e1e960,0.026193196653399024,0.9734456136393332,0.00022880645975560492,8.468938233345027e-05,4.7693865178547944e-05
657815adacf02df2786a40af37c538fcfd4888c9,0.9185049095989432,0.005884623060317457,0.07378353522725101,0.0013655286790475493,0.0004614034344406898
6619b1412033a3a2101a83acc0886e7e5eb4202d,0.01453102820366062,0.0009802225508946578,0.9832684755065181,0.0006923018938991179,0.0005279718450276085
66233feabe9d6522180481e341a021a46f43ce61,0.9961928086796553,0.0019198491215920506,0.0012251561211271671,0.0006072356385262629,5.495043909914375e-05
666d159ddea5ec0bb15462f9c781fa72fc2152ad,0.04199818076262161,0.9032299554095925,0.01685628504447344,0.02231484807298853,0.01560073071032406
66bc5c0a87bb4f42fc38fed7345879c55cc91a6d,0.5968561594664065,0.007759429754072055,0.39056391624578823,0.0034328414597896936,0.001387653073943473
66e3665d6c0148cc17e299050f744290b8a3d093,0.00979756920088483,0.0024240808439469083,0.9851896334421785,0.0017813455205320833,0.0008073709924576756
67739262a5ab2475ae7180e250e62e8d3e7e3db2,0.49752133817851407,0.0034472111966540844,0.4967074629897671,0.001123409046131924,0.0012005785889328507
6785befb8d46eba5ab121260b0712c1a47d7f5ea,0.011086856977686813,0.9871245652158508,0.00020652519534364238,0.0011775635242339873,0.0004044890868845359
6789d7f08729f9f8fa244f46b6a7bed62f5159e5,0.0011089414572605398,0.9985308399860477,0.0002565930814527013,7.439617290577151e-05,2.922930233321154e-05
679aa28fed2eb1a03cbed1fe216be4df18fc1712,0.9950710984330755,0.003016488641564538,0.0014941365572929606,0.0003836938017259561,3.458256634120729e-05
6882c98a5a411b163d838e9aea148cebd5aab5c4,0.03257658523355074,0.9398457220565051,0.023017406207486237,0.0026792556800720258,0.001881030822386001
68cfb4cefd190d64520200428b1a773d5ac65853,0.9927031459227239,0.0019321931382762223,0.004787757810606105,0.0005053224976117763,7.158063078193561e-05
68cff36caed2898f19953a94b3aed78b29116044,0.0027879931483447665,0.9944604551308128,0.0019243282857026732,0.0005412792178058382,0.0002859442173341022
68f2fa12b2724f34f4a5eb70f9a9d61d32cedd5b,0.9991150873130389,0.00015516679186768835,0.0006456868520453725,6.988583394566784e-05,1.4173209102049542e-05
6921316307f25e1f070c18a393f61ca57040842d,0.0025330996400398224,0.995269319797547,0.001447412426775735,0.0003818012865751168,0.00036836684906216987
6924a0be0cfb962389189d06d94520969f1edb6c,0.0020029375369821426,0.9976001591195972,0.0002371687331861206,9.915412821810865e-05,6.0580482016474165e-05
697fe27651f3e320d31b68f340d284f4d1ceb3a2,0.14242594146643328,0.8314638590798376,0.014982232075105047,0.00959656335931717,0.001531404019306869
69bb74d66efe6e02fdc08fd29a1ccdd84a09db62,0.2840855716915734,0.009505850284729148,0.7032028534812799,0.002475734604667456,0.0007299899377500804
69c800368874c2c6aa0a05203ca693b518288bfc,0.05696981822936671,0.010510851880803727,0.92840179934933,0.003283282356010243,0.0008342481844893186
69ec582506cb25ebc18e901e321f06fd9013aca8,0.0009057027604109975,0.9963675047094029,0.0007601196602721464,0.0014034271262074848,0.0005632457437064964
6a1392c6a0d3ebddd1de6e260b5862d1a572896c,0.6997862676177494,0.031885203710180596,0.2490651207281163,0.016861112377067135,0.00240229556688664
6a274eccab7892485536c065854a6da4b496a625,0.9876677669587841,0.0024251949957713606,0.008863610401323888,0.000857449612931893,0.00018597803118882114
6a58f97d959a1a061cc94e0ee613986c7d017ad8,0.0012068175794289109,0.9975574570251322,0.000446880279761729,0.00048004114300515444,0.00030880397267207544
6a8a58f0394fa1b8b9fa401bdd88d3d103fecb47,0.9729163097169421,0.0038687919987626133,0.021967233762005347,0.0010622904132650364,0.0001853741090247804
6afc6c4f1d14d5569ca59ec6a8366f24617cdc49,0.8990680788150357,0.001518700100602004,0.09756558403258646,0.0014190905908224101,0.0004285464609533342
6b0cf9f25c17d4548d4efab83260f8038a6de4ef,0.0022641502210112544,8.97166316139273e-05,0.9975460978637913,7.280531207360345e-05,2.72299715098635e-05
6b262ee93120e0a1644994735fe7b346a3a2225b,0.5452892162146203,0.0114416716407859,0.4381213011643747,0.0040897639931995414,0.0010580469870196908
6b9453518b7e7749cff874b821f8d104f0a1ad7c,0.9759563975570562,0.01860644454358776,0.0030582161037124695,0.001979900405559709,0.0003990413900837192
6ba8844ddadcac56422e8034a0425e7747265d9e,0.020774844139024366,0.9543806053505814,0.021097652143147665,0.0023011824580125993,0.0014457159092339938
6bbbf6f199215b285ef61d9aeeb1c93e9c560864,0.06394048412666997,0.0011770814353435847,0.9334961951657809,0.001029150890247476,0.0003570883819581516
6c235a74119d55dbd3559b0b7d1bbc04e9f787bf,0.9737296837310924,0.002274951667724738,0.022135401338735424,0.0016184334264319144,0.0002415298360155229
6c923170e43107bf80cdf29d092a8e2fab805c30,0.0027718662294740535,0.9969223734985269,0.00014770867930962426,0.00012150037617633479,3.6551216513030665e-05
6ca7be5ba4e89977b21edcdbed449805b7588524,0.001173708977166998,0.995302246624052,0.002250525153927281,0.0008944143490484692,0.0003791048958053076
6cd87e2b10f1c509ad970c519843efd4fea963fa,0.06313663763743523,0.0016937299503539678,0.9340017320397862,0.0009205794871703811,0.00024732088525426284
6d2bcb3ddb35a2d843625a75e0b35b3d4e334c54,0.9382673514031897,0.0010860699767841063,0.05955161500384454,0.0008311959449447923,0.00026376767123676586
6dceade8d897ae6d1a852562410c6b3696125d05,0.07650389220314638,0.9004711574520009,0.007677965977364419,0.012611895540748009,0.002735088826740315
6dd5e61f60beff3e1b431d679dd5854f6fd8dd7f,0.25938992520598114,0.0033219881992158575,0.7359111018222045,0.0011451219431603322,0.00023186282943808828
6e21bfa733cef237f87765595749641afce188eb,0.009451770407952049,0.9896383225104218,0.0004024907535187696,0.0002886523591411306,0.00021876396896623921
6e7c9c3cafdf89e02fa3b4a3d5615574bf778123,0.7161016380064607,0.03420023784067432,0.16350491941660023,0.08333678716195755,0.0028564175743074197
6ea294001b6f78003b2e13e85b0252dfe7105302,0.016253256046973887,0.9831225431701799,0.0004239354388679415,0.0001589230316117047,4.134231236640929e-05
6ed4417d3de4a939fdb48b3e110d9e5e8b47bde4,0.7919209310265707,0.03042078785217403,0.12179688038742818,0.05186039949417593,0.004001001239650994
6ee12308a614a08079b7e7884e9b154437eced0e,0.00424957912222298,0.9931491684442129,0.0018287277895009414,0.0005357820859885745,0.00023674255807467316
6ee3c1053c82b37f43a87086e0496f11a1cd9fcf,0.005952612912421223,0.006747705053820321,0.9836441310138536,0.002387625302051878,0.0012679257178528475
6f1c14f17352c43f8f613478bfa9094fe6081c95,0.9814919522819473,0.002410107079138179,0.014867227443638366,0.0010895628304395612,0.00014115036483647924
6f1d449838e0268bcf3f98b1f75599acb264606d,0.006622805825103135,0.9877266204376437,0.003693166747105637,0.0011538439005251361,0.0008035630896224036
6f2b7f26b1a1f59e014c572ee6f38802da8e5974,0.45522683705826156,0.0034373593655764147,0.5253617245409481,0.014715917265412702,0.0012581617698011619
6f487919066078ae5e2d08c7e2b4f593eca6b3d6,0.007929971728585773,0.9897017394787607,0.0006807724282319843,0.0012833102406738133,0.00040420612374748475
6fca45a91078b43e391fa3181c2d12643fdb713d,0.9546604416779284,0.006871563012320186,0.03618557142046651,0.0016135910095932953,0.0006688328796916973
6fd8d72582414959b81f736ce615be6460be48b8,0.9944465653242143,0.0027094263604140966,0.0020825646197302435,0.0006199151606809517,0.00014152853496043376
70c478677047b4b00cecd462c30b55ace1eb086d,0.9706555994745724,0.021838117500162235,0.0035527435809166374,0.003403180133091591,0.0005503593112572269
7141cc0565e4ade59694dea1fc763addd0248c49,0.033511185769040795,0.96543178715205,0.0004547895044852489,0.0004339422517737778,0.0001682953226500457
71a2a1345d8a2c4f0207ce2a3dfa51f4b43a58cd,0.9899463917313627,0.005805277612744997,0.001572901981530546,0.002383273432601578,0.0002921552417602654
71b9276ee4c3ee28476615bae7af34d619ab1650,0.2820945225825123,0.09283323714865029,0.588832614904802,0.031745358933577106,0.004494266430458349
71bd90d681e50bb0e10723525ed6c5ac126503e4,0.007984195004559843,0.008865129328309759,0.9812639919846982,0.0014987953676603254,0.00038788831477187005
71fd4d43438e740869f1302716a03863d57bc88b,0.008455404572462284,0.9911402363690472,0.0001427759546346059,0.00012780210633106827,0.00013378099752478712
72047c2ecc3dd679c4f0cd8276612934114ac56e,0.9342010998049568,0.01398125033909522,0.04724219835017122,0.0038158906804047214,0.0007595608253721494
721a31c9ac2b94a4e71f0680efbc0a8a48388f89,0.008966664978950068,0.9873749555651693,0.0013876082451737119,0.0018799046516223348,0.0003908665590845822
72239f6ee95fc60332e5551aa9210cb7a412cd08,0.2658125993978195,0.06478090883519909,0.5520167832444796,0.08982717329719515,0.027562535225306703
72562d5df82cf681a20660315014691be110e15a,0.28820074591447953,0.022242742627117267,0.6864832983105085,0.002231048971813035,0.000842164176081609
727432189a618542e8c5f0279d02042fbf38627e,0.9368327924189295,0.04712080721725588,0.004158119442813939,0.010853304698216886,0.0010349762227838061
72b0721d459d10fa5f3fbdbc54890e7fc4322857,0.07348119023733318,0.0013193911554674014,0.9240239000581812,0.0007596174985661041,0.0004159010504521701
733b492f2dce7e6a7431535c9ac2bff218ae7310,0.9322781618704109,0.0052280604234883924,0.05914490689306712,0.0026842218634349343,0.0006646489495985492
735f520a7acfb1da864d7ed41eb9ca907018a02e,0.007332477943686521,0.000501600208003548,0.9916434950641224,0.0003569069618380867,0.0001655198223494501
73758ef1f2c1c88bfa2460e56c1014d9cdbd5bb6,0.9835862761295752,0.008406700448348087,0.0022508385953225307,0.0051719988250509665,0.0005841860017033487
737e9bc0682fa0c1da5460a75c38d5b5fb9f626f,0.9929092770969962,0.0007831578545789047,0.006131974621896294,0.00012887436672035093,4.67160598082002e-05
7391478a4a6cd67e15d01e0de0280028935012fa,0.14997012627543588,0.8025073208708949,0.026563199967108084,0.013827392320351566,0.00713196056620937
73b484b59fe8ccd1ea387781cfcb307f64626a04,0.014529204358437466,0.013106540029975251,0.9697232500427476,0.0011096580316532483,0.0015313475371862351
740ddb0b1253eaf5a8f694c1561aab3898f94236,0.9093379070450021,0.016147997642500002,0.053065007526751855,0.01987132346095776,0.0015777643247882089
743280d1f3d59a6fd96d6bab8633f94eed8de854,0.02598030614757516,0.0025503628262544386,0.970019923938793,0.00086241263012225,0.0005869944572549602
745d2597fff1e7faed78b9bfe5fd7078b2e8ae76,0.9849766973665949,0.004027713670966802,0.008048712578821837,0.002593104692065593,0.00035377169155099535
7460c0dc2c2b4409c875dd838a8ac4d0e7640c82,0.09990339376921452,0.7837516421150759,0.10759927867941287,0.0051161223656522,0.003629563070644772
74d4900964a84fd9af5d4f67a4d7ff23486b046d,0.9085963785716517,0.01766018603094013,0.06783505909430854,0.0047071775868075885,0.0012011987162920891
75174185e289225d5ef42a17ff7541d79409d81e,0.7207690607137806,0.0019445426895929826,0.2751558241072484,0.0017865505025410782,0.0003440219868368572
75380a38f0bd7cd8b49565a6c79ac63a7e7a0d64,0.9876547999049249,0.0008906650170748916,0.01117544497540713,0.00022604425392175914,5.304584867136043e-05
758cb430b7a1813d360d9183978d8317773815ce,0.8940871324049154,0.08284220927430283,0.015513358926649312,0.006562722725487829,0.0009945766686443786
75c582ba616d8f7bb3bc0cbe3a0f2d900d3fe25e,0.02995594542332794,0.9679788044876219,0.0011385424320314488,0.0007807454505030911,0.000145962206515698
7631d2a4862b8696d037be74ae03ca6783d2d02d,0.15839853190197223,0.7919735519943485,0.044422587123787036,0.003413016281638073,0.0017923126982541467
7710932bde4ca0ccea17ce889cdc9a97eff2947e,0.2954840637957884,0.03129488395473169,0.6648382704271009,0.006728333356363729,0.0016544484660152797
771992f1d27f0aa23708611b5733980796971e89,0.9709759257870479,0.0012438757840835075,0.02569650391965622,0.0017104728523085195,0.0003732216569038191
774e3340401efb155d9fe6b6335d82daa423706f,0.5621062641382252,0.0015698467832913094,0.4351069499247697,0.000865802058705111,0.0003511370950086479
77a4a170e752706645ab29dad6fba028607ffdcd,0.937928365009233,0.035186959964383105,0.013403512702826414,0.011034887856512632,0.002446274467044916
77c028788501d4cee3d89bdbc6df7c88355db164,0.96497466773226,0.0008161798771817398,0.03351765234951591,0.0005463654695405526,0.0001451345715016703
781b31cc1654baefc49002bd7f5f20fd6f06ece5,0.9911359534472901,0.0014188358979000796,0.00601946605536042,0.0011435322832991275,0.0002822123161502624
784a31a5aa4c0a985c8a57178b4f926dd0d2490e,0.005925196733972696,0.9841790529281226,0.008921139949593915,0.0007312935758369381,0.00024331681247389026
784d5231d4e9490ad83bc2d0e437e3b2ffd388aa,0.2913423981983387,0.0004789447878364632,0.7075941578680627,0.00047611426175411673,0.00010838488400819413
78f5d6ab6b21bf131c81d2271eac5f741b454ee1,0.07303441737262405,0.071407086816047,0.8505794971865462,0.0033136870601733356,0.0016653115646093376
790bb0e9ee9dc366865dca419180d5ccd5f4f0d5,0.9864879141797415,0.009161362598020271,0.0023093366233871327,0.001720596247377395,0.00032079035147376556
790ddca5decc331d39c21cddcdd8757fae87c86b,0.023740887260176147,0.0009151010452516066,0.9746872663121708,0.0005387589864783403,0.00011798639592315984
7920d21b1ccca84da6df5d6510aa6d30300b7fd9,0.9806429261416786,0.004229777224380937,0.012518816637007782,0.002230565384763101,0.0003779146121693534
794825ac8ea36a584d28ccca0e5f081dcb149b53,0.008493926238766285,0.99016680637853,0.0005952329236016167,0.0005042791296962562,0.00023975532940585047
796c2db2137687c4114afdf82a60921372160764,0.9699160276619536,0.013718887848412346,0.010814108935272524,0.005142875133195902,0.0004081004211657118
79b06459a66f92a021e085710b3cd44c286c6013,0.02343335931406927,0.008144428194521214,0.9661421825207801,0.0016114355137363072,0.0006685944568932616
7a5152f7711ca295a3f854a8bde2563c49e398fe,0.8221115226039378,0.10304412244126476,0.05830331086277948,0.01399437650091028,0.0025466675911078314
7a6ff39cbdda2ad3b37cff9702af218ebde5ed34,0.9965343316277187,0.0016211214751215665,0.0009848428330413459,0.0007839478451174819,7.575621900105011e-05
7a7fbfd1cbe94d882aaa08cd5cd244fab33893a4,0.3176714804524589,0.05159031923129884,0.6276647931930059,0.0017606595279087687,0.0013127475953275045
7a952147c1ea570c66008cd1dd170227c064403f,0.0018356407496034404,0.9963570126896656,0.0012757978304299162,0.00036652147821801404,0.0001650272520830822
7ad9326bc9500287e796d0f23f529e2dbc2282b5,0.7164607991074536,0.00357594002534393,0.2785685008745703,0.0008995117897957595,0.000495248202836614
7ade65877708417e5d7e0e781209c4147029c7cf,0.2092070290059998,0.7828015500586375,0.006387264932647613,0.0010177870872700283,0.0005863689154449938
7aed818a1c94c2d05baf2b2ee73b12803878e0f4,0.9409928491350111,0.02401290288780064,0.026239406426261935,0.006575528497173914,0.0021793130537522964
7b281087a160effcf89502a1789c4a61edabbe83,0.007008440288868795,0.9899834431505531,0.0017106557541094083,0.0008824099339827776,0.0004150508724860778
7b431d5b6dde0737aa12f92435e0fd3d7306051b,0.004088813481119874,0.9904115523998829,0.001307029593319538,0.0036660595498618507,0.0005265449758157987
7b57ec1a95b89697a7eacf7247674a332edf3a44,0.013653255062832662,0.9834063549486303,0.001964085059352464,0.0007001039958393794,0.00027620093334503694
7b6d3e6f1a05874adc5f5929c4d6d50931fc6494,0.14800855539481858,0.5478313161570959,0.06283989132347723,0.16264601086000616,0.07867422626460212
7b877dccd9212dff93e51b26105ff48d48d40786,0.9891875921540434,0.006338287999070324,0.003267721666856891,0.0008532229631853222,0.000353175216844139
7c3b0de651ebf290fca93f600a03a59de64ef5cd,0.013029602579583369,0.9856933927684529,0.0007642338521368288,0.00029530266056778157,0.0002174681392590457
7c6fec764798444ba48b9e29c28907b52a9f7461,0.9686195993033238,0.0034321803081610266,0.02673652979134179,0.0010001275082460667,0.00021156308892722556
7c9c60384f852b1018b03d72d522bbd5f47c30eb,0.09523872496247376,0.0039714196100649815,0.8995981513227668,0.0005813937913895721,0.0006103103133050427
7ca1b27aba0d373e72143b6d4829b1766cab05a4,0.005514879921377652,0.0005548279167465863,0.9934474470816158,0.0003717757840735545,0.00011106929618653603
7cf05f7bef40f282ee3505f13f7c8c9400c065e4,0.0985290106177649,0.002681567600682096,0.8964386196790516,0.001824009457943139,0.0005267926445584363
7df19dbbe38fc64abb38dbf77823f33eff95a0ff,0.008434546472539824,0.990262226993141,0.0005651132766248462,0.00042604677222048804,0.0003120664854739016
7e2c139357e1aa60a9eb5f8b55704e9b8c99aaf2,0.982023464070906,0.005695912360345578,0.00747533774346852,0.004514542531469008,0.000290743293810896
7e628d0421fcb4bb226d1e96075626288b65c711,0.013439511740882135,0.9808769609527472,0.00399449829932266,0.001292596920242069,0.00039643208680589597
7e6b5bac0cd7dc4a049dd244f3ae5d3e92e645b9,0.18282364114340705,0.05369347209016142,0.7480653861418812,0.011499832894428453,0.003917667730121762
7eac2bf5cda2744a31d4344ec96acec36f0a2a54,0.007584396715696324,0.9918041271173209,0.0002527791884752333,0.00023997216854695997,0.00011872480996056357
7ebce418a37093c4bab86409c3c2e0f428e88175,0.9734512420593054,0.007394927985212963,0.014304831965656411,0.004191308696971109,0.000657689292854045
7ed93ef2f8f44850ba66eca3f0e7cb75f0057af6,0.000797440904348261,0.9982956654788939,0.0002658463363002537,0.0004597884971482849,0.00018125878330904762
7ef98c43fe16c30a6ccc0740ea9125f15bca547d,0.008223215480966758,0.9891643713411286,0.001795835716495142,0.000578755905344439,0.0002378215560649641
7f09297fc1b6574f88998b31c1d81b3e91a18c48,0.8872920378093585,0.02561329087821709,0.07998606770129782,0.005532203295808854,0.0015764003153177825
7f9997156d9570ecaffc25844119687e0163c182,0.005201260432249489,0.994167518942714,0.00030063849416253,0.0002280072080695022,0.00010257492280417873
7f9c782a3bb19fc187af4483ee8853f27d7ad88f,0.9949101008739342,9.363208933681163e-05,0.0046553701311244,0.0003156172841774707,2.5279621427188773e-05
7fa086a2728956870a846a86da4e02671eb25a7d,0.008539299286017595,0.9810826576781281,0.007014184029720542,0.00216144197206163,0.0012024170340719426
7fa49d935dcbc001b9a575a44b671de14baa5812,0.0036833779146940183,0.9944998468236459,0.001053672577910657,0.00044872654014861105,0.00031437614360097486
802bb47bbac63060cc2a31ea488a3e88e898fd24,0.22620355876168366,0.0014838186104350994,0.7709991369173843,0.0008663085328694291,0.00044717717762746996
80657bbb29eaf7a9bb0e49ed7e8d6b3f7f5930b2,0.02975923303013342,0.9690028841272599,0.0007372333577180998,0.0003409153255401901,0.00015973415934867778
8073e0fec4423f60bca714433d608d84f98043a1,0.3388383080443861,0.01399378542450669,0.6430085824251849,0.0033381465607501028,0.0008211775451723353
809931de28ac84cde391bb4184fe3cbb8a8fb3d2,0.025428014381056255,0.9692362552360813,0.002964705535849893,0.0016487543026161477,0.0007222705443963278
8099b0a0e3cc5f9932577b989819453fc85d4930,0.9273981031692321,0.0012769193985250652,0.07008910716530713,0.0008054805963256398,0.0004303896706099081
80a72a4970ce34d789d3bde3bdcc1897a4d96d74,0.7307997258210746,0.03904672505646103,0.2120980117267394,0.012924754041580007,0.005130783354145
80b72ffb6209c77a1b6317a35491a2ded6b52321,0.9928301102768698,0.0015056396124861486,0.004981126671691021,0.00045930948755434014,0.00022381395139864176
80be339d9c32080b162f55e76cb3d04c646f1571,0.15327677141087812,0.011600262284298132,0.832592045866991,0.0016240155639560083,0.0009069048738765777
813c5ddd13ccdd76a16ecb6ecbeefa0477e6471c,0.0018568273059474515,0.9976540064305512,0.00015134378553891432,0.000256731923789909,8.109055417258747e-05
8157913bf8aed60ca8bb93efddb90d2803aa6a6f,0.007658207157719467,0.0013338897863354193,0.9903994477918313,0.0004303508071729303,0.00017810445694104257
818f42973d933924c2459d0a3051233e8b572558,0.9852395886523423,0.0041119297350237635,0.00916772652928486,0.0011879032838814701,0.0002928517994676771
81a21083e49c2c7cb50a59102453bc94da5dc661,0.7534462880628774,0.0043359170506062665,0.2387499770454055,0.0027300355300196965,0.0007377823110911386
81eee390bfa2ba4a6783bf742d7c1f5577872727,0.10566922606422666,0.8740727650596793,0.007148980945449036,0.011397239610232469,0.0017117883204125401
81f4e7e4447feb07eeace7a9e61165191bc5fbe2,0.16898798986509359,0.024404385911565733,0.8025779382096152,0.003225555563088465,0.0008041304506369259
81f5fc093364e94b8bd6e20ceef313e89e5a307f,0.9026797166247137,0.004845183520235721,0.09080500922582442,0.0013315899257969614,0.0003385007034294709
81fb4fef951ee50c5311c6f270321d2419f27e6f,0.8191021563461837,0.0023851182930945966,0.17694811685589953,0.0012260697367697947,0.00033853876805237245
82402665be55b87f84aca36ef2f01139a704e6af,0.31575356372464364,0.0021538276205496747,0.6803383673571609,0.001312058273286477,0.00044218302435917816
825097219ff0a24995bd0c1990e7aad327633d41,0.06743516609331258,0.009487269545737666,0.9160712203426029,0.005904671623163418,0.0011016723951833137
82741a528f701adadc471d3025bb9781b5dbac08,0.2514507035328516,0.714172683771451,0.020985253299395507,0.005091601846218041,0.008299757550083954
828eb52539fabb6f2a63b32d3f2ae8a783f0e924,0.814738590028441,0.0778471241007925,0.07420742374241651,0.03167878117017285,0.0015280809581771186
8295a1111aafc032d6aac0577cd2ae74f2d6ef18,0.37780055744835866,0.0074139921313928605,0.6123854295415795,0.0018437581889835582,0.0005562626896855958
82aa9714c0624a02478fcca3f7e098c1a5a61513,0.5617885785227371,0.06931425809307212,0.36372848241369293,0.003691196830362244,0.001477484140135607
82beb10b4596758f4a7f7026962e218ff67d952a,0.05505979514268866,0.9033924491851061,0.03736673913360028,0.0019209061776806998,0.0022601103609242172
832cc72e0de7acae91cea6cfda292a0b29a2765a,0.2688466659096722,0.0044688681790867055,0.7254093631168214,0.0006922043579118418,0.0005828984365077918
8372eb7514a3de5ef20435e1aabf0808e7f25604,0.2589342480604238,0.015167241363750103,0.7235223571618219,0.001571481419588425,0.0008046719944157922
83833f6832ba25805852cd145ae2a0a1c5ba0001,0.007150239541106946,0.0005250330217322349,0.9910821814033014,0.000993103665014847,0.00024944236884466857
8421b52dfc2c73a5c1a5bb5492a9093f019e40f1,0.938178936441072,0.004918445401436814,0.0551516119648231,0.0014479587032634137,0.00030304748940461945
84a12a8fb9ffb82c79899838ffaa32cce933a8f5,0.3057423707247416,0.017105503051396992,0.011430520864016207,0.6623312491429285,0.0033903562169168267
84a84af332d8410a649bdd889722d90fddd46bec,0.0082294911191064,0.9889735849906316,0.0014812663142459398,0.0010177904487302927,0.00029786712728573805
84c6dadff44ba7c6d6daa7a2e59e0b59d46364a0,0.5973584728311976,0.16272123719915546,0.18647634022538506,0.043782634059070125,0.009661315685191773
851a6548977da40c3fe95f93c8fa63820618640d,0.03238254089710054,0.0007025474535284325,0.9663851190234188,0.0004324127013758408,9.737992457654266e-05
8564e8dd4c184aa8f193e7ffd7a19529a2ada380,0.7329901858725726,0.009521859963235334,0.2530246303136955,0.003685108797909891,0.0007782150525867222
85b739fb368731cd3a22a740d1b08dc8377200b5,0.40245277928422934,0.036281236983780156,0.5490057234772033,0.009535989650136337,0.002724270604650867
85b9380dd8658400eddbc561f13b9e2602d25585,0.0504661382433801,0.9440432881340233,0.003054313925611831,0.001789518403775308,0.0006467412932096629
85fc7c85ce292cf90c89ac9de6920fb23355dd90,0.562538124585576,0.10023879531333867,0.306717358756079,0.022882675232101343,0.0076230461129050565
86b0edba7f83c164a8cb1b597e84cbaf473771b6,0.848275504699008,0.02236639461103679,0.12203103697943128,0.005436311645979047,0.001890752064544903
87344c94ad76e7e284ae2c6ea21f2fb4af2d6e6f,0.07035919389963931,0.9003874097642227,0.02257835350212232,0.003959457385629262,0.002715585448386404
875b40e7c1a60b0df8559f1570f8f66691bb9cb4,0.02679913325624652,0.9484371878866608,0.015452588594226145,0.006931901537546267,0.0023791887253204877
87681f25a07d0a804ce9e362e1567a0d587b4815,0.019229174979113167,0.0075322050803338985,0.9709885159482138,0.0016402076047134467,0.0006098963876256628
8771c61774bafb439e99f54fe2f1ec8a595f6a15,0.07883635925904942,0.001468749864185434,0.9187732982067898,0.0005826196186229402,0.0003389730513523663
8799b775bb3366dfbeddbdd164c29abdef9d282e,0.45307885761818795,0.0008803422551960645,0.5452313468188584,0.0004159500074008039,0.00039350330035659167
87b2eec153fcdc330b4c1bd0afab63e028638377,0.9115467869036523,0.022024413276092582,0.04789437368221567,0.012570105869841962,0.005964320268197541
87b3e02af79114d65b1f4b982d644dfa8ecd49f9,0.33596723857168337,0.4369588905488319,0.026781879430737208,0.1522796549309422,0.04801233651780528
880628b7c9df29b90860022f0ac69ed3cc1b4d29,0.8311778610559536,0.0032105602878043887,0.16466121442887446,0.0006947217462631116,0.00025564248110429333
8817d1ef9dbe2964ee7ad49511b168e0ca188c34,0.9896569997932035,0.002501839981249019,0.000774611109898821,0.006831212298845266,0.00023533681680355106
88265a7926dd85e77d10f015df7158e877b450a9,0.5542932063305269,0.40714957991542305,0.007853424670429788,0.026090301360085187,0.0046134877235350725
88ec6deb265592eacf5180b3720bfd69274b3a03,0.1400882704001091,0.008665090550031243,0.8479286513728046,0.0026169960732207818,0.0007009916038343355
8925998973a33a0580f4b36f6249793330e00448,0.37829421196710866,0.012875979970109908,0.6024835412776458,0.0037273096508398896,0.002618957134295795
8927230a94cc87b5007f95b83a056838711a8d18,0.03401765328505377,0.9593923848622429,0.005042435357641257,0.0009771898603528725,0.0005703366347094702
8944fdc054984a2d284ab4b46cae71a7425927bb,0.0034109214405203146,0.9889901201207675,0.005876188874857424,0.0014085508362296595,0.0003142187276249866
8964da0bbf32d72667b4a8a7132c59a21efb5ad4,0.980232874043274,0.012591072549689601,0.00518235394466448,0.0017089271550392669,0.00028477230733274625
8971560da841654042f221f023b57627ffb3c68a,0.9067312741130646,0.0003749877353642268,0.09260472723744441,0.00016598999399390982,0.0001230209201325089
897bf1448815e1b20b77416abcd4502baa854609,0.005741791820387407,0.9891466491327627,0.0031636010677385594,0.0014370025516144476,0.0005109554274970445
89af600c262bf0f90467ddc60a798c710409ca5b,0.6332236264424878,0.2649694588792167,0.08282773123789092,0.015402475776263365,0.0035767076641412417
89b3233697a364f36648f5cc762b8871bb796219,0.02760101830397899,0.9702719227933646,0.0010532165299109416,0.0008590498034765526,0.00021479256926906215
8a00e47d47f430d08e977673bb3aa1260773505a,0.7842026063453877,0.00995244209506501,0.20171375246756584,0.0033859126575681653,0.0007452864344133727
8a04bf8e4820320ed7dba53cf31d7346ac0cf6f8,0.9871895362946648,0.0007698837363385145,0.011210515129084608,0.0006783745469654149,0.00015169029294669466
8aa6e6fbcd12d694dbdd004d64ccde6fc467e228,0.0074859815741032095,0.9921528373933359,0.0001734285779202239,0.00011066875057415585,7.708370406633611e-05
8ac57b97d3011dd06d76b12f98d6ba6e379a8583,0.6716718204453193,0.001367352221235269,0.32640256662096256,0.0004151076387422353,0.0001431530737407668
8b6d5c21a1cd3fdc808991200d40ed4216fb434f,0.28448364329897213,0.007990252600756162,0.6998069028913855,0.005252407292784536,0.0024667939161017866
8ba27d258fde5d01ce3a01d3b32e3a77f5aaa01c,0.9420516423740712,0.048901896915299996,0.0015271634678780143,0.007178926186401244,0.00034037105634946113
8bac789341101abeb21ae2bc647a5ac4537d8bf9,0.14677610050901901,0.8335694506098943,0.01648055568440416,0.0025237663084623184,0.0006501268882201655
8bb8c2e76969a4d5dbf60a5d57eb04af8b20c4bd,0.9616703029867334,0.003499670203967663,0.033547293953229265,0.0010165379428605324,0.0002661949132091949
8c0d596e13f61b8f2785d18f7728cd7f59dfd91a,0.6822616256313,0.014591779294603183,0.29660341609082996,0.004753141371273174,0.001790037611993567
8c399ef2d3cecd969018e5919f079602ec8592d0,0.36376749292579164,0.005198615094145548,0.6294285594902707,0.0012453959514761002,0.00035993653831612235
8d71c5e43546c487adfe2376024bca4f71f13cf9,0.2113620577506627,0.7828036121120203,0.0041281259756453395,0.0015679160539498569,0.00013828810772178839
8daef43d6364153b91cdbc9ce110c9768d62c747,0.03364368772183773,0.9645841362160956,0.001289951523921828,0.00031859203648984,0.00016363250165503
8de16294c60318a5e14f3d75ff1c31efd33f4929,0.00985532413777984,0.989223746210565,0.0006202857439043547,0.00019982823592975665,0.00010081567182108165
8def6fa867c1f6fa018a75d9437c96da27ebc653,0.013279835029371809,0.9858351052389166,0.00032304548420301443,0.0004072852613805672,0.00015472898612796273
8e09bf48158e6e3f1895bedab209af94422a38d7,0.03759843710634483,0.004740790883241805,0.9559116557490465,0.0010966839437223793,0.0006524323176446437
8e29e7517b9d8cc0bec21b841cf4bbc2dfb1f2c9,0.9656418914338066,0.013902850430306061,0.017911699651316393,0.001927241369805279,0.0006163171147654808
8e5d659c8dce795ec6ab2ed7a1b61cd39688cb5a,0.4305861092765151,0.01385136803293889,0.5523384618952447,0.0017299344996924407,0.0014941262956088025
8eb1126142f953756615fafcbb2cc29557298c18,0.0012148640075885643,0.00042445448113511433,0.9981360919766982,0.00013710952679474712,8.748000778336599e-05
8ebd13d8cc5bf38e26fba6b558a3ebb6e425ac5a,0.12048967519373904,0.005027182932843859,0.8723257278716886,0.0015003431835015318,0.0006570708182270655
8eed74ac393a9c28b1553d8f19bef476e170be8e,0.007735786496671422,0.0037912658196875104,0.9871961356757203,0.0008935743779752648,0.0003832376299458677
8f157f16224358eff499e4d516646d594376bc53,0.003154551639794117,0.9897399055531223,0.0044815931482697505,0.0018667694952814692,0.000757180163532308
8f21bba585efc8b1d70bbbce9453745a6f07fe3e,0.0025934379795358948,6.907376079782004e-05,0.9969482556041196,0.0003089082691714589,8.03243863751241e-05
8f6025914c3d077bae6b408315ada9c4838de506,0.031890998887879794,0.9604753166164098,0.006376700549875623,0.0008194536251482592,0.0004375303206865785
8fcfecacd3c47dafbddcbfaeb72a09f51e04b494,0.013589453876444784,0.006581693245500391,0.9714516256099652,0.006617005612860455,0.0017602216552290348
8fe33e7476cb5b7f63150df082a0f91bde079be5,0.7455512089965055,0.05080921040772356,0.1899407313854452,0.011449348265810805,0.0022495009445150245
9055ab4f12aad23abe3b5dafc2d48c5c293d17cf,0.030339399103432828,0.002580004597928822,0.9548506673625313,0.011548764668138133,0.0006811642679687989
9066fc88715e33b69494562e2417356810a0286c,0.9943310950299642,0.0011118339721232155,0.0035382498178210963,0.0008798565427893791,0.00013896463730214416
907fdc32fd896f08a94c5b27ac8913bda5e0aaaf,0.28369554365949773,0.010093744397207229,0.7039280563014053,0.0016213726230792668,0.0006612830188103167
90e0b14f284e0319a84dab9ba868a0201b8406a1,0.027390708400191723,0.9598901416336968,0.006321736345064414,0.005061418258561482,0.001335995362485662
90eda08f48d3f894a1ec1e7e68ca42eec7b9ab9c,0.06987641295308844,0.0012211145438941141,0.9280791516396992,0.0006069217017297155,0.000216399161588551
90f9f6236bf100916598e240422ed7143d336444,0.9399880436526251,0.04866836859680182,0.005693727217841925,0.005182922115896969,0.0004669384168341026
910dbff5c52c1ca9c7e90f66ac8ccb6fd9f61958,0.005712045797027496,0.9925936653217217,0.001252884579204448,0.0002539213552297887,0.00018748294681670478
914b001550281785098ac4cb2fbf6f1d2ef65a41,0.009945828452081246,0.9885353136305077,0.0011007439846535448,0.0003180942429511693,0.00010001968980618378
914d19fd563923a99daf22b5f4bb076be008a2fd,0.0575027224370606,0.939520712623769,0.002004257205302159,0.0006179463918164715,0.00035436134205177046
9153e54b3bc15a1e89adc3fdc502966689bf1e71,0.0006812717202340466,0.9976835930998196,0.0005230841330185875,0.0008241432481653417,0.0002879077987624447
915ba928b81b61b9c0e562cd0d444499f382f4f1,0.9237155566228532,0.008445731695312108,0.06555698882987367,0.0012888531565699885,0.0009928696953910604
91fb902c1e4ec7acc975c5120a24a2d2cb500220,0.06034901550607194,0.9105340928283511,0.025127884801523056,0.0026889772946887868,0.001300029569365281
92019adc09c1a28bb28b43afe1815e06f2fad72e,0.09922077045820388,0.003522135277942961,0.8935991054661018,0.0027186554011585846,0.0009393333965928056
92053977a6b28dde78f6becc7609e7e36ff8ef9a,0.5481774590586611,0.21282151389334794,0.09495213381662664,0.13203980262386514,0.012009090607499214
9228c551e38331bec7142222e3c95cb5f96a0247,0.445863328716784,0.011303518573020784,0.535808701708755,0.005893466602038847,0.0011309843994013109
927e636fa2d50337331faf0a3d5173850529489b,0.4218565095907861,0.00031820624718607296,0.5773027039489631,0.00039154794476535564,0.00013103226829935544
9299e6433f32a140e3b56adb2aeb3661afb103e9,0.996339062075717,0.0013965711702869812,0.00191293106579974,0.0002858082803055524,6.562740789071232e-05
92dce967653e37b0587255194db8191acff0bdd2,0.41469037543171106,0.006858551132366241,0.5760274111585765,0.0019537256412580205,0.0004699366360882201
92e0f406a48566b9bca344f49c38f8c339c657e7,0.9686753415553343,0.0062346158345445366,0.02403992415757218,0.0006771489834908464,0.0003729694690579892
9300f3171f0a4df9abcb3e456046f7562e8be257,0.002692027971688125,0.9971194085199424,7.434226279712495e-05,9.027057883934584e-05,2.3950666732940514e-05
93090a1272d6e9c4070b181a3dc61b17c6ad7c8b,0.0028603451116265095,0.9962913147200164,0.0006309931358513634,0.00013571439114237063,8.163264136321455e-05
9315a4e62cbf0be09064a1543983028800e3ec36,0.0010537423144803995,0.998709602611067,7.185656028431407e-05,0.00011883750315622167,4.5961011012215726e-05
93528a47cb418a0d319023602d2d1dbe22a14124,0.017399080206445917,0.0080414280219212,0.973526419731928,0.0005680872633152994,0.0004649847763895941
935df75fb21adc0c4008726e4baeb0337fc03307,0.9831487115964467,0.004846996168255791,0.011207494904201297,0.0006615380851237193,0.00013525924597249228
9362cab7b1f02ae1e56b9b62b23f16bddc55b1b5,0.016749341186804753,0.00041046120646998975,0.9824842710842054,0.00020399879458237922,0.0001519277279375502
93e4e980d21e107163b60e3d56869b48ef0071d2,0.007700628376963746,0.006193945616356954,0.9791143069854584,0.005403441734941467,0.001587677286279484
93fb42d64b30c15216541fa674a3a463d55b36bc,0.9628995035827094,0.01545236032179101,0.013541282501096508,0.007441530860806571,0.0006653227335965304
94b0f94445627a400153dd2edd229fe138391de0,0.9726602471279455,0.006390524872016208,0.019888249890152216,0.0008222586462828772,0.00023871946360306593
950827f1535e1865470ab879f625a407cfeefa52,0.3232268842722626,0.0014203089560884856,0.6743750130128111,0.0006588994969860748,0.0003188942618516979
950e83f2fba446a7cca7d0387f3ce3235a596ea4,0.17049612928179564,0.7695029311581323,0.04762663870641577,0.007209185605376792,0.005165115248279571
9514ae4eeea6d081cd345c84180d44defe56eca9,0.0031327234467280504,0.9943134345637478,0.00137443380735591,0.0008126856113028618,0.0003667225708652454
952b5f73d99ad910a2b872562ed92deb32f6c9ac,0.018707918352103774,0.008929466815196907,0.9686859761186026,0.0027439342792454587,0.0009327044348511989
953dbdc2712c9e869fa8a37870fa62d0c2f12be3,0.0020369329170383905,0.9942547994309969,0.002294487547512593,0.0009869172796583105,0.0004268628247935643
95420db42eb68eb218464930925d3a1c8086709f,0.005194857402896163,0.9931819963416534,0.001168646808381206,0.000286875001631206,0.000167624445438114
95a5a039696020101f02fc51d7d34f52fa6974ee,0.35057751822982564,0.0019285123476204286,0.6464425412054278,0.000684975592006384,0.0003664526251197417
9613558b5ab1950db48f591e88863268163e7e97,0.00043761490522069947,0.9981724700220495,0.0005454581416702827,0.00044585740747259605,0.0003985995235869974
9628e4a159ef849ea6afcde70f6358edd2c20bd7,0.8381598882749602,0.022047352502392478,0.13240701881888345,0.006044546565722229,0.0013411938380417311
967e6d875a1dbfd2a8a4fa2aea7ead54b543d3f2,0.6525924848487575,0.025904750484320282,0.0035154126226110373,0.31422848469406356,0.00375886735024767
96a9bd9d745a09a0d645b2ddac4a447ee969b885,0.014724921021543538,0.9841731028752291,0.0005048711636759641,0.00042263750560164314,0.0001744674339497553
96b36be6ff419d2fb9b35dfc05503e7ed2aa4ec2,0.00367379696164553,0.9950973291395295,0.0006765296682397609,0.0004100433157362085,0.000142300914849017
96e09eb3e3afac7a1ef3334f3df1fb2ce8e3b19d,0.9488218340473737,0.0052695137558957895,0.044849500968086285,0.0006352643911619814,0.0004238868374821474
96e14929c32c48d5dd271c99a0206edfa9a6660d,0.007386129726081747,0.0024255190115196664,0.989356802338973,0.0006152086180152723,0.00021634030541029374
96f1f0be06407ecf662270dfa3f793b51ef0db31,0.04182556082910783,0.008015851242774623,0.9475643044342823,0.00179812054828699,0.0007961629455481492
96f6511ac646fd5d6cbb923952aa3e7e275b230f,0.9881056800700214,0.005805542280635013,0.0015521968622394596,0.003903335839314782,0.0006332449477890286
97180137e718b513c96960f856d97ed3b120d0c4,0.01431643040316474,0.9843953150027398,0.0007102652855210055,0.00041225253499363397,0.00016573677358076188
975383d8f1bb6bf4370da455a59e567c5f7e7dbe,0.21590404740315278,0.010261372034193821,0.7678835475702936,0.004882303559604874,0.0010687294327548342
978051623d4f7910a4ddd55b99ad5569662e68d5,0.9029337688806177,0.001878072738518813,0.09414092924262168,0.0007328003001183546,0.0003144288381235908
979d205d2bbf709301db8b70852bd10970113df7,0.012305172089074832,0.9856120166141961,0.0009297981353729205,0.0009891439847936605,0.00016386917656268182
97b22e9a72b630f6de7d72e14f2f3000df7dad92,0.020586292682376488,0.9784494208841796,0.00037398161626769373,0.0004212662527381835,0.00016903856443808038
97dc0fe026418693904e4868702f331386900eb9,0.006401584201446164,0.9922889473530494,0.0006238289278625398,0.00041612755873228485,0.0002695119589098148
9827223b6be2be42cff2387778ed07e4112e9a8a,0.02483667916070718,0.9664973873634697,0.004837497160394353,0.002880989995303026,0.0009474463201256544
9846d89eeae0d807b02a436e2fcf481b3bd7fb82,0.00030174445130310703,0.9992284755074278,0.00015387749783129433,0.00015743192761074728,0.00015847061582712429
986bdb07e65310e4ebb424903c153d50422d88b2,0.022148283756135208,0.9757592442514603,0.0008835347438056457,0.0010223279054751692,0.0001866093431237084
9892cbd1d2a4328213ac714dfe24a46da3283dfb,0.8035327558959515,0.08105154021304205,0.0435028750458998,0.065181143528381,0.006731685316725739
9895f081172c758e065896489e2fd2af8eff7d65,0.005298344699958053,0.9940389261514195,0.00045405200661131586,0.00013670354365109244,7.197359836002095e-05
98a70c388e03db2750c872b65b38f0e7c3b6f6c3,0.00040141030205564693,0.9986006565935511,0.0003062648938643522,0.00045898845583766483,0.00023267975469100133
98e92cd1fd1062aeca09bd068ba00e465e9d0cf4,0.07723693792242686,0.9124148831225645,0.006863098091871727,0.0024598079170024983,0.0010252729461345184
9928f7fa825aff4637a52d48f5def4866d638c13,0.1740226236721437,0.4095781235761126,0.3729837547850883,0.012224970364503653,0.031190527602151692
998feab6cfae08373049d3083ac990f902b93508,0.26552866393878327,0.592703064840711,0.10474165400431959,0.016020026850630514,0.02100659036555557
99aa4b7b310ede62a66fc6797801c10fb3f18f52,0.10557030317631584,0.004369973265548486,0.8883648191901865,0.001303223395753973,0.00039168097219499334
99e05a1c511cbf76e64d3fee419ce7f5635deb9c,0.9185171491052566,0.002896545835560237,0.07716973199594002,0.0011718658614059655,0.0002447072018372702
99f84e3aecfc812d8d28677eb0ea9d0865961a4c,0.9631656585496766,0.017712716162805783,0.009531475717617465,0.008683338560125348,0.0009068110097747773
9a3c2f79840227c83eb207ce1b65a9a3eadc47e6,0.9118683482331644,0.02798782399241164,0.03888980869515993,0.018863553619156544,0.002390465460107443
9a87006903e08e379a9496f868ce9634843bea83,0.011630513563171487,0.9865980091329546,0.0008570445523277534,0.0007140943813407116,0.00020033837020540061
9aca589737a4007b3036ce3cff316e22c6f47842,0.8020566926003015,0.0029427078754337395,0.19305308687533798,0.0011712369477013195,0.0007762757012255005
9afc1a2b4d9f515bc9c5fa39575d1cfeb5969612,0.03271565219826116,0.9554262782045342,0.00983807236716419,0.0014577230204738047,0.0005622742095666917
9b6a30faa2348dfcec47c8384447f699507e711e,0.8761056410267583,0.04388548836813359,0.06192813530966499,0.013695380895676956,0.004385354399766031
9b6ac379b03b908107ae8df566ba259fb4a63d07,0.04946460146280755,0.0021974645700374045,0.9462978551727381,0.0014771481150358675,0.0005629306793810137
9b7dab4354255fdfda8ce0c7e55237bb35f01b26,0.8528615626807777,0.0022879213734639243,0.14388656890867318,0.0007018458475586503,0.00026210118952653015
9b866284715be55e9a191da635240dc1df63bd14,0.003774102698243836,0.0021415654564396515,0.9924444726194308,0.0012003204838252903,0.0004395387420603447
9bf745ccb5a22910bb6557d9c5065e4f0b47380f,0.0019070651496037314,0.994517928541941,0.001461506984158966,0.0013102734141324699,0.0008032259101635553
9c16c25eb1f2acb33ab0c5ef85bc7cbf4e9200fc,0.31898355441896786,0.01828071761742643,0.6491122219885822,0.009816602333951893,0.0038069036410716016
9c98d322f1e1c03867822cfd101c9c681ad4096b,0.961877813867598,0.021531014090272336,0.009523524407752504,0.006228680119295688,0.0008389675150813774
9c9b00876222cd20f4ff9ae894ead1fa36526960,0.3533112271039567,0.042474018192451245,0.24129388607828378,0.35323515863410876,0.009685709991199576
9cc0096196b2d9c6174e4e4ab12b6c05c519efc8,0.02918873887349862,0.9639306384235078,0.0035159563055212305,0.0020920270445120032,0.0012726393529602824
9cc09294223581af49a0ef72482f6a4be9469b89,0.6423532483646753,0.018608919036875223,0.33603807437270045,0.0023632762973391447,0.0006364819284098242
9cd84cd14eb9cdf596d00a96d0fcf35c891b0419,0.11282536401138124,0.8093194808341525,0.05876561828569488,0.010839544672632385,0.008249992196138837
9d13cf231ebaa17077222150aa737ebedc8c50f7,0.9302165608247558,0.004266919392761186,0.06183746252122098,0.003315376073653048,0.0003636811876091599
9d7bf1ec92ccf34b91c01093b93b09cfaed588c4,0.13700095155389205,0.8589604831015258,0.0022733920465121626,0.0012746205327999213,0.0004905527652699295
9d8f90ae8b33243294ce2c742fa466ed65c8cf3e,0.055433786141060044,0.008352232801501675,0.9328250821649394,0.0021457044022479633,0.0012431944902508729
9def047c04147ddcac5d32b2b9638aacb09162c3,0.976993218173789,0.008103621216924586,0.012685595110462498,0.0016715993509419807,0.0005459661478820299
9e8250f92f72775c8e508808f215cec4ac703f72,0.8848761271775754,0.04925324827456794,0.05298284906424726,0.011206578920484506,0.0016811965631247376
9efa7906b28c4f1278f7b2b0736917a6efdcdfbe,0.9647291890536515,0.01769545511452507,0.013198223401558965,0.0037438705665119565,0.0006332618637525306
9f165429099303d27923c2de8bb5e2efa92f0845,0.029817467555591715,0.004711737415730016,0.9635878872844084,0.001228642836960337,0.0006542649073093885
9f1702b44113e407f4be693ed91b39c61b7a90a6,0.9706838180774415,0.01239518788829722,0.01334688538037656,0.0032911151060095937,0.0002829935478751513
9f52d77cdae11505ddf4776ae95ac9c0437dd3ac,0.16325745338338563,0.8087953305109374,0.026494053772361865,0.0009476222588024074,0.0005055400745124755
9f67c236515506f0e2a80cb122e08a3f2bbac8c9,0.15781176137138242,0.0007996500468252264,0.8409679706993871,0.0002627754993421058,0.00015784238306304176
9fff4a006d27b240f15195970433028b7c317d99,0.9635673231322819,0.0163249704747188,0.016175640137273514,0.0035255276952860276,0.00040653856043987264
a0285ee2657b30b0646d27a10adc4df925397cce,0.0023669478057532036,0.9973566855363091,0.00017237463079638527,6.430967522655021e-05,3.9682351914970306e-05
a07a9fc65276c7b3e66356369647d501687ab04c,0.9342416944448257,0.008075676692210402,0.05130401300527266,0.0056364651181322,0.0007421507395588377
a0c6401fb1c07118f4bb63f7ece49386769e1a1e,0.018019375367515498,0.9746573513713563,0.004946689206587647,0.0018032341120222289,0.000573349942518467
a11113e50f5711a29925f618136065af9c3c2dfa,0.9826480056157468,0.008081062862875514,0.008248032248372441,0.0008366687798469068,0.00018623049315862297
a14d8bb64623087cc9764520fae4173e8cf687a2,0.8215337347329356,0.0018495500640155664,0.17555760173601304,0.0006315924178736971,0.000427521049162074
a19d4b56498ce7889ac847c466c870a987824926,0.5400448710705662,0.017356939424747527,0.43247200789366996,0.006042639567742228,0.0040835420432741
a19dea4e11e86bff4b9a65ace1bb222f83a2398f,0.010457213409294112,0.9854876928748876,0.0017857200213926682,0.001854997791503122,0.0004143759029228235
a1d391ad01aa22d793b176f1fb8e092e243b1ddc,0.9997287509920117,2.904825456681699e-05,0.00022881788751335204,9.032624224876471e-06,4.350241683310587e-06
a257be61549c231c125c084cc5e8ef087bfc5f52,0.8370917953948807,0.0006892516638450077,0.16157704321081448,0.00042959023091802194,0.00021231949954176113
a262992f34139d818076c787fc2b683521768242,0.7144500701198343,0.06499106215700769,0.19623735263797334,0.01694214826240529,0.00737936682277919
a2983bc28b9bd42c33903e5a0a80d0c2494fb88d,0.005766300819313349,0.9926266232451486,0.001067593011556317,0.00035417683644036857,0.0001853060875413586
a2f6d6ff0f62276e425653dc834074230854ae79,0.6937181453620027,0.012429051078532495,0.291068821303543,0.0021516215409998966,0.000632360714921905
a2fecc417616647bc98aad030152301a46a1f21c,0.27058563715676126,0.007286848621005689,0.7184225066606943,0.0029295617477156405,0.0007754458138230592
a3400257cc6da250b6e3c02112201f12fe88d01e,0.8970648451754342,0.05920381447491874,0.03482879454601999,0.007033628828369542,0.0018689169752575795
a3c8bb81aa30afd27de00f07bc08ff1b9f957470,0.23050685631015405,0.7103241820914825,0.03783023292032023,0.016515995105103716,0.0048227335729396125
a3d534ba088759cd569f290427199dae40c00ada,0.0009248979374119714,0.00011326910539603537,0.9988771807573251,5.5605139217569724e-05,2.9047060649306708e-05
a3fb0263888145b3e8a5213946f2f77a964238f5,0.09891220761601015,0.004240138894451026,0.8933685980342846,0.0025029660887498292,0.0009760893665045185
a4404b8b4c1efc887286ece86cc72b5259cc8b20,0.0017278667095661547,0.0005005229027053111,0.9974074023306343,0.0002655707457327806,9.863731136128181e-05
a4ac80773e8734bb7afa1f1e6750d194980b37e4,0.9808385491555011,0.003670408899745283,0.013478658886198999,0.0016999413397731182,0.00031244171878171167
a4b429ed6e571c822ec3c642fedb7b54e37e1b55,0.9936068419934246,0.002681061018927736,0.0017592168853601223,0.0018422359982218765,0.00011064410406583404
a51bf1fd150d83b6bab3f088f05ae1ad2ba331a1,0.007757514855707633,0.9914628044750642,0.00038923082298765135,0.00028650487118284915,0.00010394497505765318
a563a750d36fcdd1ebe1b64bc254675d689aa6ee,0.03161243607437546,0.003913847899651733,0.9612598465743594,0.0024440511352928477,0.0007698183163205865
a599038bf7022cb0e9d0d9b9b901b3be58c0aca1,0.032560933779127506,0.9584184576329471,0.005729708193498096,0.0020805471267906135,0.0012103532676364587
a59a4ee43d81b5eebeceb3b53b8737ecfc87a63d,0.3024934248345045,0.0023760610217963803,0.693069338246213,0.0015769338423484698,0.00048424205513769483
a5de11781e5f40cd401f20b475cc0051f06e0e3d,0.07825491155398298,0.005603546221281067,0.9147724150734027,0.0009538400937601504,0.0004152870575732133
a5f0d36e3a2181a7c9399c83265993b63e4f7868,0.023880639597443444,0.01956792551280632,0.9451564052345246,0.00705842378697329,0.0043366058682524225
a60c2d34fa4321a8f1aafc53adcc0bd77e696d91,0.09138306806658399,0.003422278983456089,0.9041650761139975,0.0005998846080471321,0.00042969222791529554
a61b719feefe1e856ea6db2cefeedeb4eecf7837,0.025383615525468327,0.9688453635723892,0.0017016274750646652,0.0033981195947889657,0.0006712738322887665
a6317e7e908c3743410f36809b05c91d0597b32b,0.9474155017454754,0.019320368008213087,0.025586903118416854,0.006154109072003456,0.0015231180558912415
a63c46f1c92fb53c522c6f26246a5558e86ba3fd,0.7258333144958129,0.007346261027555218,0.2634930073861258,0.0026767372921142223,0.0006506797983918489
a641973697045ecb002324e5e94e194b5043f695,0.9934920433719843,0.0007548509647802423,0.005162013379831203,0.0004741337097335187,0.000116958573670653
a687352ae1f99b7ee12fb52db8d3eff7b5842396,0.9344768850465975,0.019075586564885175,0.03979494391173221,0.005575753624814093,0.001076830851971076
a68e1cd072da13f6815d92b3427e65f18ce0d7a7,0.9802088960355562,0.0019699755646812923,0.01537830525404552,0.002244412382822199,0.0001984107628946088
a6a82b5f5fd74c15ab95ee41d3b1bdb093dd6d5f,0.012215047364840415,0.013040297754640651,0.970709173598805,0.0018038904452984284,0.0022315908364154754
a6ab6279c49859a309e7635bf5c9a58cb67cdb1e,0.8350585982063355,0.005560204566442624,0.1559319594987133,0.00270593012543585,0.0007433076030726181
a6f9524e2d54f0bb869afdd4df7a74c6304c4781,0.37665552950638126,0.342538021691209,0.16108885933301578,0.0986794784467698,0.02103811102262395
a71160643f6e2171f2be2e52c11c8332e16b045f,0.018891440420598423,0.9797363718172944,0.0005670566133298011,0.0005810809231971906,0.00022405022558024307
a73018ec3aacba5c1ca71831f183eda81f1481c4,0.02595437733849527,0.003764374601384835,0.9694426898823564,0.0004279197130203412,0.0004106384647432125
a76cc2dc5b6c59d0ffe466c8dd6f4be22c0dabbe,0.9816653744097127,0.0053888928772789346,0.01226619094974327,0.0004606021266319942,0.00021893963663325861
a7a36eba4e6f2010f4279e58b313181c630cb8d6,0.9089680604992377,0.07451138049178734,0.006468568832147353,0.00838649692667429,0.0016654932501533094
a8abcecf7e3e2922cdc49468b3f369f2ea295377,0.8132483447697348,0.012790022991690252,0.1715131479716567,0.0019292568927265351,0.0005192273741918436
a921e2c4247025be7247ef32ab7b4bd02d5378fe,0.004212599578186937,0.9942673236101838,0.0004081655909812853,0.0008521794518871799,0.00025973176876058224
a9785f054fc51e55009da4c78d9826333c7baadc,0.8744118535837516,0.03676386234516234,0.07997000601717702,0.007046474622149755,0.001807803431759136
a9a478475998201d18bb95e7baab0b799cea9809,0.06830358865867243,0.002479803231415146,0.9274800421101974,0.001192416085375388,0.0005441499143398104
a9d176ec1baea859c466ad74a87f3d06fc959e36,0.4875984530011536,0.06464479687445886,0.4413816840561899,0.004692725509400863,0.0016823405587968571
a9d9494484aee1a859ffc079838829ab27ede021,0.6425072206381885,0.0035822810000199342,0.3508393458169472,0.0021150124529521817,0.0009561400918922719
a9e3bd5d1285ae5c79e16310c4712dbb0b2d4d0c,0.23180595486081482,0.25029875106650934,0.40962148149467714,0.03565889923639514,0.07261491334160368
aa2e03ee8f11facdfec5c357e0fc987adc1ad8e0,0.8660060238519968,0.007853128245105052,0.12129447936389735,0.003849784539512404,0.0009965839994882449
aa2e45dc757c7fb476722a6ab0ab02d79d17f5db,0.9701746074603816,0.0046829303100614636,0.023170945353212413,0.0015312023671029322,0.0004403145092416677
aa3d7d93c5d08b69eb8f0be7f58dd3bad595a323,0.024120745977808063,0.9179188227419679,0.0005769407171143907,0.05406649633816268,0.0033169942249470087
aa3f6951c32fe66db3ddcb4ac081606fb3ce5ff0,0.807512283918722,0.006430382943618383,0.18332268559752413,0.0019638561667154534,0.0007707913734200984
aa4fb0146659d0713351e5ac23315f549bca5389,0.08640352273342981,0.03816689812833133,0.8650684317337972,0.0072026605202144284,0.00315848688422706
aaaa3de32e2bb82d4f724acec8cb146d3425f771,0.0021136339298989367,0.9970043227386216,0.0003371818313134774,0.00037406023682683793,0.000170801263338987
aad3c9fa7e5abd75cd4fc4e76c44608a827cda5e,0.5429840382654524,0.008142398187515857,0.44477453750186663,0.003230173759789786,0.0008688522853753792
ab0573c5fad77973d8032da5583ff200d6ded9a8,0.1494771495843279,0.7253965927691456,0.11524215982797284,0.007465389646182364,0.002418708172371176
ab78de95ce2bccf7828f06f62280318fbeef83e7,0.9315396780669416,0.035424353136612616,0.028258518824960367,0.003596108816325597,0.0011813411551596736
ac2d59b08a60925d90bc6b874f55eb637cb91cce,0.7208449158445962,0.017940847324501113,0.24563571469536716,0.0143936873406211,0.001184834794914516
ac37b67d868c42fe1f1bb8787f759efc13dc1f22,0.07286310097610738,0.9246792999539079,0.0012275358141265872,0.0008195051352235508,0.00041055812063461406
ac3bb264d91b914866cce86bf407c2c014a44181,0.1045932233395609,0.880096044720548,0.009974150238628228,0.003945936765480204,0.0013906449357826854
ac4fe2820b4ce072f7a20c5858f93a06497624fd,0.010784426621666314,0.0015571478544174672,0.9872229002914009,0.0002978033585036698,0.00013772187401143077
ac575d1705d8bdededf8b0937317c85d518b8587,0.5801765352941887,0.008717869760733741,0.4017088875353273,0.00739222203663348,0.002004485373117034
aca61929158a49a75faf74697df765aab9ee3ac1,0.03599429458208555,0.9511646378484413,0.0014203691232884048,0.010158475459318674,0.0012622229868659777
acc1819eff732bb96d4ea17d2f12cc882e42535a,0.002460321229117114,0.0005254129208793014,0.9966999876236308,0.00021770563494463168,9.657259142831341e-05
acf29144dcee2f39efefc957007b08ce509481b4,0.02371344333437288,0.975857520544449,0.00015066648717549906,0.00024178995216964737,3.6579681832842285e-05
ad1390e694ce72d24c9244cb97d3bfde4e5b807e,0.004998112266200805,0.9905990944806493,0.003770972135440525,0.00036883755780641906,0.00026298355990295413
ad5cadab36e5f9bf048ed5ac77460c75a81fa6d7,0.02722642013587995,0.001389108144557675,0.9700852166899979,0.000876713460173284,0.0004225415693911143
ad8ea9231afb45add85e8d5f1ab90767090ceed4,0.9921850501822467,0.0012484240341047931,0.005776479727416013,0.000615585134202583,0.0001744609220299535
adc859e0aced36905e67fe3747492b90dcb04649,0.9995370499081654,0.00020232095685516108,7.980822788266863e-05,0.0001721205575493255,8.70034954754e-06
ae3baa6c34aa523fd2aa4de3c89448efff922311,0.698995973023251,0.0266404067796644,0.2583613785041004,0.013927226080964033,0.002075015612020054
ae53cdc13a51df53d1bfb022ab8cfaff9d86ed75,0.008799493346928703,0.0027851143377466995,0.9876020507787133,0.0004495681965976095,0.00036377334001377036
ae5922ef2aafcfc09e714f439e0abc8910acca06,0.016293967929819613,0.9817493174208515,0.0014500655055308988,0.0003438632618646388,0.00016278588193344436
ae8f2bf59b806326cbf5e9216764fc7c720aa0fa,0.02363037571957098,0.0018650234084469056,0.9735167005085672,0.0006900902350596428,0.0002978101283553491
aeeb2f9f6202c23e51da33c3bb17aa94773b479f,0.004165184175527152,0.9933395960074515,0.0022410717572824753,0.0001773321805716063,7.681587916708806e-05
aef83dc3b29a3f0b134e8d5e9caba49fe411b6f8,0.5706424497437173,0.006966732151479667,0.4202423713544526,0.0014130588784617623,0.0007353878718887811
af0c363f7207e4199d3b5cea6cd5ca977ce58756,0.9885328882553398,0.005038141603832274,0.004054988685980907,0.0016613306659914102,0.0007126507888556542
af7fc5af7f0d17eb6053fae764c19eecb98bb0b2,0.1890654758195785,0.07375547032169703,0.7307798313756997,0.004691453488693879,0.001707768994330938
af9e220f6610cfa4ca22b2ec62261f7ee9e3148e,0.3649739862087236,0.03627387485471836,0.570300123020462,0.01969723775596692,0.008754778160129083
affcfab8fa5467f555ab9a19fa296ac7456bf9cc,0.8729843685424392,0.06242005268391907,0.05591839241047055,0.007529255693576958,0.0011479306695944033
affd5449f7828ac42b1e735cdfa59ba404017f71,0.9954022878062349,0.001704276948247119,0.0014112556503899836,0.0013198168714686606,0.00016236272365950313
b04dad4f1870c0532575b7649af87b09e7a6f36d,0.7804400079473981,0.02868311847781262,0.1524572426579448,0.03273675279248743,0.005682878124356937
b0a5b13388bc58286ae6e8dd9469a0d2c8f63d42,0.009276410456410372,0.015401005828266348,0.968128528630817,0.00575796945727148,0.001436085627234684
b0f3bc798d6c3c45dc72a428d2cd9314697bb844,0.016038253102426823,0.9715775326376617,0.006048330102044121,0.005411525340566441,0.0009243588173009118
b1807b0293714fd077c5a446e20d392e0c4263ae,0.9813182191001155,0.005726210860299119,0.01111373781335773,0.0015595035934162082,0.00028232863281143225
b18229823538b034fbd2739a975e9649098aefe8,0.6254378378506207,0.25045502417820553,0.04996936755120163,0.07001900370896215,0.004118766711010064
b1e4fe5a56790c796878c91570eb55dff230bb4d,0.46399247408643657,0.01940082508647325,0.5056460299550087,0.009366558348853707,0.0015941125232277731
b1f0d046dc7745107c56d319dda1efa405694316,0.32735739471306735,0.01287537087600073,0.6490764941216113,0.008011208979389967,0.0026795313099306946
b20e138790e88df3b650c1ba95121414e3150d39,0.9743222240011177,0.009258334691819798,0.012726942158704619,0.002909698443535794,0.0007828007048219872
b210cb5997bb7165f8f299435daa3a42f0947500,0.03711484509037871,0.8629740650566985,0.07947641071835437,0.01802961780247538,0.0024050613320928836
b2370dccda5fdf4c1454aa048c6a4d295a1609b6,0.03692792758698867,0.9558739182827711,0.005028558347732591,0.0011555024667898432,0.001014093315717822
b25eb0a5efe9cc31463e649667dd705b8303b1b0,0.1365848927189268,0.7617251427084188,0.011342571316374325,0.0733146674262343,0.01703272583004583
b29ab6ea95cca4231743f9a06772d8a81b63722c,0.03393717309082747,0.9635116497510788,0.0018238752629812687,0.0004750501498730632,0.00025225174523944025
b2b02b5b8950666ca731e46ec0b4c1fe39652046,0.79188942200823,0.010907618928695411,0.19298329288414764,0.00299640711937762,0.0012232590595494966
b3302479a4931ff9233a4505882ca08f82504338,0.050737798752897106,0.10698485832073276,0.8265711603068231,0.011769789322258622,0.0039363932972884316
b3b7a564d7321ff2407d5ac41b1e6753f93fd66b,0.003469418768922051,0.9926973574651112,0.0020350497191593394,0.0010948637325347097,0.000703310314272674
b47afab20f73e2fe129051737f4618558ca1fd4d,0.9534618418566032,0.032841073078994754,0.0047910806917487204,0.008350975262013588,0.000555029110639613
b4e7fb790004249f73da1aee9bc92a1691c8420c,0.6499049499355701,0.007528882810451273,0.3403264266812647,0.0018973615976152017,0.00034237897509876254
b4e8cb26e7ddc0899002aa6f037dee20f7f205df,0.9781553075708956,0.008585870617265753,0.010556391784011425,0.0023071594014552927,0.0003952706263718347
b4f615c200810e27c2cbdfa6e03f50fb48b6629a,0.9708127960138184,0.000462748349137111,0.02824920280955399,0.0003956931030547754,7.955972443567489e-05
b5414650126c64991b9441abd834fc4510a279db,0.03680811950515922,0.008557811631039408,0.9379909763744285,0.015559139929346955,0.0010839525600258198
b5b953503542609bed3cc9a21010b122b498c5d1,0.5585529299799641,0.02421443934800673,0.4145507712648265,0.0016220422343169582,0.0010598171728856468
b5c79072d139d556a90f8f71f80fc88522219d28,0.0011351899726506408,0.9987398222351487,6.148037551545719e-05,5.289976165120141e-05,1.0607655033907636e-05
b5e06fb3570dfc4d48411bcfa9ae2e1e1a2e6632,0.0032994279039372685,0.9949941742020857,0.0004800673662359781,0.0006875098455922258,0.0005388206821489818
b5ee075917911a030fd7b05063111f171087ddf8,0.00871984374951719,0.9904837939985678,0.0004927034094047566,0.00024409157869199557,5.9567263818382776e-05
b5fae332f02bf756db6817cb67ff8e41dbcd1046,0.014024828218271659,0.002107481632783948,0.9834164387924296,0.0003033664397806922,0.00014788491673413097
b607fb7459e29da0846b2fd549f08763599a5860,0.018252528100521602,0.9779026336013599,0.0012385326382478652,0.0019999638818706555,0.0006063417779998802
b6382f05521a36b6f8f2c35cbe25bd2ae9e03cbb,0.9761074786986127,0.00683216028400026,0.013962899543352458,0.0027929781756131436,0.00030448329842150244
b6ea03548c371a68e97e45a854873446c339091a,0.7938955071235625,0.00507578905676455,0.19842574558731893,0.0015430795522714323,0.0010598786800824305
b741cfbb458532cd74f866755e1cc5f9eceea4be,0.9508176745530993,0.01568244650483341,0.030843605980818527,0.002181301291193809,0.0004749716700550412
b7522ce8a3de8e4a5acc15c9dc8170c70d0f94f0,0.011568207003060733,0.9789349935976218,0.008506333286257387,0.0007218237430703492,0.00026864236998984473
b75e1b6f971f0b6c238855dcf6fdc970ef114153,0.014223030538510319,0.9846684919652465,0.0006838381211501572,0.000332193723280865,9.244565181201307e-05
b780884b569ad649ffc2fbe3ffdcb83796ab77e8,0.005546033688977371,0.9923815851478054,0.0013506409110018967,0.0005049917417208137,0.0002167485104944455
b7d51ebc10df58e9ff0d81c7bad4f5ceeaed8d9a,0.9931640808495806,0.003484644481468002,0.0015868678093474723,0.001635413412875447,0.00012899344672847026
b7e0f66356a10621a0df84622ee58ef7317a8031,0.5932807486695361,0.003987150503851605,0.3925936275946088,0.008841850903855879,0.0012966223281475817
b7f794d81866ce8cbdd35c58563e5d21ba9f3850,0.0009426912427603582,0.9979816984908255,0.0002445819007241761,0.0006280018627576138,0.00020302650293230196
b82a1963807ffd59c94e442c9a77b39427c6b67e,0.02078484634475917,0.0012916425763898549,0.9769858539807899,0.0006921514580971592,0.00024550563996388427
b8d80e386622a5bfaf8fd9158c77fd90aae21d1a,0.3146705910488208,0.0430456226406195,0.01187739936675784,0.6244572606534269,0.005949126290374978
b8e676365b693078c0084b5e9387a3842d688499,0.99881522609676,0.00018953234684646576,0.0008170073378695199,0.00015211836820818613,2.6115850315807014e-05
b91cf5580ab8fc273c333eb48d3afca51aed4e32,0.005821381880576516,0.9922395771381809,0.0011741860394933867,0.0005535946615134093,0.00021126028023566695
b939657b3a7e388455f3a13cb84e0fcf5e745c45,0.7899901453581487,0.0646339128237693,0.11231410662895283,0.03102441862168644,0.0020374165674425498
b943eb89823af783fbb796d245ec33dc463bc322,0.07123320608483431,0.9217193090552003,0.0031399954231525118,0.0033229568179308504,0.0005845326188821695
b982ea8f3c0ee1209e2fc014f66a5f465c8e1d20,0.0027761546764912513,0.9964752050601688,0.00042331928762588217,0.0002315645663714925,9.37564093424492e-05
ba296ac966f96f1aa18952ccad689ab34c68a926,0.9264043674348149,0.019081133190278227,0.04892939160148238,0.0049259395739549554,0.0006591681994696834
ba397f5338dccee6292878cc1506924bd3bde22f,0.0035342847212195103,0.9929986898847264,0.0023730576177529742,0.000356074757693305,0.0007378930186079809
ba3ee9b441039aace1175fd4a4e6f2e68c76d75d,0.0005245323038105795,0.00033144817748112266,0.9990536467684363,6.406191304103234e-05,2.631083723100911e-05
ba6b33d571605f4ebfc22aa1de38eb440fd43cbe,0.07992782147198993,0.004908313145625712,0.9127627789452887,0.0017038984975151004,0.0006971879395807192
badbe559bce1dc2504aed06e7cf35f63c701e620,0.002386990129305015,0.9944155119580991,0.0024294453217300702,0.000493523402042985,0.00027452918882262195
bb2035965d75b96a01eb4ade932e13dd12643669,0.940414422223406,0.0063830609671217745,0.05042919549662644,0.0020964316087018608,0.0006768897041439431
bb56e256de6bb3e5a7d4566a6006a87a1e6495a0,0.014256623018217186,0.002290763640418437,0.9828632031030843,0.00036361063785913714,0.00022579960042087266
bb67f1ff3ad9a0ba9e732ad8a0daa8adab7e32e8,0.6977837754603131,0.04442180846689515,0.2449542476509823,0.011116977860141668,0.00172319056166784
bb97ed6bfda31c2f3eca438dc751091299bdbe7c,0.015120115928612147,0.9809806678287898,0.0020037569784676114,0.0012961820097946559,0.0005992772543356321
bb9de2e1581f1f5b53149e79675bf150a689fc17,0.9147464065143405,0.0019175156714711838,0.08194896663478463,0.0010634414774235953,0.00032366970198018037
bba94934f7cfa11228693491fb4f1dcc9ec60f1b,0.9746881185399514,0.0009488903049418008,0.024047806341703445,0.0001997057145940273,0.0001154790988091179
bbc26ef790f4a1a18993c52a2eb8c165c50691d9,0.8924750469835186,0.0022675913381643227,0.10332636381410497,0.0015850605568768666,0.00034593730733497636
bbf28e2db4d0d47a1d4694f14846594ae33244a9,0.013106755111030877,0.0013968301570779656,0.9835153232406119,0.0014166258460995465,0.0005644656451799642
bc017e6bd7d83c8b6e0c74d446cd7ab529a9a280,0.0011415442448638512,0.9982021230667748,0.00012267415138396097,0.0003474347986984575,0.0001862237382787632
bc04d5218726ad73f6e9612e384f282ebf405913,0.011021883203862643,0.9870346798016103,0.0006983030271057442,0.0009213988035487535,0.0003237351638723871
bc2a6e6bb9a879525018c3c43c4adcbc8aa3cf92,0.12988517874315234,0.008569348425191713,0.8591631959801718,0.001831876848630351,0.0005504000028537934
bc2a9e9ee0b1745d4406c09077da5ac273991672,0.008375228342435934,0.0015402379230769377,0.9892495243376116,0.0006177466880151072,0.0002172627088605139
bc3f7e48c85170f013d828c3050717a5a494686f,0.009996249446271088,0.001206394191802994,0.9885298494065423,0.00016615988346279636,0.00010134707192097599
bc435aa30b1af7355e1ff47fd9433062d832a3f0,0.24838599007223813,0.6652299024060336,0.05041222788722441,0.010319935287191906,0.025651944347312036
bc59fbf035e5ac3069ee3a877e2c7d536ad397e2,0.01570754159304452,0.00028328384327386003,0.9837950209825267,0.00011397732908778888,0.00010017625206712535
bca97783b475ffff043436fd01607984eb389ede,0.0019252631210581138,0.9959868924619504,0.0013531948384024437,0.00047071594739327025,0.00026393363119586006
bd3ae5f62cc76de4546975f8b59f74d8b8e78913,0.9890332026862597,0.0016173722716658905,0.008396834170630625,0.0008502048117510756,0.0001023860596926582
bd65a7355c4891580917237c1883a7ec0447c63e,0.9786714923032656,0.010019329173914897,0.0037512978973456876,0.007055540917865027,0.0005023397076088893
bd8706678fb86ea594ff6589406a400147bf958f,0.9049962233758595,0.05074280132694681,0.01986415835510546,0.02218586896021457,0.002210947981873657
bdd900d7cdbbbc83616162e21fcb5770d338782b,0.6369665824582207,0.1084527320078443,0.1087817324997432,0.11572334168665958,0.03007561134753227
bdf43ae46589b7b5cfbd0ef5832c0c03f8b9f6b4,0.9803955758023545,0.002519222906475534,0.016004639850905694,0.000856211816180274,0.00022434962408390992
be566a7ad37160a761be7e73d469acbe9b775367,0.005031040801037087,0.007653136481461735,0.9860702664196105,0.000930777005332452,0.0003147792925582261
be7413153d0f555f0616d4606917167f2c8ee2ca,0.0005008293198005641,0.001626983384075593,0.9974947037046915,0.0001834352647931149,0.0001940483266393449
bea74a5ec769faf97fab64087a4b5289a5d15041,0.003659174028738028,0.9889415169985771,0.0035519807337456365,0.002480557226352765,0.0013667710125865634
bed4cf019dbc672c9bc022f835928fc09d051523,0.0043746385323336434,0.9925211790817965,0.0014534455947746885,0.0012533696235591957,0.00039736716753601103
bee828e72df09d02d66c07c1d9f459534f35232b,0.0017182500983728487,0.9980850477932156,8.76662670812428e-05,5.8382157957458987e-05,5.065368337286385e-05
bf35626b5186ba5c90d24bc102099569e99f2c05,0.6023922245295346,0.011164241580502884,0.3832583149289982,0.0021885334524684515,0.0009966855084958758
bf89671f753e19f5467f79fb9ab2bb9e40ad0665,0.07906080335106253,0.012174630856099355,0.905244894307782,0.0028038520316000085,0.0007158194534560545
bfa451a648def2c224fc61df21474efaef897a31,0.6659343489329862,0.009940014789746916,0.3201790071620024,0.0025533025882669095,0.0013933265269975247
bfcada19f8807fbee284f3b4a72397bc226f10b3,0.015545667360643752,0.9813237946563785,0.0018684110528817393,0.0010018766150203195,0.00026025031507572176
bfd4b483a02b1d0b52e26f3b5497bd4f242513ad,0.16824403328608575,0.8100554683629674,0.01238243071717876,0.006391407578484872,0.0029266600552833055
c0120e482e4c0f6c32d8105ce88c91324380bc01,0.005519747066276122,7.442841144847253e-05,0.9943471521166672,3.6094492278213836e-05,2.257791332979892e-05
c021db26b2e37b3f2a09404dd7a977ed10f9e0d5,0.007465990004362201,0.9891539625026208,0.0011558902969481815,0.0013897941869876014,0.0008343630090813637
c03cf0c5372f5da45dbbd8e266aeee554f847deb,0.000666614862430607,0.9990376121192582,6.91571944086436e-05,0.0001597907163724414,6.682510753025796e-05
c05c34f3fda6ea06133fb099c75f6de4f25dba0f,0.9839287314990208,0.00812111404163921,0.0034201890563255047,0.003942697492707629,0.0005872679103067348
c084633acbddaa388df517640ec629295f8876a3,0.006349940677061268,0.9912979140263108,0.0015884363912715646,0.0005926421751584896,0.0001710667301978729
c08ebda618fa715ddd15013c479b562f9c144cbd,0.18067244875563965,0.0017327197357207757,0.8156569681204254,0.001230895042168928,0.0007069683460452303
c0d6f9e76d5d1d7bb71be0fad0c707b2ee7b72d4,0.9398334199393951,0.004364297743806043,0.05392430818301262,0.0015218075366160153,0.0003561665971701479
c0d839e08d58f05623136df040c86a952094ae6a,0.026145098737464286,0.00029715324619355646,0.973272366519434,0.00021335042234617467,7.203107456206185e-05
c13fcf9178304e135f3e669820bba80bffafef88,0.17394191394597525,0.002476057219472266,0.8222953568145643,0.0008225060679940685,0.0004641659519940693
c1e54fa1948147cda67b7c5942eed3adb342d163,0.9769938539667702,0.0023154859336513875,0.020121681919470193,0.0004068727301077646,0.000162105450000459
c1eaa52ab811b58d7c793bcb8ee23627f62f236d,0.938365549664015,0.006547679341785901,0.05287385074732638,0.00185225125145514,0.00036066899541757733
c250188cc8c62897d66a75f9cf6aafb4511d93ac,0.00220660775817063,0.9966099652172784,0.0006445689066582434,0.00043678646217059714,0.00010207165572201768
c2dd1cb278640f47912c39b1f44ba384af0f10ec,0.8010147056737502,0.0020987781146595496,0.19522544839790432,0.001322970661970704,0.00033809715171497087
c30e757b47e395f6c3082add4c0d36d5aa90d38d,0.017128652571825127,0.008116060287427687,0.9692116425859295,0.0047391978645848045,0.0008044466902328744
c32f70cc6884db6746e94f34ea7616a142bef90d,0.005637915950709011,0.9936048891335704,0.000590274782581612,0.00011399455727955628,5.29255758594388e-05
c3a8394f51b0b80d29717771dfa1a40d9925c68c,0.011118397638095884,0.9487629554253408,0.009143897695523989,0.02820864183378037,0.0027661074072589846
c4415f7635fb0dc156e29649fbe17ba7e5682939,0.0006912585550888988,0.9982156636160917,0.0004729644758779637,0.00039611021290340094,0.00022400314003812814
c45c169cb961154f721a52902b8a8d16b11b7459,0.010344753775586957,0.0017414238492078256,0.9873308330789724,0.0003808932541889145,0.0002020960420437027
c48d70d817412e621643e01c8ddaac811b72a15d,0.005217376209277541,0.993527703758617,0.0004532986391303951,0.0006435006386396467,0.0001581207543354759
c4992b42a931a21500dac80c7e3c1b4521e5b2a8,0.029691873241960605,0.08524786380741636,0.8772988464306258,0.004899973664491219,0.002861442855506014
c4ee26a3ade8064a2ec494996e836900fd32dd8e,0.9963972923266943,0.0017450190574414886,0.0008448747002362952,0.000940949874367996,7.186404126005252e-05
c5433fc034f8a897f01886f4da50af0343f17c59,0.002185662263841125,0.9972629034931247,0.0004324502604812752,7.563174959746344e-05,4.335223295535583e-05
c56b184a370262e2949e4394316b0eba85d24e9d,0.0985955727969274,0.8972414972763012,0.002640744043594333,0.0010547955770883871,0.0004673903060888607
c574e96247af7a6f91a52a8928319771b9c028f1,0.04089203813797422,0.0063342781744878274,0.9518373814827865,0.0005868949604303208,0.0003494072443210421
c5b111fe50620ad97e28270b2899f7a2baa7155d,0.008278431050696342,0.9906310019752834,0.0002418001134228126,0.0007022291980650241,0.00014653766253255884
c5f2231a19f4fc07bd3e00e76fd4f05da54a27a6,0.16838195082677063,0.017145751118999145,0.805032481650485,0.0073683029283389215,0.0020715134754061386
c66c79a9e65198f5eebb4990cf76972f6bd6ace8,0.028772796824611754,0.9678866032888034,0.0021500866314571607,0.0007655506282042839,0.0004249626269236038
c68c9d891fd782447aa4a031fd3179a4117823d3,0.6646066062551442,0.029645307286013188,0.2864288878023138,0.017195292149389984,0.0021239065071388553
c6c76cebf43bcdf6d7a0354fca7a517a33137b33,0.6475235849548394,0.031835301587030816,0.30568672227297344,0.012773087086880974,0.002181304098275228
c6da0c74dd1d4f5bdec3e41d22dfa5a0ed9c055c,0.0029019465249754185,0.9955496250927524,0.0007791826400603229,0.0005983444480447338,0.00017090129416734087
c6f39cf418b301b3af64c02f844da9241d6a69b0,0.9722599595192065,0.010943104048265496,0.010584928739041502,0.004032770827053426,0.002179236866432852
c7895f6cb2b5db18f44b5b9120b3b5891765775c,0.06843447160361583,0.005526631484918753,0.9241267601137849,0.0016694470956735191,0.0002426897020069818
c7a9cfd06b583a9c4c52eeca895c66bf4902c751,0.009372857929971022,0.9859057095385872,0.0029486564829704948,0.001415764290177062,0.00035701175829438953
c806d79743c36959592a8d57788fadab3f37ec81,0.9394701323710063,0.00646240289879933,0.051819522618360994,0.001997354579418303,0.0002505875324150692
c83e9738ae5d1790ee85b99863deb734e7614c52,0.9047223573093693,0.003350402544011567,0.08666951348639487,0.004886401255936258,0.00037132540428794875
c849c5dfc1bcb2d2525595c792e5e12ec24288ae,0.007427497035234005,0.9912038206368259,0.0011154653464327485,0.0001417530365037334,0.00011146394500338708
c84bd2536a962f3330898cb4f19107ec0b580c7f,0.9538076457638804,0.0013586062167232228,0.04376560493532618,0.0006496665142420539,0.0004184765698282854
c8957a66453d3bf8c5d9a8dab3d7db47de8712b4,0.7189096298961487,0.0013296992873347983,0.2780246746903032,0.0015473597319483148,0.00018863639426504984
c8e49a700f1d664be60760fa1588c40694ca9e8d,0.8241310622405669,0.045827369405360786,0.11515423494397475,0.012667600273233359,0.0022197331368642077
c8e892c58980372ff7d5d4253f1ffae2318e9660,0.22173403668949923,0.006696330076035932,0.7630717006453854,0.006780913996593134,0.0017170185924863229
c8ead25b9e3c3f05fce76e1f1d102964c5e038ce,0.7900091356052498,0.026912551962937015,0.17941773592602245,0.0030083675040814208,0.0006522090017091107
c920cdde9b65a124de592bf659ff27baef9da5ab,0.02672007001693651,0.048856062636048685,0.9168187079819623,0.004801175956527263,0.0028039834085251056
c92bba121202830c4f14119dfdcba813f390f271,0.9804109014524498,0.00018925259409523419,0.019170913448033004,0.00015790615282317206,7.10263525988141e-05
c96036221d1bd893a7e51932123e8b03acba5757,0.9888011730133673,0.0003418496006173351,0.010450411337371414,0.00036105021529518985,4.5515833348644676e-05
c9848c9c75b92481a9afdf7fea3578176468e817,0.09073872032519949,0.004378052116307715,0.8993075915987702,0.004892522592621692,0.0006831133671009545
c9e22427f4c7aa646ccfffac8f18cf52d73e446f,0.9880800775679339,0.005559943832957938,0.0049250192664857,0.0012129011550523743,0.00022205817756994466
c9f91af501aec7b0bb4779d58f74c551697bdf1a,0.9227598049490896,0.06608859051663399,0.0074936165850196775,0.0007703996360183371,0.0028875883132384672
c9fde22724acdcb871ee1090ed615496ba205e87,0.6205782371894734,0.00851342106258644,0.3623075110939111,0.00681142481596704,0.0017894058380620156
ca02cd38409dd53ab400043d6f2cf12c9f0865c8,0.008216500749324002,0.990991975189818,0.00022614786347017197,0.0003951670573443358,0.00017020914004346597
ca18d2404b1358d24da0aeb79cea4ebc842ea694,0.8298772253851492,0.0063942948883909745,0.15904366583576343,0.0030759725699574655,0.0016088413207389202
ca2532ca69d48b19310c8f7e3ef90e2fa198cd80,0.9722609881392553,0.021837399248839106,0.0019299322522007523,0.003571730856755428,0.0003999495029495583
ca6f551f8ba46016386c7f4a13b7aa5d4821b3c7,0.0006466413256213475,0.9985214296745496,0.0002781348444848599,0.00032800104219204854,0.00022579311315220845
ca8150df84803ae2614d5212c9955a5a994b4d21,0.9992806543145735,4.1757225662458995e-05,0.0006274436232426374,3.943331640814892e-05,1.071152011352195e-05
ca967afa4e839aee8db005d7f1a4245103e3fbf9,0.1951275921591932,0.0022085936183263138,0.7971274668846918,0.004583438573366566,0.0009529087644220731
cabf893c95f15a2f07d9f520d21b10f056b43dbb,0.003102260718510999,0.9960268682079243,0.00033800225351402684,0.000398825826972049,0.00013404299307850576
cad9dbc323820473785d6629d41d64c86f9a2ea0,0.006573018838729443,0.9922097674762623,0.0005087342584761797,0.0005398340354678161,0.00016864539106405178
caefdd4de6156e38ca33fcf4d4a5ce3dbd665d2b,0.34302602847686087,0.01681144135303425,0.631893997999726,0.0068307489614692985,0.0014377832089095405
cb1208f8dbacecea218e0cec2d76fa1b4ac4d0a5,0.990715227507429,0.0014571175164856253,0.005024737937163619,0.0026228450724131943,0.00018007196650825442
cb21ab88bb966afd1a426ddaad8a8e0cba32387a,0.23265505535209116,0.012516086105816096,0.7524338070064849,0.0016280535129065531,0.0007669980227014516
cb8998305b3b5c68ef7cae28ba51fc04cd86397d,0.9920431725001156,0.0038084801269972846,0.0018466105872093318,0.002129763304841795,0.00017197348083614267
cbc4b663926fd8a24a60085869830b17103347ea,0.009798742548294232,0.9856913196784207,0.0030454415278892027,0.0010177016377576505,0.0004467946076383858
cbc6e968d7f5931833b773f3e3c04de513b9e96d,0.06621702538944897,0.012313233216300935,0.9196113095390254,0.00101249948942223,0.000845932365802629
cbfacd101b49a5684864f5c4f2634f4fa4b8edff,0.019620135440553698,0.9776421976618482,0.0011747448241313622,0.000914641497686914,0.0006482805757800055
cc0be3b0ddc900c3ef969bc8305f851a44de9ad8,0.0076072423502773,0.0022202989276335736,0.9877789561065126,0.00135721180552093,0.001036290810055798
cc177c2cd2b1d4af25745d9084dc24e7008d7210,0.9641425356093085,0.0010474631950394696,0.03398402268386079,0.0006248960494240441,0.0002010824623672885
cc1ec6952a5227b4dc799f42536bcc4ec534fbc4,0.9838362545237294,0.00015419595686910607,0.015867509775981656,0.00011131256692583564,3.0727176493897126e-05
cc3864d11bd5e88a6d463d48ba99c2a437dd4880,0.005447958477886902,0.9907055735231242,0.003294633032330238,0.00038950944845836437,0.00016232551820011807
cc41b5ea1ad863f38e63cb94460ebffb9ffd9340,0.0007891886897773987,0.9985045512549388,0.0005440475132800746,0.00010045320621408085,6.175933578957833e-05
cc62e7b9e1a98777caa8883a4cc603e5104f2d99,0.007981664549228688,0.00859362059806303,0.9786548915350178,0.0038971524064875195,0.0008726709112028314
cd548c8c2d5b494e374b79688dbe2ceca2702b53,0.21660796765677995,0.0065126179383550925,0.7743888620154715,0.0018375509625216716,0.0006530014268718234
cd667821afeb639c9365139b43854a9005098104,0.0028855256250218293,0.9960530462955332,0.0005396548051717504,0.00039773328518982455,0.00012403998908347994
cdcf6391e0c55304d97baadc9273c372a85cd0c6,0.9845549034195659,0.004131160071499568,0.010464930691195317,0.0006628807712528277,0.00018612504648642453
ce2de362a163389d83e83844a32d5cdf6363e39b,0.011003348760118865,0.9885614633768356,0.00022281731139902646,0.00013737170262110275,7.499884902535836e-05
ce8a1578c0eb95557e98c1a651c5c054cd7c2765,0.012153480240746141,0.9822894969551028,0.003601927889881438,0.0014159379987525285,0.0005391569155169588
cf15d4184bc43b05e11237cd90503368e41819c7,0.003281306570502394,0.9960679163288397,0.00033692100546507556,0.00025392247261834156,5.993362257440288e-05
cf259ec891e9093c9c66a8c25a6eb2e1d607a9b3,0.00747183690933557,0.9910216591821192,0.0010395260171358835,0.00028002668893401536,0.00018695120247565986
cfb169d1dab1642fde37e4151880d6d9b606f313,0.9728502155207451,0.020940006585446636,0.0034879978223324396,0.002145538396313938,0.000576241675161798
cfb84f64cb1fe2940b24dcf30a77897721483b16,0.02500283034011573,0.9420783156000854,0.007021614110635112,0.007939937251715486,0.01795730269744836
cfe2db107b6edc3ceab4c5c08fd38a1069b98730,0.9917960838694402,0.0022401420439012018,0.0006133811146585602,0.005210559632895685,0.00013983333910438513
cfeb39e1ea90be9bacb1e6e739c1a90c2137255b,0.0008382755166744584,0.9985196648350568,9.775328339589945e-05,0.00045196930752366266,9.233705734925126e-05
d005feb68474379f5904014bd2b0720518f05e1f,0.0039680144824145005,0.0003880287628211654,0.9952960288963469,0.00019642051348599178,0.00015150734493127286
d00f43ec6efe6e239fba779b331b4e0856bc93d3,0.8619795715805806,0.11016486568278547,0.010709162690390342,0.01581233366320015,0.0013340663830434833
d013a5976e3a95c6d82cf4dd528bacd57cbcd56e,0.9641026084779245,0.0017409058337473102,0.03279238291994506,0.0011944320720138095,0.00016967069636922768
d0433b4a961d0b447b8adc7a01064ffb00890e07,0.15296370568813192,0.0037492749961753336,0.8423983246267807,0.0006214677687455957,0.00026722692016658547
d05787a28af810bd7d7c20856fea4fef17b8f0bd,0.2192757146167611,0.7648385116143053,0.009752433955707492,0.0036160615904234777,0.002517278222802791
d05e335c896be1d68c0bd54cc29a25c079cec9f1,0.004814959386555521,0.0005717254888828794,0.994368163789766,0.00015633260631293223,8.881872848282101e-05
d06dc92d4151980ea5fc69c70d753ea20c069b06,0.9633565571045352,0.00032275729252139227,0.036176228194708566,9.317450241027095e-05,5.1282905824844706e-05
d09fdb4125b7dcee205889074ebe3992797da98b,0.25000045470893234,0.00832681861143857,0.7388830635064321,0.002008497365993853,0.0007811658072032397
d0a4732b7965d6da4efd4e12808c3ee5773ff34c,0.2931478047010492,0.0010691732672016222,0.7049147389652995,0.0006084221408697971,0.00025986092557989734
d0f6014f7cefd377168147483e5a9b89e375b468,0.025137573355216887,0.9633570135021439,0.009976209576303494,0.0009991296931689405,0.0005300738731667827
d112ebf682f1338aa5a84b25a9158ff3f318f47a,0.008786066221693768,0.0004996559067564208,0.990457681062434,0.00017406458530833832,8.253222380749833e-05
d11cb8cc53d729efc6236f7a97aba5d8504c6077,0.04264782715902978,0.9451586629803057,0.007002898407354557,0.0037866284239809252,0.0014039830293289415
d16693fe7d8fa0fb9400a9550bd4a26fe3b2fa9e,0.0008902889732980335,0.0006521783313187368,0.9982221384315538,0.00013487925493467574,0.0001005150088948047
d1857540dbe5bcd867fe8fe5bd9e488f22c8a075,0.018654217453671497,0.9707838553088859,0.009015976767252444,0.0011105480118595746,0.00043540245833073566
d18d4f31f5e03258882bb8a77bbc214763c6b73d,0.11452621640147026,0.01180823161615545,0.8714327331960566,0.0015149507182848957,0.0007178680680328584
d1a8295550eaaf3375cb2db5f38fd59b38d26fb2,0.006078896500752854,0.9926780610558656,0.0009324191117298574,0.0002219288077392312,8.86945239123663e-05
d1d0d8eb9e9b1dc3d0ba7ed86618268f64b57427,0.009162313461097232,0.007513497095993205,0.9812224992880981,0.001395090965980871,0.0007065991888305744
d2088a09d9e2c875e2978a9f84bea689f4c028cd,0.0975985762859035,0.0002610047201297779,0.9017241636044407,0.00029861433968707886,0.00011764104983902961
d211fc0940d5da1622d7745cb14bc6ccd913bfa5,0.9886534805520774,0.0007373133018883219,0.009581326454846044,0.0008114514765258458,0.00021642821466234946
d214443fbc8db6edf587ca299d2efe6714a57e4a,0.9822378311402286,0.005269620952992745,0.00589251434736593,0.005981507504075951,0.0006185260553367166
d23e4d425a8e18d559443275b441f7f74f6e6c2e,0.8532392462317904,0.07411467244169684,0.044845215082781956,0.024374870254277443,0.003425995989453295
d25c69f99c4b844ffab77f632920e3fa9032be92,0.006223852236257901,0.9866866312397489,0.00412382173274338,0.0019671603970994474,0.0009985343941505277
d26afbd138ff96d9466388b195f7e183c0bff3d5,0.9689070613056683,0.008555048592659592,0.019015270581511617,0.0026158367978305883,0.0009067827223297959
d2d8b08112beff69fb1336e2bb7d569bee31ed24,0.003883835004916493,0.9919340880535357,0.0030063983884569064,0.0009514964486394115,0.0002241821044515365
d32197f3db6bfa837d5d87797306a762a3d66d4a,0.008288981093854,0.9907322950322381,0.0005845396299824444,0.0002852609415985869,0.00010892330232671774
d378367989d05bc8a20d1b5e1a86077a8ad768af,0.0017580949438248793,0.9979419516688965,0.00017224165191064375,8.893189823470616e-05,3.877983713304093e-05
d39ef556f489720d0b268f94aced549e0d89dc14,0.008652801049295694,0.9874116487593694,0.003264900644905653,0.0004683849255419321,0.00020226462088750334
d3dd1bc9e20cb888169900832b4c67546c6a0a4b,0.08103123048055538,0.035281757245488723,0.8753901682550956,0.0068110181347544405,0.0014858258841057054
d3dd7b26dcdd412dbcb68496e4ce7b19aab014de,0.9041079658050808,0.03974301132816665,0.032955201252750824,0.02048439469987352,0.0027094269141282965
d4077d83a5359394178167ee288176a6fc960751,0.9317906400191364,0.0051295396487117065,0.05668482893300186,0.004422508008872637,0.0019724833902773674
d40b1b5d1d86c0923195cefdac86c4151418674d,0.7471202822110647,0.01947054821558756,0.21574303045617965,0.014711285018229209,0.002954854098938605
d420024c918fe5694623a001408600a6da4c5b2a,0.9336945325503632,0.012045378328014012,0.05217399461399932,0.0016786956878181289,0.00040739881980550555
d42df34f8d3f5c2a1327418a884c4abe2bfb84ef,0.0435141252832656,0.9015735139928468,0.023522164584321496,0.024649741384646064,0.006740454754919914
d456ba6139f1e5678a8ab460d827af937d89f412,0.00981241973675018,0.9892537530142196,0.00047726461156595394,0.0002985718007998214,0.00015799083666449628
d45e1d8ae9cc6007a0f77a7da0120c5d8a4f69a9,0.9941985372990959,0.0014943263597952978,0.0038073093262738487,0.00041748243939153834,8.234457544329697e-05
d4869bffbe66a36d9ff5e4e32e2f8b36d8f399e6,0.009233794127910618,0.9891504641378808,0.000604196973842361,0.0005500140670384757,0.0004615306933278462
d4af711bc55f07896229d6026413f2460f1b7562,0.9773316243335216,0.01737912538583559,0.003248851513704372,0.0016888087407897056,0.00035159002614840304
d4cbada67a83b397ebaf0740f48d1c041e4148d5,0.6594621921743008,0.0474231837502334,0.288282399835195,0.003552235408506579,0.0012799888317641568
d4d02e73da889db1f4fbd9157ba8122d6b1d9ce7,0.7201883628466406,0.00340259267176693,0.2294728405746662,0.04537452357965316,0.0015616803272730788
d598392e86af429cedd649dd7ef994031e6e58d7,0.639851341374508,0.010438006151078748,0.3424809647869696,0.005473001974424776,0.0017566857130190332
d5b4e18816472105d9a8d077a03032d35fe63ae7,0.009466703952464215,0.01279690509240779,0.9756824337150451,0.0012799188552594688,0.0007740383848232366
d62b245703125f2e5bf0708694cc53d7f2b0dbf3,0.013162276167128827,0.9856756862929613,0.0006486261124822492,0.0003551147639278418,0.00015829666349976277
d64370a40c913742fa0e76134caee5aa99fe2fd5,0.8454182784540931,0.01068862626295805,0.1344239029726711,0.008426483946636728,0.001042708363640885
d682cf768640d3e80131ca8230dd5bdcb76a0191,0.003745853709121579,0.9903504359712197,0.0024287120544346195,0.003067701184323514,0.0004072970809006025
d7e3f6424ffae44050202d881c995e7ad3ca0e81,0.9819571930869283,0.00601589439816027,0.008471118993624377,0.0032304121387503903,0.00032538138253655595
d85fcaf4a3eec9b797c49c034145a877103cf5ec,0.010070315294318871,0.9872930423711798,0.0014042940949119025,0.001050927390865786,0.0001814208487237191
d862361974270e180941553285c430746e607449,0.9921908622708561,0.003278012233392288,0.00350330134727599,0.0007392726996136934,0.0002885514488619181
d878e173af778553972679125cbecc579fa8c63f,0.25474490570782343,0.002285838559547513,0.7411959095798344,0.0012411793109855847,0.0005321668418090052
d897658c3347a799c08c8a175499e041b13d270e,0.6556088520663235,0.01243111563194342,0.32817173593698806,0.003047770166261523,0.0007405261984834991
d899d9750e073d928bee63a8b98bcacc71c19da5,0.43826589292077106,0.002243767083446748,0.5568556442923043,0.0021661437834746716,0.0004685519200032477
d8a53489430e4a34f8de93aa599d5e4dd954b414,0.7976181056830045,0.003631063578345651,0.19704440026751552,0.0013035761779528622,0.00040285429318148914
d92fcd0792f47772fdfc7b553b26382218e5f2d4,0.055139227299959466,0.004160392437661193,0.939004644330262,0.0012735824728799226,0.0004221534592374798
d93722c9c7b1c70aadc0ad14da0c332eee58a4a0,0.0017272180200157833,0.997399442502235,0.0005349476439731088,0.00027416962937369633,6.422220440263644e-05
d95158fa1adbd3f9b284dda815ec2776c53f1613,0.13378378865675566,0.0009750335726946993,0.8645051279943573,0.0004413882698633188,0.0002946615063288892
d9a08adc801c17e65c72f9158f118c1fd51424cf,0.9404871662767228,0.05006883022364124,0.0025150496687109582,0.006366043440346834,0.0005629103905780248
d9adfbd38a7b1e1906801044e968e63f7d6e7ca3,0.9610087376172811,0.026217184888209604,0.008901783635230358,0.0035117468884289325,0.0003605469708498608
d9c9feada8b7a022f06510a07a6139875a0dfc0e,0.9845868471096585,0.004290842311099507,0.005813889390144817,0.004796846407428922,0.0005115747816684188
d9e12fec63d883964d1822d69200472877cff3e2,0.9892781590914037,0.006111883742255442,0.002026372528098736,0.0023721051107311064,0.00021147952751098562
d9fdf4c7b9b51b1b538a558379cb7656240dc869,0.3547323953072236,0.023081186027383037,0.6150248789449592,0.004839411302683418,0.0023221284177507447
da058bfb9d85e11d0d012e56ebf0b1c0b09b418f,0.013961200714494141,0.9809644392005538,0.003493170907585453,0.00111999913848553,0.00046119003888101537
da5e2fc2250ded2e30b7f4d7cb4602575cfd60b8,0.7587868316817994,0.0593550436852502,0.07746974106892518,0.09758474089063528,0.006803642673389974
da69c1c34a12c895a3d0a52c57daca9fc3bbf82f,0.012413500830588101,0.9849954616401587,0.0016515523514548172,0.0008037955954128831,0.00013568958238542792
db4d1667675c0233d90ce7f0a3775f900006243e,0.955039293582048,0.0037552331378979723,0.03948218653394473,0.001395662974369139,0.00032762377174004755
db4d6126261d321e9aaa909a84c72fc968be8d2a,0.007006504908221661,0.9906405523079151,0.000837913623353334,0.000985323937737925,0.0005297052227720705
db59ee6c47c0c7a46e5ab2b291c6cd47b98be4fd,0.8953135955567763,0.040189584760449454,0.020890849151481754,0.04078529337880722,0.0028206771524851987
db842eeeb2c95a8c129df97b9e9904dee2eaa21c,0.009201960508410588,0.0025236536266692003,0.9873021227992121,0.0007394773134730634,0.0002327857522349996
db8e26fcbdb5a17085dea03bc2491f481ad9a323,0.11341816624572533,0.03438523330947798,0.8409780135923006,0.006652346682320388,0.004566240170175455
dbdabbad2e58692b8debea8756429438879927f6,0.9120159111590439,0.0778373425154926,0.0029788666989653306,0.0063114566112855265,0.0008564230152125278
dc01fbf43d09af1ba655d5f30684a0735dc34f2a,0.9620904514816832,0.01576905617951918,0.015908203243235195,0.005087927563829362,0.0011443615317332351
dc117ed4ce6c089a0ed328f271de10a2996b8c3b,0.9567579738555928,0.0032633959402332013,0.037930198066541514,0.0016081953351175782,0.000440236802514749
dc562be2f7e02c7a50c95b4df1081eeec758397b,0.9718861748039446,0.006940976805962281,0.018688837263159883,0.0020508284334445665,0.00043318269348864157
dc649b42fca41df09f2e9402845807aed2af621d,0.007142095001105471,0.9916747141536875,0.00040847354927796986,0.0005930903628990984,0.0001816269330298719
dca334b810b9021828fc7f227e784d99acf23a7e,0.004579453565287695,0.9932406448023048,0.0016989164537469783,0.00031682903236332895,0.00016415614629725306
dcae6506c15134f10d6ae3733947eca0c59deeae,0.31497096636721783,0.0003037549665826602,0.6837830137591667,0.0008021603027878197,0.0001401046042449939
dd65788e513c2abebd1d6072a6f06212dba600d5,0.36110936243110864,0.0064528229186249855,0.628396993758311,0.0034877301904542384,0.0005530907015009425
dd9a44d9a7c5c32955b9a4e9dee9c3789cf44b3d,0.611846088073525,0.203780086005912,0.02633716427918768,0.15218026500069476,0.00585639664068062
ddb6a2a4d384bc99867bf8128d51b848482af361,0.6923714708444656,0.0013646444293155832,0.3013303749924823,0.004148418141478134,0.0007850915922585674
de165a1a543cc6b94cf0bab11618339367a0b223,0.9332953839243573,0.0062458620486544915,0.05534249372715126,0.004104339772249158,0.0010119205275877909
de1eedc62bd9c4ff29e72a9dabb604188301c8aa,0.0524624685817378,0.002699182988591109,0.9409203483318233,0.0029676569906665834,0.0009503431071812392
de3b4ba7b7ec43cd2ff2fc819f79030e3ed82bcb,0.8699810009699358,0.002604659500693462,0.12583871511342098,0.000929877721405867,0.0006457466945438089
de431a8b564be15671a1bb420f9c90885d96fa5f,0.9550464846423471,0.025794977746153,0.007043100414353587,0.011012948472294629,0.001102488724851674
de6fc0c6a7b8daae7c6367a623b538ab0db67ec3,0.9894255361796632,0.003569228212861269,0.005449994231623611,0.001416778649455706,0.00013846272639608974
de72e8c4c5a713eb29d2f3adfe3fbbf98d60dcbb,0.9811308918125902,0.0001840163135020829,0.018405061435171913,0.000250696496291692,2.9333942444150696e-05
de794d6f9a08d85f93bdf3bacdd6ada5971fbbda,0.9923824354472294,0.0023006091988558926,0.0015242981338476702,0.003652543605392652,0.00014011361467434452
dec4101b48d9e34b431fcbb507d867e58901e2b7,0.6644940603788971,0.004635045841468181,0.32842346833527,0.001843730994409746,0.0006036944499548742
df347c2cfeae69ac152b02ce7e9bff4b90554983,0.08173730869284813,0.8923672828528407,0.0063210912602446444,0.01826845978529409,0.0013058574087724396
df7f7188bfe99d170fe88ec509f980f59e12a9d1,0.9061655513386101,0.05650167589138666,0.03177735899906169,0.004496889397719547,0.0010585243732222146
df88a4c1c1e5439bd0125622689edcb436d94621,0.0018890433843654225,0.9969973436474905,0.0009120790843931473,0.00012254395152678225,7.898993222415697e-05
dfcb7266c7b2120312a1dfc4721214e08fec2af1,0.004754624987798717,0.006163371029935052,0.9881672683812667,0.0006910059657167652,0.00022372963528281177
dfdb44a7d8eb584ea06199cd2f34507b15949952,0.011009053305684151,0.9867430380956718,0.0012924934816999497,0.0007383545532938984,0.00021706056365030995
dfe30cdde4cfd07a58f7c33a7bc7c02aff419032,0.3152767455627006,0.0028877912721417113,0.6782111420606765,0.003063611749289633,0.0005607093551916249
e006a3025eb8e44f71aa1ba48e75d944be23377b,0.01511491314371041,0.9507230902156258,0.024035118934462463,0.005198759993794702,0.004928117712406652
e12fc793103f1e2e1f3c7068587c5693f28a5b9e,0.9939771312917556,0.0024231471433845725,0.0031194949887307843,0.0003780622698417474,0.00010216430628730699
e1371921331aa897ad9c9160010babc920ab08d1,0.5044428006077126,0.45058122302483483,0.040383526293089285,0.001814541989704192,0.0027779080846590796
e16949b03e8b501dfd54090b527942dbbaef2bd8,0.0920439450594249,0.730970092806146,0.17112324886486974,0.004092349032131551,0.001770364237427933
e188c64871c9123794e44108d8f463a080147ecb,0.9808551486061093,0.0027402925204298195,0.014300132173132007,0.0018765786408331238,0.00022784805949574145
e1916779d87d289a7501d1733ac2a9c723d54ce5,0.010362365621822783,0.9869642483372487,0.00214782607316994,0.0003704475507696137,0.0001551124169890103
e1a18f02c3a32f6313461f114ac9e185a85192f9,0.001892151113636167,0.9974747450116226,0.00021776041773816432,0.00030442487506883204,0.00011091858193406936
e1ea2efbc36d9e9a53382bf485ecf6b0579d4afa,0.7309925585968104,0.0313541688972642,0.23334550308026014,0.0031115265298854245,0.001196242895779781
e257f539c35e8adec6a7ddac6e144508fc221ad2,0.13219597685359305,0.014120982578107183,0.8479729828633081,0.004163247981652475,0.0015468097233391816
e2ac0a206ac6f354714408942e7c3f6c2b850b24,0.9976519328966842,5.782048142943196e-05,0.002256753113801102,2.6352471421061e-05,7.141036664336678e-06
e2e6df05b41fdac7c6c28ec85514191bc58b2752,0.003945692929341679,0.0027599054999933007,0.9924668208246998,0.0005882062324859771,0.0002393745134793066
e2f02773f1aaf733cb4aba40fa2d045cbc2d25ca,0.4703376021973359,0.2690353925151419,0.027985806562785452,0.22676639622179337,0.005874802502943427
e300ea5c80c5e07a80b6a3cd61cea886d9133e37,0.9616610591125961,0.0023933719835204335,0.03535331140604962,0.0004296321583905104,0.00016262533944346152
e321d86da5ce9207dd04aaca4740c43e55febcb7,0.013319521704171843,0.009067681782663898,0.975397969976473,0.0017176345417503215,0.0004971919949409697
e3223e9ae357fba1ab47e00abf6354fa84743887,0.01095237606410172,0.010322082061058006,0.9757904629224365,0.0018711923921956126,0.001063886560208004
e3738beefd228afcd86a4e82983be99c3726f90c,0.12653440147827108,0.03521033866086211,0.8315584150621601,0.0032756800076087934,0.0034211647910980616
e37486852ad48c993fd7b2be6dcec4e82f790f85,0.006739365720838995,0.9915972607965623,0.0005550713971546379,0.0008870239654485092,0.00022127811999546782
e3aae02d6b14d4bced0547ed664fae2cc387ac19,0.029797897728967297,0.0004731404110119205,0.9685349145554076,0.0009543900469535442,0.00023965725765946858
e3fe10749268fa621ca1e067c0150b290f722747,0.021018404174553144,0.9489212079247423,0.016476044824321485,0.010142102041961504,0.0034422410344215624
e4aa6d284907bb7de6ee937eb4ad0b4e9447058b,0.23326973391920627,0.004213734501254536,0.7592882795309835,0.0026526417202378206,0.0005756103283178402
e4b930664b4ddd4edc29b4c467ab1d5b7a18a3da,0.09224010150623904,0.007374694037390249,0.8993227785621077,0.0006087486760657552,0.0004536772181973824
e500162e1d3e1d6bc81d435bac82983a32f9e0a7,0.5607145726654378,0.010297372986201717,0.39404171598548227,0.03154379557526864,0.0034025427876096625
e591b3ed99fb226ff688c2d687b12dc08a2619e7,0.9599566130038344,0.001899700127288027,0.03707816663775124,0.0007323935069812686,0.00033312672414486456
e5aa8c2c7b65a053ccd0572328dbac5b2c423c44,0.019063188541094206,0.006194981671137678,0.9719732956839795,0.001988043096381502,0.0007804910074073414
e5aa9b439d8d134f5afcfa2f727775a099f018a2,0.9769684338349506,0.0010888237214747394,0.020602799925468877,0.0008112469866430783,0.0005286955314627819
e5f6ad37f86b76e0d0c75fed1366143e83ca34de,0.009483541137842433,0.9898703122752444,0.00037870529709017946,0.00016862416791624035,9.881712190678894e-05
e61d77d94952b728dbe1eedd0a106687e6365e69,0.012107972399277302,0.9845354668141479,0.0029317720827005092,0.0003012866950963948,0.0001235020087776162
e648c02982810cb9e8d6c36f5be6f719ae4aea20,0.40014850005866975,0.008490693594085184,0.5635199844153327,0.026085810769512,0.0017550111624005367
e69431b75ecbecf075f1fcc5bf20b0dd0255e80d,0.019360481932694823,0.011674279388381788,0.9656804385543727,0.0021219496667444263,0.0011628504578065023
e6c7dc5975120947d85b67e82f7ce7ba3451d117,0.9976876512541609,0.00048516860308364575,0.0016106999405810086,0.0001802777427032497,3.620245947104378e-05
e6c7e1db8488bd55bf436e8f4cd545ddb5610b2f,0.12266607798354225,0.002744031835671098,0.8722898567897605,0.001912920178326569,0.0003871132126995211
e6fd4e67adc0b7ca945bb6dab199a076ad7dc110,0.9587238542841966,0.028714841564683485,0.007942899564159688,0.002725556369635976,0.0018928482173242766
e7097af7ff806e11fd6426650d7c3c5d159b39a0,0.9888280442315203,0.00326631645344063,0.005534583187456112,0.0019388872203138481,0.00043216890726906817
e72f916f832c1ae41fd57ad9509b2a242fb6bc73,0.669827813318728,0.07277842297673187,0.22658568381659086,0.026889770919400265,0.003918308968549047
e73af8457a4f14cd9fbca401184bac2de84725e8,0.003641175361496688,0.9958064561651464,0.0003313988786689187,0.00011525619485068251,0.00010571339983741927
e75a4ade4e43162bf822d6fa9fe0656ea1ec4e28,0.009725407305974546,0.9879700566359874,0.0015996705257197024,0.0005480663286973601,0.0001567992036209402
e76ce214e699936abce9910a859e8d6cd9a5bc43,0.0004120687190881254,0.9993574289664513,5.332060776897575e-05,0.00010632068171377278,7.086102497792133e-05
e78aa3a954b093085f487fd4eaf89fcf1df84f0b,0.5315519380938679,0.07381450614807925,0.2388167547582324,0.14739790766254118,0.00841889333727917
e7b2c425a23fe0de6d6f46bbba77ec4b9f982d2e,0.047080901872457524,0.9364100667709053,0.0034987516741272306,0.010235450712960852,0.002774828969549232
e7beaaa052746a44db673865d1d17ba1ff872191,0.03619866497421193,0.952383724084098,0.006020470356149898,0.004488817019331731,0.000908323566208319
e8020af78e466c61d20ed26e4ab654dac3eaf8f4,0.01737769328953804,0.9792858204900312,0.002079063131865351,0.0008965541132463207,0.00036086897531894716
e80688b8b17b2261f7d51d27d865fca6bec84f8a,0.05441087638063402,0.014191734179025804,0.922601540770748,0.006025750178750093,0.0027700984908419967
e8583580fa40064ae071da9a0bc97fdc508fda8b,0.26222948055828094,0.17215215380938287,0.5531294987746803,0.00664920307522763,0.005839663782428367
e880cde7d5226b2adc9e4c4ff0eb6dfa6e00e78f,0.06728186174543203,0.006775861240840535,0.9204981036120122,0.0041911924997441235,0.0012529809019712582
e8eb073082f6465208ea2e254f0e30045558687b,0.8183485467884529,0.01202517490515363,0.16539080543756995,0.0033991433886607476,0.0008363294801628603
e9d4c66bbce9778e148aee25d1b53129aedecf40,0.9690601868475779,0.003045862730837962,0.025999655552272224,0.0015168903996305493,0.0003774044696813432
ea27a85d79cc6ff80972bfc23bdecdef40ba8cb7,0.01666102049585459,0.9775799480853061,0.003432470879544358,0.0018673590210670733,0.00045920151822781934
ea706674fbaae9551b82344b31b55ce556517e8e,0.9833291728337965,0.009699380311184492,0.0014114903859889845,0.005180172846030938,0.00037978362299900044
ea7aa889f54e92ed4b00f4fc9db56ec8141d6739,0.003250995856451919,0.9960072509847885,0.0004732622732339823,0.00017872650380663235,8.976438171886075e-05
eaad3bc3df9ac172818db9f14cfcf0e9e6662c00,0.5736435719183302,0.40802409401717804,0.002616590224265552,0.011539000468733488,0.0041767433714927525
ead39aa4bceb42944d932dad4a6a79891f35c332,0.9881592681965402,0.007435340676445389,0.0028891006895542123,0.0013758558766213725,0.0001404345608389047
eb34206bd75b4b14c0a683375fccbbe2c8a70d3d,0.008086184679696844,0.9909126403863803,0.00043760759835794106,0.00032874341100502867,0.00023482392456007742
eb852fac37dc757ca931882db56983b5d54bba7e,0.9784624192334422,0.006367087830424794,0.010840557949257984,0.003858573820195869,0.0004713611666788885
ebc0e56934c13deb79e35123979264c53f8c7cda,0.9898643848442161,0.002136920703735039,0.007250361426904089,0.0004665897915226459,0.00028174323362192507
ebcd63f41ae689fcbd70ab70a603f10b42a33904,0.003367356531981064,0.9954658872881066,0.0006669226663332154,0.00036339542963043694,0.00013643808394853867
ec03498954ca9c39330e1915490eb04253cdb7da,0.0020481638748527076,0.012487065030036446,0.9745052053066497,0.009757863623773039,0.0012017021646880798
ec476f53f999ad8c6632c829df4afc927e7efc53,0.02193893458333435,0.9584277399917946,0.012357275716418975,0.004164472657506686,0.0031115770509451248
ec5209f2abdc6f20f336d9b4130ce9b81edbfc49,0.0032226913451133404,0.9953761215183115,0.0008702586145023477,0.0004356369098626045,9.529161221013897e-05
ec97d5e982ff9317f872c8be79281574e4ca37fe,0.0037356191205521042,0.00027088477921334027,0.9956430283249509,0.0002941822576472978,5.6285517636444654e-05
ec9d2cb08c81b7a4ffaeea94fea338e223c660a1,0.8220999125000722,0.008413839095803835,0.16359408412258883,0.004694632945220988,0.0011975313363142485
ed5996a2b94dd61d228197de899d405f6ce122da,0.9063262116887223,0.0033237879637590417,0.0854808144201325,0.004446174919619018,0.00042301100776718023
ed5a10b4df0e2625156ae899979d7921228a2843,0.11594093521681981,0.0038038410326283792,0.8786676212674034,0.0010103598781423088,0.0005772426050060194
ed687138aa65a945c4c16dbc02025eb2cb7a8e2d,0.09095717213588884,0.0007838194676832291,0.9066722630765471,0.0013094892893302592,0.0002772560305506006
ed6e6e201b01f90f3a197fae08f3d7ad7399e103,0.2952698650666024,0.002802949926348681,0.7004122665187348,0.0010974981866694157,0.00041742030164473946
ed8f028ad0bd33a4633c0af204c9cd518a0f61c4,0.18662920226977786,0.0024614741706500084,0.808821205803217,0.0011877960636750568,0.0009003216926798587
ed8fbbfb7beb57d8d8db7710cc484db60c9b2450,0.8911600814144889,0.03256135342576639,0.06632593778199382,0.00848578360238108,0.001466843775369656
ed95bfe5d2e2552bb71581187b600752afc10cf0,0.012953578871347926,0.9849861783547935,0.0011336785766669253,0.0005670545249092664,0.0003595096722821893
edc7d7a099d7237c7858c199d36bae3b0a5aef3e,0.0011491661032037599,0.9963673146121844,0.0008008005824635479,0.0009985881103472117,0.0006841305918008428
eddaf8862dbd3127a856e2308b5cff614f1b4700,0.003189182105558049,0.0005425111108529529,0.9959150079161384,0.000266132643136379,8.716622431446869e-05
edf68af41a6b9d43d8bef6bc884b65262805b0bb,0.30566250801657296,0.009893765067726506,0.6764470984072208,0.006062893749270578,0.001933734759209087
ee1bc8402d7fb4a05e02abd348cefd4ee24052bd,0.9924570929644833,0.0010387556884544054,0.004755416464929121,0.0015706663207875622,0.00017806856134561756
ee3bb82f6852c5817e957792157f482086711345,0.9967167517375067,0.0002482532815709129,0.0026250084133294495,0.00034883579965673414,6.115076793598898e-05
ee855eef79ea68e30d6bad50e48dd886d096fa57,0.011117256855718368,0.9870264221148758,0.0012660613997747883,0.0004406366321414984,0.00014962299748944906
eeaf22cf43c18ed2e4775acfc776d788cd80909b,0.023254720861635464,0.9725364691418698,0.0018641826013561756,0.0019420433824171477,0.000402584012721614
eeb3f46451687820864a52e947b0254ffa119b1d,0.21831462946014116,0.009107059934289062,0.7641080499073087,0.0064189637917683035,0.0020512969064927986
eefa998949eb0f81c8a09fdabe4f01edc11944ae,0.5046632623634634,0.011340893816625541,0.4675103659159708,0.014213889038165487,0.0022715888657747576
ef3d6339deca5a9f8ab0f7603061bf84b08032f5,0.014833973509982666,0.00679079463036621,0.9739962933306411,0.003401052735120852,0.000977885793889071
ef401d8f6bc700e007740b081b0042a2a231a943,0.006462749860288276,0.9832370215343355,0.009047595309794598,0.0008263020919620366,0.0004263312036198025
ef7246bfe17afd6bf195f046c49f0cf923e0ac9a,0.0008287532162834902,0.9973907375400833,0.0006569022557775025,0.0008017577557052532,0.000321849232150472
eff4265676b9057d3bf0389ddcee6666642ba8bf,0.011422296045432392,0.9858707310249402,0.0016687969158723683,0.0007625872295185005,0.0002755887842366933
f0140c66a9e641ac587e754b76288b66473314c8,0.00407141524605121,0.0010388322878449598,0.9946361766854184,0.00017408709048780262,7.94886901976325e-05
f0638ce4eb4a8439a27cfd0c58449e40a4997873,0.01597907319275943,0.9808647574497391,0.0012097238181732978,0.001472725468625017,0.000473720070703253
f0891b93ceb5fd96ad45dfaf844732d2eb85237c,0.0008671579548039597,0.0007137390763858136,0.9982831569213557,6.974376317528058e-05,6.620228427949273e-05
f0a3241b265d196ef31a1e3ac9e634bff9598fd6,0.006129025576148011,0.9901973742742698,0.0024470322425879532,0.0007349315612663065,0.0004916363457280833
f0b2d119f56cb62554b0d4c1cc8cd3428331a749,0.00923801936419239,0.0016833103398086302,0.9864461061978922,0.00193860525715805,0.000693958840948703
f0c847341dba78b37d97647546e9f76ea7b7223e,0.26468804384427796,0.005207088780025524,0.7281260274989206,0.0014150894695368536,0.0005637504072389479
f0efc079737afc79cc7a64983a7c4d0c9b8183fd,0.014838090610474749,0.9819866491874802,0.0025475360166237267,0.0004190720923556261,0.00020865209306560406
f102d2906ae65a7f7b26e7b9ada0ee3563a9fe0c,0.04248582189066866,0.005880061158101248,0.9468140134014009,0.0038813513663188367,0.0009387521835103716
f134dd31dc6dfc74578a8ec7528166271df04e3b,0.8344574928434049,0.006107271477784988,0.15673935844194198,0.0023203674433439404,0.00037550979352431456
f15b41713d6addb3efe05f199414ea90d4556d16,0.016405794928103953,0.9329291339092367,0.0053056013151409585,0.0437339897638743,0.0016254800836442026
f162424b52b6ac892463728376bc106bc114837b,0.03248055942453932,0.965538577235376,0.0012450448396850043,0.0005284368607354328,0.0002073816396642925
f170d81723bcd79533a7cd7dab303f6969610815,0.15573953676432883,0.012158804959522415,0.8246643975194525,0.005463354860417429,0.0019739058962787394
f170dfc1da299cecdf2576577d6f01f777b5b609,0.8818583231339034,0.05851588354543421,0.04237864424554385,0.012522762242186965,0.0047243868329315975
f19c681417273371191c2bc2b11106c3e4f9e83d,0.007829922534848995,0.9863712365854705,0.0025495382431196803,0.002653715204306234,0.0005955874322545889
f217464dc5d9b52290742385e671ad257a9da152,0.94385438037238,0.036546714774916826,0.014438678147599844,0.003768184273084909,0.0013920424320183538
f258bcdd72e3ca83fc9b6dd5d3cdd1214cdff164,0.8327850018885536,0.05989530069079098,0.023527808951913715,0.08132944255548581,0.0024624459132558474
f2a1424b0af3bbe1ef0cbaa8aa2edac6c332f783,0.9482247696818312,0.009461599891153022,0.037505229446694016,0.004180027606216203,0.0006283733741057549
f2c0420b2c4187b04721620e49d833d07e18c638,0.0077856221679067404,0.9853062072509069,0.005769888385254005,0.0006789481376250633,0.00045933405830757854
f2d8f23c36282f00b4bc1ecbb96534420cc0165e,0.1622382961669226,0.6438095166449856,0.17755909549172857,0.01225764953892444,0.0041354421574386156
f2eac9ebe106d83690d3e9bb49f5a52873948624,0.7457627730805921,0.10435991397042313,0.006912571385159178,0.14113463212713975,0.0018301094366857597
f34418e595f4e6e13c36aa5383e3302cb20308f5,0.9921986759755144,0.006263724359412957,0.0001954681073649391,0.0012541344186140248,8.799713909365214e-05
f345dd03b7a1b1626696b726d924ecea157e1740,0.0024093608527620005,0.9970029972762212,0.0003202736805824964,0.0001508007318846423,0.00011656745854947515
f37987ce590d1a8cbb9073a6d99bd4819d1b54af,0.9347770876811405,0.05427609600338306,0.003926826832429703,0.005918165175314125,0.0011018243077326347
f37f3e61afb7593223b6daf35914a45555a613c1,0.6804871328395081,0.007545547402614198,0.29866794967477167,0.011197132743735266,0.0021022373393706334
f415febfbe939d60168894805874ecbe2ab4c556,0.790635275179519,0.05381325006662816,0.09798611551224695,0.054299322134517186,0.0032660371070886863
f416d7d29a6f7d9920133443d958c40689224bed,0.0027415225684468683,0.000377924898084837,0.9967771571222684,6.357959178632171e-05,3.9815819413605115e-05
f416ea86f0a10199ef8874552936e08645507057,0.2919055903849886,0.18995922304098695,0.33610888554143736,0.16152376366631957,0.020502537366267604
f480517dd1d148d87687a50a8c9e558cb31b144e,0.7109773466893248,0.002007490729482954,0.28570217319059754,0.0008862915706659654,0.00042669781992863494
f521c5d3a221d782cafd51c2f60e84563862de3e,0.9845624695802009,0.007929962564742753,0.005789903358843923,0.001451681451398456,0.00026598304481404887
f6299c79fea98f2352989ecb51b16455009b7473,0.0016334653571955793,0.9973579376401451,0.0006866507429793233,0.0002724584726291348,4.948778705078135e-05
f63e3d1d5e4b965b3b004b47f8a4ae3d1e27dcea,0.004198859335605434,0.9939833418160409,0.001317117384792652,0.0004015484623626682,9.913300119839764e-05
f647f4bedb047ba56eb1fee1ff2ced5c9ff54464,0.014255590629961104,0.016071805727664555,0.965635617167546,0.0033442129401608316,0.000692773534667417
f701545d7209c336fa3de1c09677dbd702e6e354,0.033178902953768255,0.959487923687887,0.005042905672125765,0.0013672870873584339,0.0009229805988606473
f7256f787a44fa6b2f1c763b54248f77456e507c,0.3231454259831429,0.00019431056093475888,0.6762643522062091,0.0003104650719260233,8.54461777874564e-05
f78a1e78c1f5e1e6defb5cdba1b6e3c4ab04368e,0.9901577078279893,0.0010835465382057078,0.005145950062876421,0.003176378659870351,0.0004364169110584199
f7ceb05475f9dbc5fb03757f267015753f73672e,0.6373704020760815,0.0009283101472706778,0.360938645854701,0.0005645477059118087,0.00019809421603495637
f804bf88bb8c36c9c43cda946d8eae32bfb16b55,0.7660109326763553,0.062181961056932245,0.017780065827283795,0.15106866882939085,0.0029583716100378753
f8683bb62ef0932f883eafe899477d3579bc6410,0.437101208437627,0.002018697099626033,0.5591922705015302,0.001362481579746828,0.0003253423814699991
f88dd29020381d3e5a08bd5d74a5bceaffe75c3a,0.11889048314116532,0.005905849682406193,0.8730532056671548,0.0014399095357559189,0.000710551973517837
f8a787deefcb60af0876c9d7cd565f8a971a6946,0.9818196842125524,0.00476289371620928,0.012062830195995015,0.0011910089163978254,0.00016358295884554347
f8c25f6f9f005b6dac3eae76bad8c77a5c4f5a14,0.9554143243351716,0.0016131499487998893,0.041602635043741995,0.0012244510779061012,0.00014543959438053123
f947396a25fd49d8dc23960e17ce749db4f65841,0.9717285580364017,0.004457672926910459,0.02173441808471537,0.001635937455477907,0.0004434134964946409
f948a1fa1ff3a6bfb7b654ee672d7ce1cfa5ecb6,0.016560148515122868,0.9822760598664794,0.0007126609455160186,0.0002845700665006381,0.00016656060638107464
f96fefc70c2a918d4043028e4b3c8f675ec2df36,0.056054863631962965,0.0007447017499861024,0.942561319146741,0.00045184312132326193,0.00018727234998647355
f97c4493db2a81b0887ff0c0e4025eb896113453,0.8538978213229714,0.024247949219190806,0.10370135623799916,0.016230207624269508,0.001922665595569087
f99ecb8f8a7402f194f1be29acf0e099a265f250,0.010614244695009163,0.9846893600593001,0.001831350955917853,0.001730490168492391,0.0011345541212805744
f9a70cb56054490c7c5833769b94f5e1fc8b9614,0.11323241317126373,0.880914291829029,0.002210825479868342,0.002665667685445466,0.0009768018343934823
f9e5c8ba26def6b138155b99caf13629472ad9a1,0.12278213629873903,0.005188047199370279,0.8709247235506319,0.000836830524472195,0.00026826242678658845
f9f6428b55eaf0222f5de2895f304c56a6ea6779,0.002326358876321593,0.99641047677776,0.0003061189819995786,0.0008107225949285816,0.0001463227689902475
fa0d2384c45d1928905ff94dbfaf40debf0d4253,0.01651465825726078,0.9695122111333386,0.011551030092659533,0.001785077148769655,0.0006370233679715069
fa50fa69d3ae1e883988b98d3b6384362440bf20,0.9608634983839617,0.0011028073721930324,0.03710660067965292,0.0006739535003908486,0.0002531400638015402
faa4b306d93fd9e4b1a6303ba9c7752b30afb12b,0.025460817928540252,0.9305126562477641,0.02065223620405347,0.011935954403775375,0.011438335215866608
faa9fcc129f5cc6f215ac5f02cb26eeaf5ae27bb,0.020355272095881453,0.0017298024422017588,0.9767722839355959,0.0007791044577522934,0.00036353706856887875
fad1b1200b49dbbfe413c52b0fa05f68e24ad73c,0.7327415203805402,0.02287170466672354,0.23968706024830877,0.0026496483109373537,0.0020500663934903173
fae51efe623604c00002e037903e85e696f42748,0.9602241220178273,0.005252804622995545,0.0333224885807731,0.000854751485104163,0.0003458332932999102
fb8af0fb2929fd10c1618b398351b3f3f20a2e0b,0.9724477597007645,0.0020387509445835544,0.024913739879036802,0.00042955846631600883,0.00017019100929917394
fbee24aaeb8eb97751d8295e2ebdf1487796e59c,0.0023014326462099163,0.9972085405592287,0.0002596600569644544,0.0001468272237159997,8.353951388089335e-05
fc280ce20d6b5d89f549c0487e855bced7e2b6e8,0.005734776587367025,0.993197429525725,0.0005913279387450277,0.00030105741247355566,0.00017540853568923562
fc31d3ffa3a4852631c65578752d35c6c0d078ca,0.07333959072924716,0.06056823331630043,0.8547146168513368,0.005856319021662983,0.005521240081452668
fc4307ec4ff10f8eee99f8243c2acaa35bbcdfea,0.9792097424876613,0.0005403036533950614,0.019895284343660176,0.0002701136570355966,8.455585824797768e-05
fc535d928b58ec844cab4f6a6f9eb7b80e5c70a7,0.9927379187971686,0.002300014072423851,0.0046352507594648994,0.00024752388215110063,7.929248879167444e-05
fc7c9c0b93845f43503478592f92767e7434cc7d,0.006038796788052991,0.9917817819469056,0.001039853926841852,0.000848256538945777,0.00029131079925402454
fc8cea28fb0ed80f8780c06712f4fba1c53c2bdf,0.07739458635431895,0.008093844728627751,0.9126527323203291,0.0012452101530448624,0.0006136264436793937
fcd6260c1c048340bd64fb57bb8db78e15a4c831,0.005571522813882802,0.9930906182174036,0.0008786909376564299,0.00024339001347074604,0.00021577801758632624
fcd99bf3242a74a46bea2a8716360468d09f7aab,0.020557780164116003,0.9786478388594291,0.0003813358813725643,0.00022173872955823904,0.00019130636552422536
fcdd932bc76a2bf31fd4cfeeaa522e9d64aa055a,0.001780395698605658,0.996859436813157,0.0004409147197810565,0.0005913108579577222,0.0003279419104985636
fd18f4bf1d2de2ee3dcffe3f662e5b86f5870fee,0.007818898372508353,0.0020137136468236483,0.9896772264012917,0.0002476820807258324,0.00024247949865048785
fdae06bb3e1e2a55fa58224cddc2994635cc77dd,0.9818907516714237,0.005042581228394234,0.010368023558103921,0.002385086541077354,0.0003135570010007495
fdbc31eee97116d2a8c8345d96f9f96f396a44fd,0.5229268585914697,0.006824986998430211,0.46249141937916133,0.006979151585418179,0.0007775834455205908
fe0883f1212cc257918826af706eb607aea73de3,0.0015400762434018835,0.9980779547819795,0.00023536171224262204,9.216556916352754e-05,5.444169321245074e-05
fe5316ca33eda434a08bcd5d34a5a7683f36a6d7,0.04029020177931562,0.9518745843087247,0.005727271330426082,0.0014092397913192329,0.0006987027902144847
fe57ec17625aac3c9d4ec1069685945a9680bb18,0.007544972035133397,0.991451175895413,0.00035247874910981713,0.00046464599607658045,0.0001867273242673003
fe6040d0d0a8da5c4d394655fe9a6e02d40ba25b,0.8984920338240435,0.0065513597923057155,0.09207655465320246,0.0018052930256348741,0.0010747587048134104
fe665cee17a0a93d27d4b80cab32f5886694d33e,0.013018843598363828,0.9596604375013997,0.024518655583101102,0.002123580950459315,0.000678482366675882
feb4b0ae88524c9cee3e50f2301d84a235f3c607,0.9571979675678932,0.00665141640605242,0.033756077594799844,0.001906434927768282,0.0004881035034860154
fecf3f14f47237e02721ed4baa4eb6c11abd239f,0.010422656760377206,0.9857896468198342,0.002719416662276768,0.0005288454116270302,0.0005394343458847308
feed09e13586d12139cd59bc20996a4d29706606,0.004859332070284519,0.9940683720140849,0.0004116785430522434,0.0005409852073147532,0.00011963216526357943
ffc0bca6fde8fa0cce1ac3a7b0d746603d441bf8,0.015075779484565037,0.9837703659729572,0.000602363393059059,0.00037736054005353887,0.00017413060936526258
fffdd6f356ed5b8dba21717f60c53f6520e650ab,0.8441815088839776,0.061467651909052984,0.08774322110387602,0.005114185019982753,0.0014934330831106628
