swahili_id,kitaifa,michezo,biashara,kimataifa,burudani
001dd47ac202d9db6624a5ff734a5e7dddafeaf2,0.9846644,0.0016644393,0.011403575,0.001908289,0.0003592579
0043d97f7690e9bc02f0ed8bb2b260d1d44bad92,0.0056994003,0.9932729,0.00017151973,0.00055801496,0.00029810108
00579c2307b5c11003d21c40c3ecff5e922c3fd8,0.13397737,0.0019717487,0.85841936,0.0037017427,0.001929839
00868eeee349e286303706ef0ffd851f39708d37,0.92300195,0.03510395,0.0019265991,0.031093733,0.008873774
00a5cb12d3058dcf2e42f277eee599992db32412,0.6098184,0.0033340137,0.37790602,0.006767858,0.0021737253
00a93e174866089d7f4b59b72645573f963da555,1.6503529e-05,0.9997825,3.1252423e-06,9.327087e-05,0.00010456049
00caee8b79f36cc0a5ae4fe86b8abbedeef6c705,0.9576771,0.022638174,0.0076032295,0.010082485,0.0019989773
00e72e69de296484ccacd96e38240844ac61be23,0.018798899,0.97223645,0.0013492124,0.0047647245,0.0028507095
018effc3b6ce812c825fb01d244f4b849658ef3c,0.0052042287,0.99344677,0.000121647,0.00085185166,0.00037543164
01996c3787dbce345ac122a8912dc9ab57334e2e,0.030953139,0.9388971,0.002632023,0.014991734,0.01252606
01a58fd93c05d8febbd10824b162ba00f51a9fcd,0.97055954,0.0025684496,0.022847673,0.0033173352,0.0007069915
027063d6cb270ff8b60a4ced0c7d3835628286d5,0.9073524,0.074990906,0.006546236,0.008036297,0.0030741575
02824fb4c78d076c52d71f21f50c7e33fac4a530,0.22670448,0.0079724435,0.75577885,0.0062882723,0.0032559473
02c1bb0911f056f18e04a9e831b405cfa721b62e,0.9438916,0.004991936,0.042913694,0.006957743,0.0012450204
032bcb8f892f50c0f4698d550e140474cc0a2e25,0.013495885,0.98478544,2.978274e-05,0.0012663944,0.00042253523
034185c116681f9afdefd8445f0a9896b9673f9d,0.7629967,0.041904707,0.18016884,0.012344741,0.0025850728
0355be98526df7da1e8da43c81f012551fd53a74,0.95727617,0.02410577,0.006456378,0.009467652,0.0026940485
03817b4b8fa61ee0176ac9c5cbf66fec86f2ed3a,0.07639942,0.0032313154,0.9118426,0.0048507787,0.0036758906
0388b907e596357c5bbee251003dcdf97d679c89,0.843331,0.003882581,0.13834386,0.011534787,0.0029079185
0480c08ce9059abe99336f4b39a41f4562150848,0.010438615,0.0047096494,0.9818683,0.0020019962,0.0009814288
04d7e75611796f3ce8ec460f1eb6bffa9da15676,0.0030750695,0.9953074,4.5541292e-05,0.0010284488,0.00054354453
050e737c0998f7ba049bc0f02d5a4b64e7f0625e,0.004338085,0.98364115,0.0023152167,0.005854659,0.0038508447
0516a757aad1d09f893091602ad05505b5e88401,0.020885285,0.0015617128,0.97582483,0.0013462804,0.0003819674
05d499508761de20c4ae1f9fee1e204bd435edd9,0.88423723,0.0010786832,0.10927908,0.0041755936,0.0012294912
05ea491371ea5305802da17a93f27ecf8e59bb49,0.02111324,0.972368,0.0019671964,0.0029646696,0.0015868733
05ee92945a93072bd98b56eaa9917e73584c0d2f,0.9398931,0.0149856685,0.037616525,0.0056216517,0.0018830174
060017feb4ec0ef7415dad6cc02e33842dfcfbb2,0.7827787,0.001346644,0.21233442,0.0028564192,0.00068378024
0689b40d0a24ac5152e62aad9d112138e7aabe11,0.029666783,0.0010550648,0.96672565,0.0017259709,0.00082651403
06bc918b17a76ca6f18a3341f7da78d1fd02a326,0.0022302067,0.99542373,0.00033327588,0.0011541947,0.0008585627
07556b566255f261f362d7b6dd317cf7c8722507,0.35180792,0.0025530893,0.6420382,0.0026651833,0.00093556725
075bbea3663e0db97fcd4a2687ef2d47236dac28,0.98983496,0.0017968136,0.004376072,0.003393144,0.0005989255
07ad07b3e6307bc93b4abf80011e4630058b665e,0.7852956,0.0034565781,0.20505676,0.004960999,0.001230076
07e372ce107507e12c04bcc938f1014a190c4912,0.18542837,0.0054112975,0.80389243,0.0034429906,0.0018249905
07e92959da333f858fffbcb3d9598ccfe7d2da34,0.19550842,0.0019698297,0.8009189,0.0011970979,0.0004057042
07ea328f3b14346960dc9ee5be834753bb1261e7,0.7154544,0.09784807,0.11545164,0.054288078,0.016957842
07ec88b88bba066163e7aa27228b6263ee506390,0.955486,0.021504771,0.016090607,0.005748499,0.0011701618
081412e435970d66e6a60e9406148323605d7171,0.7453014,0.022222238,0.21689506,0.01179062,0.0037906542
08275ea9ddafd22b968c99f94db32c366a9b94d8,0.009486378,0.9876859,3.7174388e-05,0.0021270579,0.0006634516
0890a8acfb73d35080feb74458c9792b1d57fe6f,0.88363576,0.0005182169,0.11366592,0.0017462706,0.000433833
08df63a437025893af3ef60b87a702ad20dac5a3,0.038158968,0.9543201,0.00057070894,0.0039306767,0.0030196463
0943b6968f97bdcdb50614734e04244199588da6,0.0024983978,0.9949675,0.00011158228,0.0016695821,0.00075290713
09b4ed7da8e5f8780ea8d3123478d6b42be31dfc,0.5956052,0.0044075893,0.39213622,0.006042137,0.0018088713
09e50d9ada0f258798d3a9ae312d4783589e5fc9,0.0010552243,0.00017310379,0.99853814,0.00015039518,8.305611e-05
0a0c86c5a3e9253c647297a0fdf9355262620f8b,0.8843417,0.021022342,0.08050821,0.010478198,0.0036495693
0a223acab39e9b37cc0ec89b241874869c79cef9,0.8702089,0.08359302,0.020030359,0.020246686,0.005920962
0a25a12bcfb1bcee66a0fd936b305251082736ef,0.0082387095,0.98971575,4.2046104e-05,0.001364112,0.0006393465
0a6152dbcfdcc0e8f2980179f6319d511d86e258,0.9718768,0.00051091495,0.023906514,0.0028468731,0.00085897034
0a8af0671430846c40524d56d374035793d03247,0.0023099221,0.99635977,9.576178e-05,0.0008353739,0.00039925412
0b01e6d23ead0ce43ee3cb719a84694cb634c84b,0.00236876,0.99624443,4.5584165e-05,0.00090314983,0.00043801614
0b39b6b564a36e71f36a9b2da87e1d8b0edc1926,0.9344342,0.00431463,0.05378318,0.0058286926,0.0016392487
0b47e2144dc890d150c60a32986e2b130fa1e6ce,0.04568872,0.0033898212,0.94635063,0.0028712903,0.0016995228
0b556c8ed912121e0574b62a5e41d68e771ed380,0.9600053,0.004376782,0.02248365,0.011094945,0.002039372
0ba0156e5105e73cdc1c9c6e0b247be99c8b8be7,0.8921009,0.003411571,0.098828286,0.004445185,0.0012140595
0c272f5d8f6746d7b77b3d8dfff502c55b7b6612,0.97005266,0.014611279,0.0088427365,0.005221272,0.0012720524
0c970a83167a984294a4f45f714cc117adca3b91,0.87197083,0.08786786,0.029331623,0.0077455863,0.0030839916
0cdc764a2cf4f38e3b734dda222498daaae7762b,0.012989426,0.00016903301,0.9865498,0.00019761962,9.408104e-05
0cfbd5179035e5e22964b1fa9c764337cc816bc4,0.11013155,0.011698822,0.8687933,0.0066592805,0.0027169967
0d15d685fd32390bac5ba568a7ad5cac59313f78,0.037681345,0.9567481,0.00026816648,0.0038269027,0.0014754025
0d1637e139b088cf1d9a114ca48a5676abca4161,0.12742168,0.00091751,0.8690701,0.002027649,0.0005630577
0d2e3cdfa1c479f93d7d19008616c7331df1d4d1,0.09019779,0.00080356415,0.90741384,0.0011488065,0.0004360378
0d33de20de638919329d55c90d8eeb6e6c05d8bf,0.024376668,0.0028957822,0.9713482,0.000820791,0.0005586386
0d8e8bb5db320bc6c7c048d0bed7b17a4e52fd4c,0.9736034,0.0034367274,0.0031629712,0.017282475,0.0025143635
0da943ec51a642a6c551c33e260fac9702db1261,0.0056874594,0.98949945,0.0004782764,0.002610911,0.0017240223
0dad250b74ae3fac96a6ea95da3908cff18481e3,0.9973896,0.0004732276,0.00056582637,0.0013586732,0.0002126764
0dbb48e484af46a1567888ee8cad187011cffe91,0.91952956,0.0164436,0.05383757,0.0076956796,0.0024935463
0dbff8419b10d05274f9ae806c3a80f4182e9533,0.87186944,0.0039286506,0.10474188,0.016315637,0.003144452
0dc7aa83d132722c26c404bcc4c3beff84a4f6a9,0.85970765,0.09816704,0.001221344,0.03377893,0.007125099
0e43e7f0e72fd33f0fbf9cccf323f5075970ebb1,0.032685272,0.0047480096,0.95941067,0.0021028053,0.0010532347
0e9ac91411adcd07930eec2cb5aca10edbcb5baf,0.9538705,0.020400455,0.004752972,0.017763209,0.0032128827
0ebce7758de01efa31f6cb32923137d89af0eea0,0.019916883,0.9694215,0.0033689132,0.0045511113,0.002741583
0ecd111de63881bf6a1a5737ab588f514c96c70c,0.9948196,0.0012594641,0.001892527,0.0017198031,0.000308645
0eec26a488ff8052197a3b5390b418ac1c12ba6f,0.4626667,0.09580356,0.06796807,0.2977008,0.0758609
0f3cbf200b1576ec06958663630b1fe0296dc147,0.72701585,0.13550611,0.053651154,0.064715646,0.019111237
0f549457628a1f540d3d5940ac5d21ba5f258533,0.85403895,0.0064446996,0.13199835,0.005421684,0.0020963782
0f5bf82dcbb81f6291a8dc85ed6e306e15a1cbea,0.0048247194,5.947236e-05,0.99462503,0.00030798253,0.00018283034
0f5c284178765d0a6d07ce07bf4fe33f92e06202,0.87493104,0.0022817126,0.11933774,0.0026623874,0.00078700023
105b495562a154cbbcadcffad1064e8118242c74,0.003543148,0.99594045,3.2062682e-05,0.00033053104,0.00015386139
107dd7197b90fdfbe1a98b86dadfa8bfac9bfedf,0.003655798,0.0015823515,0.99356043,0.00074235786,0.00045914346
10b03eaffdc3304770628c87bda11e0267eed7eb,0.011796188,0.98590267,0.00019066762,0.0014074786,0.00070290314
11066cccc8556d9216650f0e9b8a11bea7bda395,0.96467084,0.004788048,0.023474287,0.005537985,0.0015288584
1146d6b4b5f38d1e47599fc43dc2416ab09a9c6b,0.89914197,0.05352516,0.010800214,0.029747633,0.0067850533
115f11eb5f7d4ec8c9ed994f7a613024d7495529,0.0022060967,0.00016595727,0.99739504,0.00014963734,8.3285726e-05
1166f416e9abde5e66f0073ad84fab41e55d2f5f,0.010578424,0.0014204929,0.98727554,0.0004562391,0.00026925886
117475559a39a6e0c91bc8146d3af16441445958,0.71670747,0.10510176,0.0661131,0.088423565,0.023654064
11cfaf6f1cb4d9e912f67fc7bba2dd20617a54e5,0.44466057,0.40884122,0.011263078,0.10299261,0.032242574
11ebf20c51938edb9f0bb485fdcb764dec79b720,0.3441895,0.0060212445,0.64052373,0.0066324454,0.0026330573
11f2336ac02a445727c4c70267c96c26165e5160,0.022467116,0.97511995,0.00026960458,0.0014876667,0.00065565074
12bfbc98cc72f5b4325559a389d68642841bb352,0.93584496,0.0028700815,0.055601355,0.004825294,0.0008583951
12d9b3e67591a19adb213cc10fce955b95975b59,0.028213946,0.9696408,0.00012589677,0.0013923978,0.0006269902
12e3516097ebeb561a648ed3b80c84831b2373d5,0.30388093,0.001273828,0.69152653,0.0025581697,0.0007606374
1317a6c2be8b08e66c44be5fb0fa0abd95dc1122,0.38540542,0.0050448016,0.6027855,0.005064546,0.001699727
13299c54cb74ce4c8714de5e4a9bccbb9a556f96,0.005099261,0.99333525,2.348777e-05,0.0010456335,0.0004963399
13451413c35a1bcc624706c98bcb353fd910f62a,0.016965922,0.97837615,0.00081391225,0.002451344,0.0013926476
141df8d7c9720327fef3166a4946149d4597520a,0.16221379,0.16549395,0.65678227,0.00976074,0.005749261
144800063ce42c96dfa9cdddd36d622159cef6fa,0.82123506,0.10563905,0.056751963,0.012372755,0.0040011853
145d0710b6bb3db5a6f1bb4781468967ab8f363b,0.3230088,0.017135566,0.65249574,0.005109979,0.002249893
1490e2b0c8e2ce49cc21aedb335c55c4b8df719a,0.30124465,0.004793677,0.6828547,0.008130465,0.0029764615
14fcb47517af5bcf9fefb157fcef1ba616a7c081,0.9414007,0.0020999217,0.052389022,0.003398538,0.000711677
1531d5b6c12ec1d135669ae9484671aea15423d6,0.010090098,0.0033416075,0.9858101,0.00042629227,0.0003319968
15881754e95674ca3089e2c229cf14ca385993e1,0.004513134,0.9660375,0.014231094,0.0085937455,0.0066245394
158cc5c81fe5b29eacb35b95b6e0e56d09d8e758,0.0002352966,0.9988526,2.2361291e-05,0.00048753523,0.00040221217
159224fc313fc2d9b3ef32df8c20c53fb98725a2,0.98596835,0.0026296913,0.0063237213,0.004399605,0.0006786663
15b073c6c1159056affcb7b1d5fd094d2fa178d5,0.0037292028,0.99518174,0.00011492438,0.00059805845,0.0003760873
15e01f45d706c15014d706a000efc2548eb33980,0.422489,0.01870846,0.5398442,0.013422665,0.005535614
15e5a9271c80e1c7161e468adfb58a694c737ae8,0.0044289227,0.0049384087,0.98987657,0.00048127043,0.00027475573
1641eb85255f102592a85d3cba2cb9cacb8b4051,0.009551891,0.98736995,0.00031791514,0.0018546593,0.0009056559
167e0483268b98bf5fe1a5aad41cd95eac382f0f,0.56513983,0.02504971,0.3945312,0.011983822,0.0032954472
16a0e237108278566224aab63145df19b683c705,0.0506572,0.0014725497,0.94561845,0.001330338,0.0009214981
16a56f26b6f696151809e0cb26b75093ec47a58d,0.004093266,0.9943104,0.00015390987,0.0008728107,0.0005696151
16b770f6de7ce9481b84051fc4e124b792695910,0.9087202,0.0047221854,0.07893919,0.006268109,0.0013502889
17aafba88458bfd29ddf9b7cbd159c191f7a1118,0.96410906,0.011295756,0.007966984,0.013745564,0.002882634
17dd7effc40752af58e35c37c5895d4ba5d84269,8.8999106e-05,0.9992879,3.13639e-05,0.0003004926,0.00029124744
18595209cee4049feb8c24a6fd25aafd9d0d755c,0.02979877,0.7707752,0.14710502,0.03332419,0.018996824
18a3d479d214f7c41b65ecd6abfbea8e124d5ea6,0.068039075,0.8659121,0.0062350687,0.040056743,0.019757042
18bbb303cb556aa3dd69b6705893649b194b875f,0.1598485,0.003218621,0.83184034,0.0037482788,0.001344344
18fdf5f0583fe8b0cd324b2324e235a7cadc9143,0.0032666198,0.99355054,9.605296e-05,0.0019625295,0.0011242379
197baa2e7a1a9b5e091c5dda305922b912b5f000,0.0068133906,0.00017274916,0.9926075,0.00027659204,0.00012988954
19f510e2874c0b863f7b753a1fd624e1cf7f65a7,0.9686119,0.0018698608,0.026932789,0.0020880187,0.000497403
1a17c80adddd2c806c7c006c1c6664551f639945,0.997512,0.0012790076,5.0226114e-05,0.0010112844,0.00014762275
1a2945de7db7d664a6a47aa9d4ca66f32f70b007,0.93150896,0.00126769,0.062346295,0.003923873,0.000953172
1a434697e5ed37622d6e242b2661e1b5f15fa4bf,0.94053316,0.024101218,0.0024053534,0.029405331,0.0035548822
1a4ea72aade16ffb2a8a5482d687c49f28e5748e,0.928664,0.033954833,0.012914574,0.02038704,0.0040796557
1a8feb5bc2c7f920cc90e2d48e1aa165756d8e40,0.9913338,0.0018914288,0.0012885834,0.0048158034,0.00067046966
1ae7db637de02c1433a216bff407f1e00b7746ed,0.113345616,0.006482548,0.8768537,0.0022337548,0.001084401
1af7c0ced692824637718b5bc494b3f369c27ae9,0.0007189108,0.0012568086,0.9975811,0.00025064216,0.00019254972
1b1dc07761bcf39e979dfb1718967a78d0aee790,0.56530064,0.01651311,0.40956354,0.006182561,0.002440115
1b50390e6648cebfec8fe3a6aef61a0b066febf9,0.9964729,0.0011610667,0.00051976845,0.0015963161,0.00024987521
1b5736b3ac4f1db6c28a7818835cdf7a9574658a,0.11874568,0.062231783,0.7893984,0.02196038,0.007663781
1b5e71255db35337b4ed41409ad2a02e2631eb7f,0.79035336,0.011507372,0.17965437,0.015515135,0.0029698033
1b9efa38da384b10eaa53d56a07a9094febd5c6c,0.9837427,0.0017056437,0.009672571,0.0040796567,0.00079941907
1bc2142fc267f7d22be3b03f1d8b96791148b0cb,0.001051326,0.9987431,1.5096973e-06,0.00012679519,7.728161e-05
1bc5f88ecb46e60f0f63bef176307d245171062e,0.073069856,0.9166381,0.00096395647,0.0065874467,0.0027406984
1c3ece194677524c78a9f91716667bce5fb9b7eb,0.039200876,0.001201232,0.956265,0.0024384323,0.000894425
1c626c21d45834c3cee43ec7ec17c73629afce5f,0.98614097,0.008016833,0.001966049,0.0031478791,0.0007282301
1c73a9479849e76c9269bf9f1542e264493cd91b,0.10803475,0.0007658524,0.88880235,0.0017841416,0.00061298057
1c7e51812e18ca91b75484915554483ce2a55119,0.06305393,0.0023489099,0.93110603,0.0022677656,0.0012233679
1c9268524736398ee3e60880113cc4d92f934989,0.9323639,0.020841414,0.03382895,0.010613613,0.002352083
1ca667458b92c09852f3e4a2d3be77fd0064c069,0.008860521,0.9846624,0.0013934074,0.002657165,0.0024264748
1cb82db6885a902029c17c04ae7511653a1d23b9,0.004331142,0.96025455,0.008147142,0.012736151,0.014530944
1cca7897a49ff7f29aafea06ccafc2ab7f050d9e,0.00043455214,0.9992842,4.042348e-06,0.0001326928,0.00014445928
1d21046991eae6f767d0af4f3e2df0c41d57376d,0.037649844,0.00034912146,0.9606273,0.0010141704,0.00035950096
1d3892ce2970b5f0ab94bd5d6df178022b82fb75,0.24228998,0.0030085652,0.74922657,0.0037772732,0.0016975699
1d3b44ab1c7acfdf3850e0f32c81ac0733875299,0.004868864,0.99397117,2.4534702e-05,0.0007114292,0.00042398492
1d7c293d74195e673ba22ac413866beec98ca7ba,0.005450497,0.9810053,0.0027961018,0.0060745343,0.004673453
1db409415257ad5afb7d1a4301b5bdd7e4b23a4f,0.00084797136,0.9976515,4.926154e-05,0.00097600906,0.00047520452
1deae0ba27a1dff11ac59bca2da59863dcc89401,0.03396892,0.9528242,0.0001545663,0.009517262,0.0035351322
1e5f02f3348efc9deda3149c6dcb24262b68e0bc,0.09716059,0.89434505,0.0018851028,0.0045709657,0.002038282
1e6b54269bbced15cb129fd99873927aab30fd92,0.534733,0.0018582928,0.4564889,0.0054725045,0.0014472398
1f306e0c91d64cf18674974f3520900b53ae60d0,0.0060297335,0.99200696,2.2734683e-05,0.0012131098,0.00072757126
1f8ae4a40785fe5619988e033a6bdd897823827d,0.41421226,0.015780902,0.54340935,0.019128574,0.007468943
1f91a15048e3ee430b307e0d25298ccb4d778c78,0.048271663,0.94571614,0.0025947886,0.002344196,0.0010732511
1f93a643487d5fc6008d958f25d7ee0ff54a7d11,0.9560455,0.00061578915,0.040992595,0.0020190945,0.00032704315
1fa318e91639e14ded7d95319fe5e497b89c1c6b,0.9177431,0.014251732,0.05198451,0.012812653,0.0032080638
1fec12dabcfdbf1509bf3c4a94af4f3be401a957,0.86901,0.060292203,0.042016305,0.02175524,0.0069262837
20514b3a900e6865ddbee4dc7f3ac9a494c3982e,0.9557804,0.009081852,0.030667303,0.0034809099,0.0009895364
20db7329999438154327e166b1e270010149814a,0.103094555,0.82487875,0.051649705,0.012415522,0.007961453
2186342b9a2ac3d8370cd188deeb4460adc17368,0.0044949995,0.9936982,0.00013156503,0.00084296305,0.000832329
219c4fdda89354527ee17ad814be82a051c69f85,0.112989485,0.00080568326,0.88353896,0.0018696146,0.00079629675
21d98fb6b5204400522e33450b68f43377298c45,0.2994127,0.0012674145,0.68804485,0.008832034,0.0024430056
22133cda28691ae1c52d81796c20644a27ad65b5,0.9439895,0.00087436277,0.05253309,0.0021767858,0.0004261304
2232f3e8f9147b183adc5e5922031ada4617fe49,0.72989964,0.18545084,0.02036475,0.046729323,0.017555512
22650528be024b0ae698b5211306bc3732636d13,0.6523632,0.011018181,0.30966288,0.020107826,0.006848029
2271fe2c21330c061b949ee2ef4e519280852b13,0.6460683,0.0077755433,0.33484864,0.008244754,0.0030628403
228a29757133e396c6f0962ee01ecd920542a044,0.88851416,0.046077374,0.017476195,0.035684157,0.012248101
229d4fe6fec882e0612a7ceeda6ac8204de18c82,0.9724185,0.002936011,0.021026887,0.0028345853,0.0007840671
22a7967c345454212d50c6f8b35414ca1947cfed,0.94233364,0.013421993,0.034813933,0.0065063164,0.0029240476
22aa78381e31b43c9ae7f2a931d04e5fe3a9e2e1,0.029554809,0.96637416,0.0006447137,0.002267921,0.0011583408
22c65d35241b8783cbb04b57e5d8bbf67b18466d,0.0137271425,0.9782179,0.00028288778,0.0048981495,0.0028738552
22d51c0b65218f37924043f86cad2836c06750f4,0.9940587,0.002425824,0.0008532091,0.0022677507,0.000394461
22d605a5ecf7c468fa8ca8482cb4295a0c6622f0,0.9964393,0.000717387,0.0011508679,0.0014893337,0.00020314025
22da997d2d5a443d57cc82b9c0b996d4444012aa,0.005456048,0.99358,0.00033396058,0.00042714208,0.00020295334
2331aed1ec908a42e14752a12d2ff6db43352185,0.26105046,0.002604633,0.7292798,0.0050797425,0.0019853741
23432f8e81eae4e9d012a18339e19ab9076f72b2,0.89679915,0.0018321178,0.09847941,0.0023942036,0.00049503776
234503eb2811a7bd940e16cb63e858165b824b02,0.04182039,0.95229256,0.002252402,0.0022923453,0.0013423464
2389fbac7e9352ec0de7cc8775f2efc4b4cf6b5a,0.0013667649,0.9984425,8.5504425e-06,0.00011989401,6.232179e-05
2396eedfb4b784c10e02b5ff30b30a67b2b43c8b,0.37794688,0.0018777348,0.6158694,0.0032191866,0.0010867496
241de8bd14a3c5059ba72e47c9c7d81256740add,0.2203882,0.0010286045,0.77677923,0.0013760522,0.0004279495
24951db6a078339cfc92582044799ca6e960669f,0.0011971617,0.99839586,1.2343429e-05,0.0002603305,0.00013426864
251bd51aa700823c7d36d58b331cdc110a1701f6,0.15307552,0.019197106,0.81947654,0.005993629,0.0022572214
25222836d355cefbeb28dce0331b511c5504d970,0.9684613,0.0029126632,0.020727683,0.0061420687,0.0017562985
25310ef53a4af995ebd5cd6ebf505eb496bd1f82,0.9870007,0.00054589467,0.006221558,0.005396154,0.00083564786
258ac68db6c7767d8e8ba2c49921e2c329aa0f88,0.0077765025,0.9910479,0.000107723215,0.00064271275,0.00042522224
25c7ddcde232773eeb3487aa8e6cf929750416b8,0.98980975,0.002556217,0.0029565888,0.0039053857,0.0007720259
260a4acadfa1c8e2a5b405b858b556fb841b39c2,0.8755984,0.049241345,0.04364672,0.022048991,0.0094646495
26498a5987dbab32e9e3841a04434d9d6216f7e1,0.0009810277,0.00095643237,0.997897,0.000102895916,6.265379e-05
264fa2dc9c98b37c6db6f1f7c8b7f54fce27c993,0.99278355,0.0016473131,0.0027053715,0.0023367354,0.00052702724
267db0653386b9e84e4130fd216b57a77289b54d,0.0016249968,0.9967013,0.0006246593,0.0006369796,0.000412069
2682e0c1a27de26e0649f196994225173d6323ba,0.92785984,0.048887476,0.0044854973,0.014801036,0.0039661764
2683a7feb3b17d27344244cb210cd148d35223f0,0.021122158,0.97349143,0.00082582154,0.0030593232,0.0015012224
268b71f045246efde4ea467a4ccfcea2c2804b51,0.00074084324,0.00024900105,0.99882215,0.00013172788,5.621456e-05
2691ac6f3a6e113168f145237d836b60df881924,0.2656517,0.0034977081,0.7221161,0.0065154624,0.0022189403
26b702a06ae1e864430330d015aaaa35f21d4eeb,0.98748523,0.008004276,0.0009793617,0.0031124055,0.0004187574
26bf62e344aaec65d875ad14fd562aa40b49408f,0.03864286,0.002900858,0.9560958,0.0017819387,0.0005785108
271825ae352bcae7618044ca2b5719b6f67c6e07,0.009634238,0.9894599,8.134216e-05,0.00052938255,0.0002952218
27234421a1cc225bbf6d4795f3488dfdf1d2a1c4,0.39641085,0.0029449959,0.593922,0.00489356,0.0018285896
27559809240c440f0b528fbc1af7e5cbe1b8fea0,0.0024702395,0.9931653,4.5799694e-05,0.0027376458,0.0015809502
2799426ff8c1dda3701fbc7dcbb624bdb230cae3,0.014249124,0.9780661,0.0004329734,0.0045072827,0.0027445052
27ec30c7c2416334df93fd818a58e3d9554913b5,0.012813388,0.00027464307,0.98561317,0.00091828115,0.00038056017
27fab48d0e16964ff46d6c5b904ebdf9e81e8747,0.98295903,0.010488551,0.002665552,0.0032247033,0.0006622138
2851c1456c5a6737c8594631348781c2ebfa30cb,0.20682032,0.009729959,0.7729464,0.0071604233,0.0033429388
28667773b1bcb3baf526df79f8f3296c0d4c9674,4.4491277e-05,0.99931407,1.7732005e-05,0.00028450816,0.0003391841
28a78ac3fea8a67371457536a90b0e9567273865,0.9350956,0.0100193275,0.032660183,0.017765705,0.0044590943
28dc3ee972f8779bb4b14107db268c8409f50219,0.021671671,0.973301,0.00017510781,0.0032559957,0.0015961707
28e36096ebda6cb2169943384d6c1fa8180fd9c0,0.9635609,0.015589727,0.0045147706,0.013373725,0.002960859
290c85dac0aae4c60fc1f957f7b17b380e049c23,0.035127223,0.95967394,0.0012535363,0.0025248055,0.0014204427
2949d2d118a3240ba3c654d7c7e93169307176b3,0.00025889807,0.99873716,2.16708e-05,0.00063455175,0.00034770562
2957893c8d9481ae20b144a940ea8a293d90d18d,0.0019395485,0.99494714,0.00014271298,0.0016428616,0.0013278339
29a252032b84ce882412cf07189c50cb15514eeb,0.9135001,0.01806441,0.054095197,0.01072897,0.0036113448
29b49407d4bf17d71f7bd1d4f4e47c4a899a28ed,0.56850344,0.0020704644,0.42495865,0.0034202926,0.0010472131
29c81c827ac7170ca7898afd9b27347ff592bdfc,0.97567254,0.018865338,0.0006284309,0.0041380986,0.00069560955
29e5ea1ed4816d8687114bbb13162d9a074e7eb8,0.018549556,0.9763535,0.0011101863,0.0029335332,0.0010531582
29f93cb4ecd517363279aecef84e97875d5545a6,0.9878913,0.006713481,0.00054319506,0.004049131,0.00080279034
2a84a5008e52e2a6656bb548d835335011aaaf74,0.007675763,0.9907075,7.695986e-05,0.0009421522,0.0005976999
2a9af38c7e7210b6ba6c72cf5864052629eb3b6f,0.8952006,0.0024418377,0.09574576,0.005567631,0.0010440857
2ab0ef31dad96da6e0da678339f3f4f045ac1076,0.9680695,0.007312328,0.01764014,0.0057901796,0.0011878903
2ac85346f12429c41daf50490f042007dcd08c83,0.16476284,0.75888544,0.029396461,0.030988267,0.015966978
2ad94bd023bc1acacfed6a3352a100906678b109,0.9738961,0.00595153,0.014420605,0.00483856,0.00089329714
2b48e2cac369ea2abb17921a610162bd33f74d68,0.97378504,0.014124547,0.0013888224,0.008739139,0.0019623826
2b95c79271040f8a030d774286ad44053ee16b9d,0.46907926,0.035541236,0.44541833,0.037337944,0.012623212
2bba32730836833faaeb1a263ed29ab4df5735a5,0.942398,0.021723796,0.019511154,0.012120668,0.004246453
2bd8ed9333cd7b9864725f1742a689df365ad51c,0.6898124,0.0004946946,0.30550513,0.0033379775,0.0008497619
2be0d207f3a86e11d08edc1188508e1af1d63fb0,0.0030833955,0.98595387,0.0017568659,0.0047500744,0.004455751
2c498e330e035ae446ecde1a08bbf4f9598ea178,0.14928848,0.0024750764,0.8424795,0.0041774823,0.0015794117
2c6451ee38d8ba82c2d43d23ada828a269ca4116,0.049078118,0.94153816,0.00013691121,0.006635518,0.0026112252
2c966c3f4143d9c68580bf1c3d404a59137ae609,0.02263371,0.97280395,0.00014145764,0.0032479828,0.0011729002
2cada7f16de01df9295a1b644efe5c619ac8a2b2,0.20273842,0.009584611,0.7779351,0.006743616,0.0029983118
2cae18f86c326b0eb16f03b0aa9c75818a977448,0.2036938,0.013111031,0.7694835,0.009658031,0.0040536826
2cc876deb0920ade25c16884bb57a0aa8359c43a,0.0057682227,0.99234325,7.255805e-05,0.0012236361,0.0005922899
2d2fe22b39e39e7bb306d5e84dc9f9c4d470114e,0.019011635,0.9779718,0.00017389827,0.0017563103,0.0010862664
2d9c99c1154e7e7bce3b3f191f4d828672ea27a6,0.07884024,0.00096757046,0.9182794,0.001322512,0.00059030985
2dff481ee72ac1bcde6262b26c372a9e8b7c7497,0.9203662,0.0026515976,0.07293841,0.0034113745,0.00063227466
2e543d501ac8b6dd450fef9425cae55ff7b50a73,0.8416674,0.007736364,0.13874678,0.009268262,0.0025812546
2ea80316710f886c245ae2e2d45915567e548c7c,0.36396563,0.004690302,0.62033683,0.008559652,0.002447596
2ebfaa78df27a0a64d26bf6772757307c9ff975a,0.03753129,0.005263623,0.95061445,0.004617993,0.001972643
2ed11ec456a062d53dba7f7a9d57534d12acdb95,0.93634814,0.011547622,0.021774879,0.024273846,0.0060555288
2ef825bd7e0591e0e7cb78dae66ce5a2b6c40f5d,0.053388897,0.011495531,0.92758393,0.005136101,0.0023955165
2f011c8fb460b9dd5e28275c0362745a010f4ca8,0.9932318,0.0011975298,0.0028938423,0.0022903357,0.00038650964
2f508eb79e87d75611f3ddba309163ce9d0835c8,0.009174565,0.98614466,0.0008349231,0.0026046014,0.0012411877
2f79ff4c3493a02edea1636bcfcf555b1bf7d64f,0.9866117,0.0013400596,0.008342204,0.003174083,0.00053199875
2f85f84d5136cdf6e1ede869b0015b7bfea6b800,0.014504472,0.9826738,0.00018028104,0.0017995613,0.0008417916
2fb671633b2e8316879cf56b830a57c8b33983fe,0.9908414,0.0018521146,0.00065461296,0.0057623056,0.0008895225
2fbe2ccec11883bffc4a999febefd5f09b871424,0.004437613,0.9938261,0.00018411627,0.0009000782,0.0006521118
302994572385583073738f971152dc77783b528d,0.9494138,0.039475054,0.0031298997,0.00644098,0.0015403607
30bdb11d5166101e7dbb5634d71c2575b6e5f54e,0.9994085,5.4517e-05,4.6267978e-05,0.00044048135,5.0321603e-05
313225e9af2ad60d37829216caf4bce04f23ea92,0.017960178,0.97963536,0.00024903464,0.0013958025,0.0007596261
31964043423a074f2a221988df0c76b5e6b8f5b2,0.0028037531,0.99619675,9.15402e-05,0.00059285044,0.00031516814
31c938d5ecab1bf0f1c4e8082776f0361a50f27d,0.010941969,0.0019692245,0.9858066,0.0008362686,0.0004458772
31f73e02023dfa2d1e29e8ff41fd9b18c79878c7,0.0096716015,0.9847254,0.0024528378,0.0020837304,0.0010663461
326da275051ca238a24ffeaf166b24c00be6216f,0.9159139,0.0014744451,0.07689057,0.0045727636,0.001148299
32f27dc369df8e68abab72fede10e6a6ed9ffbfc,0.6634661,0.0015299149,0.33036965,0.0038915437,0.0007427141
33892ecb8c7c790fcbc2105f390c491c08963ea2,0.9854876,0.003451606,0.004970825,0.004956283,0.0011337813
33a7bd491294f9bd4db119b53c5ad00ed70bc6c2,0.8796677,0.049642604,0.060394272,0.007775895,0.002519538
33b2fcf2f8546fae425948d41785c784da14d6f9,0.8889014,0.0017808587,0.10309897,0.005112984,0.0011057603
33c00e4613dc29cfd313ec0b072111e354130d9a,0.12594755,0.0008645209,0.8682932,0.0036611583,0.001233541
33c58ca9d55b9898c0c1d86a2321bf4da5e1f0c3,0.7031993,0.0070712054,0.28053403,0.0072318288,0.001963603
33c989d20b0b8cda8a03f2f35a54c9f20d4358ed,0.30416077,0.0018442776,0.69216335,0.0013625437,0.00046904664
33e428a439707970edb08701626948e828fdcdd5,0.44761696,0.00092523935,0.54522765,0.005150501,0.0010796037
342f45fb99ca21761635a2554f6874290379264f,0.7412976,0.1226494,0.023459535,0.07979974,0.032793757
34c01b50cfbf61b078e8b418bbdca0a04a3748df,0.9864092,0.005802733,0.0023194659,0.0046717427,0.00079690287
34c47b3aa1a1f73b6c8b2ef6ea2c5b9dc18feca9,0.99855584,0.00034158505,0.00010981871,0.0008773939,0.000115314026
3503923351a4e5b9f1526ebe2bb91828008c7ba0,0.0021486077,0.9959888,4.647131e-05,0.00096209045,0.00085403136
3515161f7bd3c88c82fc4880721c119c8b65b6a2,0.019636251,0.94797724,0.008528325,0.014663849,0.009194343
352512f17d97d8c2ec89b553c49d9b66b73cfd29,0.18532224,0.010568082,0.7886624,0.011348975,0.004098302
353f1104abb19365f64a32a062aee01bb7b736ef,0.24435292,0.05508444,0.6713937,0.019535754,0.009633196
35cc4d648238374926f5b1c5dba18f64a62aa3f7,0.0005860314,0.9963462,8.190828e-05,0.0015104318,0.0014754427
35dcca283f314298e197346f79866e31c4c9a806,0.012108055,0.9851527,0.00019618684,0.0017761309,0.0007668942
35df43cc777af342d62d49720a39d7cc544672db,0.95506823,0.021876559,0.009641529,0.010651376,0.0027623444
35f111d0e97cc60de6b2295b0dbb3bd3c185cce6,0.0099101905,0.9879325,0.00011656486,0.0013418535,0.0006988691
360dacf49e0f34b5d7ca48bbab59ed497f667a1f,0.016421434,0.97632205,0.0008249939,0.004169257,0.0022623627
3616b750238fde10f0af92b39f8642ed04f4292d,0.004245104,0.00014469314,0.9950545,0.00038721893,0.00016850392
361806eaeeb8e109ee70a5a7682afb4c62db6a6b,0.036396496,0.958127,0.00024072932,0.0034656841,0.0017700982
3667780549f63698b6bcda210f734afe6f00b6f5,0.2642566,0.043149233,0.6807599,0.008772722,0.0030615241
368581ce89aa3d42dd5da5b819eaed2a7518d5f8,0.5031352,0.0012182575,0.4905211,0.0038004396,0.0013249912
368e350eda45f3d79eee691af6eec3b5ac67734d,0.8118913,0.0060968054,0.17404735,0.00643951,0.0015250432
36a25b2cd071cd97e370fe277ecc4ac8143298ec,0.0069284253,0.98454094,0.0032488736,0.0033848986,0.0018969027
372a5ed3b413fac23455e6f6c7b06707653d3d73,0.76495034,0.006389491,0.21138434,0.013174557,0.0041012643
376e988ff1fcf958808647649e2cdf3d01ea4602,0.040626023,0.00030776963,0.95772916,0.0010170526,0.0003200298
379e9ff20a7faf7614ccfbcc1157a2ba9c1649df,0.012379458,7.051497e-05,0.98727113,0.00019815075,8.068806e-05
3885298536c50c15602b994f492a3160010dee2f,0.0012097431,0.99749964,2.2418402e-05,0.0008334759,0.00043473032
38dc25352f81252d7e3e6510f383867dfac5c1c2,0.82422185,0.0029726082,0.16794212,0.003631461,0.001231928
396d208d43ce393a6dccab5756f7277841766af2,0.14793438,0.0013650922,0.8479847,0.002049246,0.00066659343
3970b66161631251dbe027dd83cece64dd0de64f,0.9781326,0.007957555,0.003946977,0.008319112,0.0016437387
398a4144007d77ecf3ec1c1deebee3b6f4cea7e1,0.99414,0.0007799601,0.001141504,0.003356706,0.00058188563
399d32183389be62b9e3e781c566f30a35c0aef7,0.0039540366,0.9948272,1.7756127e-05,0.0008656229,0.00033536088
3a1253a00f5dd488cf15f8679bab5ef457a3a969,0.11620017,0.000116830684,0.88241106,0.0009555512,0.0003163406
3a3f9fbb047cfee35b1f0fd80ccef2c4f6fd1867,0.018352235,0.978309,0.0004601127,0.0020241735,0.0008545817
3a4658180642cbe2761195b9b7780b1fc18b0766,0.0007736955,0.99680567,5.5015975e-05,0.0012165995,0.0011490446
3a5d3d3191b1a854703715c46186fb9122eef2d2,0.011903315,0.00078166614,0.9866323,0.00050075416,0.00018207094
3a6f248cd6c1eac31bf2c6ca7d6686f08a259b94,0.9827002,0.008292917,0.0030672238,0.004968881,0.0009708165
3adef46c0ad4a98d53de3f6bcff7507e9adaa103,0.005162745,0.9928464,0.00020439409,0.0010730423,0.00071340555
3b0a48a292ee2314e553b3ae0e9fcfe5acd82924,0.3559902,0.009239946,0.6132965,0.01541367,0.006059704
3b2fba8eab2d0c87c14342ab93f9593833a58ccd,0.013692283,0.008231616,0.9763891,0.0010030062,0.0006839909
3b4fe73c7a6f4cd4809eadcc3a8ddd5c26a7b329,0.001603161,0.9958711,0.00024393944,0.00134211,0.0009396926
3b66c5b3641287eb6bcfdfaf1432db339d636699,0.0066343225,0.98909307,0.00020282756,0.0025159924,0.0015538469
3b99fb4e5cdd412fd4a195cc34cbdb68f95023d3,0.0020831604,0.9963038,3.884051e-05,0.00096427626,0.0006099458
3baaafacbb8a56cdbf2f0606aae30356237e7a36,0.096793294,0.014408129,0.87672293,0.009579156,0.002496433
3bb07573a736eb7a159fc4266b7cfab3e2caa588,0.98619103,0.0060561644,0.0023031547,0.0045181736,0.0009314678
3bed99a322bab956e678483c2ed0338635bae020,0.36693382,0.0016534067,0.62661844,0.0038032106,0.0009911584
3c194dad83f96a132dc193cb478b44cb3461480d,0.80025965,0.1712191,0.0027166223,0.020359538,0.005445022
3c2d132307838479da9a7ea2aeaf7b49bb1f0e98,0.4204556,0.54517376,0.0035742694,0.023674197,0.00712218
3c2fbf3e89cf8927e65c8c95dc1f965f97088d1c,0.019519186,0.9789073,2.522375e-05,0.0010224269,0.00052578654
3c49e11299417669bb889f53ee69a9eac81f3c00,0.0009885002,0.99572647,0.00013417145,0.0019861287,0.0011647379
3c63bba60c34b790de86d559d5c64bf24983e7d8,0.005550109,0.99309796,0.000106065134,0.0008734508,0.00037237923
3c9fe40cd16d06c217583aa70ff91ff98449a19b,0.02320341,0.00040870428,0.9751394,0.00092013035,0.00032840314
3d1d32fa2c804524e6be92202fcb61c9c6f6e6bb,0.37676793,0.005316883,0.61514854,0.0021671788,0.00059945765
3d27f4b78d09d18c7fdab658245b1acfcdbb1ce2,0.19277287,0.70444566,0.08138391,0.013842224,0.0075553423
3d7646aa97f7a6fd4d5d7962fe039ea0267ce82e,0.6791233,0.218977,0.00034806388,0.08254807,0.019003645
3d7b8c6d5faa987683984b2e13370fac13d99bce,0.04219472,0.9519438,0.00045565233,0.003719481,0.0016863535
3d7eb9ce8727645ee4ec20bef250e766d937bc33,0.0010609566,0.99809724,9.685571e-06,0.0004414096,0.00039068548
3d968ff12649d5fadfc7bb51a998e81141b6af67,0.0031636327,0.9925289,0.0005630689,0.0020435925,0.0017008284
3dca37fb5b222754452768c19679c0a1e6350aa8,0.9940684,0.001883725,0.0014499552,0.0020952998,0.0005025612
3e2708a682dc263246f9339ad8336ecb8ebab0a1,0.0024743502,0.9943323,0.00055861013,0.0015590298,0.0010756982
3e4a810a0d73e508de6c53ecdfcc3db19b6defc7,0.016643647,0.0017422766,0.9796779,0.0012524662,0.00068361923
3e75e226e7455e797ba49e7a71bdfda5584c345d,0.973039,0.0066855964,0.014063851,0.0048769778,0.0013345942
3edc14fd83dd2a5a168cb887b108488e39d07676,0.88188004,0.012420654,0.09566616,0.0080429055,0.0019903413
3efab5e77da8308ee9d10d8377599e04f4541b65,0.99009305,0.0025444936,0.003525787,0.0031977498,0.0006389659
3f21caf8ed997cfa7908f309bbc09978d7fa138f,0.04992461,0.21163222,0.71384823,0.015678825,0.008916093
3f991b7a289f5c96810a62e767d9e8e4a8506c89,0.9627563,0.021824272,0.0015228469,0.011569978,0.002326604
3fb4a05a1d41f82013c9b5bb2162253d7ddb8041,0.81935376,0.004514724,0.16468322,0.00982262,0.0016255717
3fd93c73799d370d5fdd697bf21bb51a46ffc60f,0.9592363,0.030179206,0.0012263327,0.00741381,0.0019444237
3ff07631c53fb574981f8a8566ad1df74e9b38fe,0.6930152,0.0015488864,0.30216518,0.002691963,0.00057877664
406e2d7535778e94393ce2e5d838c09362780035,0.004779692,0.9940409,8.2198996e-05,0.0007463523,0.0003508346
40aa2348315c7f16368b4f6a53455fe9be5af037,0.3588105,0.46797714,0.0412121,0.08061062,0.05138956
40e0e34c64479a19963ba2b3a4ca66ad2fce2a0d,0.013852274,0.0010781285,0.98400694,0.00075855816,0.00030410013
4139d0cd9dd188d32c4bd09f1f615c9f8f074a78,0.24606669,0.0048163137,0.74400514,0.0039118133,0.0012000466
419f3484c1d4d86a847a90dd8b750219233fc02e,0.98076457,0.005111519,0.0009918811,0.011233192,0.001898876
420d57cb8b69cb097e553a18b2ae5496b90fe177,0.99643135,0.000310355,0.0022709446,0.0008436324,0.00014376578
425fa2c3e26db62deeade6a465c14fe6ba7a5769,0.00041635107,0.9972721,0.00010424702,0.0012988367,0.00090850674
4266cd82b4012f07076553cbc7637904c4434738,0.000951486,0.9985701,3.7291564e-05,0.00027554948,0.00016550501
42748c8819059ab2e3e4a11e49b4904d18f6dde7,0.44017372,0.0027322846,0.54994905,0.005428493,0.001716512
429b3c1cc70b8987fbb65cc64ddbb2ac4af2e413,0.9779724,0.005305184,0.0028759409,0.011531147,0.002315401
42c2f1c46d8cc0e1e53d3ee5a982b6b6b134cb11,0.090948574,0.053316012,0.8453802,0.006146964,0.0042082723
42c69bfd2bdcd6f298cfd1d2c80a28ac3b11bb2d,0.0012513181,0.9983284,7.3127458e-06,0.00023678625,0.00017613653
42d72fdf8b86e46185455a13c498c706f024f0d0,0.96245027,0.0043750927,0.02805262,0.0041019996,0.0010200719
42da4b38de50486157849b2a650b7450582f1538,0.0047346875,0.00055535336,0.9943445,0.00026028889,0.00010516621
431fe08349f4b79dfda06907dede71aa34837c5c,0.0681774,0.9017963,0.014364217,0.009662533,0.0059996033
439d7e5cc85ec84ff8c5b289de3cc9418bb25654,0.81046486,0.0034040017,0.18190187,0.0031175925,0.0011116118
43a4f680a89759370ccdb4593b8adee125300d3a,0.0002454668,0.9991749,9.658228e-06,0.00032710168,0.00024284406
43f86b4839c0ec3eb2d84e81a856e227a90dcb74,0.03380722,0.90486324,0.03412232,0.017624805,0.009582439
43ffd5ed227791dd5c9851f7d905e9f82d8143b6,0.78066766,0.00329812,0.2121758,0.0030147259,0.00084372505
44223f4d8c80798db4c67a3886f9998440e8bd36,0.5167116,0.0014121892,0.47788012,0.0029547748,0.001041283
44a93f93ec30d799bea904fe8a6c590449bfbbc1,0.0015537932,0.00023921451,0.9977901,0.00025118477,0.00016569906
44ac3f9e2b4857633860cbfb643520d2531fb490,0.015765013,0.9829965,2.4645906e-05,0.0008027227,0.0004111935
44f5d1ed2fc82b23b06512ed53b1b98d9b274abc,0.45824403,0.0034919095,0.53053516,0.0058080084,0.0019208974
44f5e18fed1a59fde38b7115f238e5fc874979d1,0.01790699,0.97816604,0.00037182926,0.0023045794,0.0012505333
452786c6035f1b0993d6df134bc1c59f80bafac7,0.052494675,0.00022460998,0.9460669,0.00088315975,0.0003306579
454d211c41b771239334065bdf189c9f96c24f7a,0.0016989672,0.9958092,0.00028853794,0.0013941246,0.0008092247
45bb6098cebfcadc5640c6624b3fcb9631ac2b68,0.008821416,0.9884879,0.0002638593,0.0016692717,0.0007575606
45d0b1a2040340f9781bdaee64f3fc6c7901bcc1,0.0033968643,0.9957705,1.2504841e-05,0.00057661254,0.00024343886
46d17d2861e55a2d3a7dc177936d3ab6cd60812e,0.90301293,0.07072944,0.0053069545,0.016644578,0.0043061045
46f7d99c5024a91169d68f7a9001524b7aabc64a,0.0026945425,0.010495742,0.98303276,0.0021757232,0.0016011476
4718fa12fbae9140868d4fdbdba755d1b9b1196b,0.71007174,0.0024436454,0.2775255,0.007585993,0.0023730928
475bc2d8c167d10a9866a5220a35adf48ac6a4e4,0.004848824,0.99411833,0.0001852527,0.0005706185,0.00027701302
47732d84ebc10d114f7343b35b8c819ced7ecc7e,0.71452105,0.12837268,0.04554418,0.08289376,0.028668305
4844cb02f7be947986205fd1be1e54359d5babdb,0.0041846903,0.0056725116,0.98906964,0.00063706,0.0004361375
48b701e4a229a02017217ed52c9b8e224e7e46f2,0.03513594,0.011202738,0.9487288,0.0033099062,0.0016225992
48cbaad2e505e5ff8a6daf0e65ddcfa7b9dab801,0.096778385,0.896062,0.0011212183,0.004186222,0.0018521905
48ed17ea7e5054a02febfc7c5ab01ea3963d49f3,0.00040385086,0.9990121,8.690048e-06,0.00034358157,0.00023168566
4924991c24da1d29571b87e46a77aa26629bf211,0.0030992948,0.99515957,6.9026224e-05,0.0009937431,0.000678336
49332e6f1f7ababfd0fc18e396eca6de1db6b11a,0.03310548,0.0007450928,0.9646537,0.0011472802,0.00034853656
49740fefc32e31129f8c9dc2aa6ff7f84f0ecf12,0.15961096,0.001378211,0.8363016,0.0018365624,0.00087262876
49f5d3d270928177b9704551664459ecf50ee002,0.011933742,0.0021260637,0.985298,0.00039328224,0.00024901077
4a3c5532a96ee5d9cca5495b0c891b5b65b2b18c,0.05751301,0.93366766,0.0007889508,0.0050846688,0.0029456557
4a9a5b9ce7c49ef6d3025a1a36236ee187311423,0.9353081,0.0034735352,0.05441488,0.004965901,0.0018375886
4abffcd8cff043da06735cf2de74fecaf0708e43,0.88620526,0.010561984,0.08496352,0.013951421,0.00431773
4ad2d58e8d4159b492758479cc2ca008a2a8160a,0.17291357,0.6664153,0.14130032,0.012110834,0.0072600134
4b1b9aaa2431e1fd6c17d0b7915989bfe28c9b22,2.7365422e-05,0.99962914,4.188435e-06,0.00016026976,0.00017896853
4b316bdcd74d1c4cd61a2f73940cce36a3e38775,0.12282181,0.0035947864,0.86597806,0.0053023836,0.0023029065
4b6eddb260cf69fa0ec1d343699edaa3c91de592,0.0004985254,0.99868387,5.188134e-05,0.00047245552,0.00029335433
4b7f4f3ec8977c4bd930528c5a16f614edd59433,0.0003107058,8.88453e-06,0.9996605,1.2455997e-05,7.510807e-06
4bc882e9e5a9a33ac6310e9e66234803cb51b2b6,0.017497128,0.9720144,0.0018581939,0.006045369,0.0025848905
4c5fec07ab429a07e915617d597778e7d7b3bc83,0.8110845,0.16159463,0.003570091,0.018871069,0.004879735
4c7aadef8f8567eede8cb0690f090afe1b26c815,0.90976435,0.0011098238,0.084952466,0.003455418,0.000717957
4c92d992f539b1c7935a2ad8919ea143ec457bd5,0.015651817,0.0018367707,0.9807154,0.001301194,0.00049484306
4cccc9422b54fc433479e10306a5293839cd1891,0.9114112,0.048342288,0.021091728,0.01539341,0.0037612822
4cee51b2788d75bf3cc62fe90ad2c44c35b96b8a,0.06468987,0.93131435,6.2244544e-05,0.003121628,0.0008119431
4cfa6e5fd96a7e01e57d3112ad22a99bea040aed,0.0048151473,0.993379,5.998076e-05,0.000879691,0.00086605264
4d243e1434da227f8f665bb2f3f42e3e9a240197,0.46852815,0.033430193,0.47544187,0.01628462,0.006315176
4d30e5726e84c02fae86f224a0bec2b2f27f0997,0.021405922,0.975552,0.0002985573,0.0017013822,0.0010420674
4d4b0b920ca88db835c48891e2bc915ed37ddb2d,0.030658033,0.9645148,0.0007716423,0.0030251986,0.0010302776
4d991190f7265ce225ec8e954110adf7812a9fb4,0.014566236,0.98253113,0.0001618953,0.00215769,0.00058300735
4dab277070219a9e560f549a49f8a6b5c78bd86e,0.8478566,0.011394618,0.13065945,0.00774016,0.002349117
4de4d5dfb2f1584da96dcf14b1b38077b284a9f4,0.9510016,0.009982915,0.028137393,0.0088098915,0.0020681538
4df59854dd007fb1ab530e4f2c592afbaa6c89e2,0.21032721,0.024063492,0.7485933,0.012842578,0.004173449
4e5bd6e8961e9c4799618f589d470f6878326c06,0.0036521654,0.977662,0.00043448844,0.013222784,0.005028615
4e6c10248378a0d05b5a65f983463c558e52070c,0.026677687,0.971221,5.7959634e-05,0.001415247,0.000628012
4eb936b5f5f9af34bce71a68a663708d05d7c160,0.9896337,0.00072370726,0.005062924,0.003985594,0.0005941438
4fc0752c514347b8d2143130e12894fc9dc29341,0.06601926,0.9203114,0.0059634526,0.004782419,0.002923434
4fdd17f3d722646d7523eba88c70d71bc581b121,0.9902362,0.0036649783,0.0005025833,0.004379984,0.0012162777
50092d4f78944002cd8907b6f0e18aaa47e38681,0.09859884,0.84410447,0.017013028,0.027628355,0.012655362
501365960bedde7040ab68ccae6c1fb3a9fb8162,0.004092524,6.117827e-05,0.995557,0.00021353315,7.569277e-05
5016b0996b59b836fb5b7212d0e75013495fadd4,0.040661898,6.714113e-05,0.95857495,0.00049707945,0.0001988865
5018c43ac36a275028ed9e1048fca60e68f1e7b8,0.2030657,0.7731272,0.0038561232,0.014229631,0.0057212855
501b5e2676faf018e4737f586ec6e62fc385f168,0.80434525,0.18088132,0.0034855378,0.009093926,0.0021940114
5026edc3937dc8e12639053066b8a7130746c56d,0.0054777884,0.99304366,0.0001735015,0.00089936954,0.00040577367
502842bf998366359620b9486789f1e85582c4d4,0.5018151,0.03512988,0.44285023,0.015197962,0.0050068637
50619271d55a78bf05f2dff89cdc893c8291f74e,0.14994791,0.008926273,0.82902384,0.00914688,0.0029550933
50a8b92b597491939365a098c448b79c8d283334,0.86778563,0.056846734,0.012056182,0.05436949,0.008941912
50e24045ab34f9a06798545f90b82d7faebbab6a,0.60530734,0.34658188,0.0018133745,0.036103882,0.010193517
50e33fbb7c515474bb684b8312b877f75c64d5d2,0.9698168,0.010970103,0.011803733,0.0062536285,0.0011556759
51613eb8ad494addcab281bb55bcfa4d1362935a,0.0064088237,0.0012189718,0.99049324,0.001163151,0.0007158971
52004be06c1495c8a2e8d3af7be60f4a3978f103,0.9556645,0.01304574,0.018577984,0.0102097625,0.0025020102
521947b7254043afad5321488b45bd86bc9fa9e4,0.9844825,0.005201526,0.0044839955,0.0047825202,0.0010495549
52389364131fc64749e056382f21e7ab23096fb7,0.8661278,0.0582043,0.04582471,0.024498276,0.005344895
52488500b9cb9ad27efd3e9c7e1b6069d76f9ed4,0.03620711,0.9554713,0.0017159024,0.004152573,0.002453121
524ee4d9cd355c91d4dffe1725197af0d6918333,0.018616548,0.97940135,0.00038261933,0.0010239424,0.0005755026
52a9e8ca172d2bde982c97193a5ee5f7a6a97c15,0.13266803,0.0004985086,0.86510426,0.0013262843,0.0004029169
52e207a7301dbed444e95437b27b36f9c739fe13,0.89692885,0.062560536,0.0030269949,0.029761478,0.0077221575
52eee36406e8117cf59be7b9906e0dd085b70f49,0.0032814972,0.0061546382,0.98668855,0.0022930924,0.0015821862
52f3116321ab77268a26b15caa4b5977934d21df,0.701083,0.2408723,0.026554223,0.023003217,0.0084872395
531188121a60a5fc43d8ad724fc134a921e73659,0.17916498,0.00038811305,0.81879866,0.0013104076,0.00033785767
53175daa7da6c12a02bb5d43fe53bb144d52c844,0.6331172,0.005785432,0.3415411,0.015006268,0.0045499154
53332d2e0363433b554581a07239a648c5bccaff,0.9874888,0.0012380339,0.007029368,0.0035130808,0.0007306511
5369aaeedb5bc24f9ef3f1bc3030397a5eee1ba4,0.9829726,0.005038678,0.0061765327,0.0046965647,0.0011155319
53ebd8e93dc6ac7e39f636449ebc6bcb84a7eba1,0.016547672,0.0841592,0.8894652,0.005330436,0.004497452
53fd639b02e2f3b268a5f0258e0ff0945f01f3dd,0.09472497,0.89784825,0.0021029906,0.0037270838,0.0015967493
54067c7a878c3b58fd11de9198320fa4b253e3de,0.029857041,0.9386849,0.0072656055,0.014045913,0.010146574
542e0fdca9eca8f1a8ac3f759f2320f897941e3d,0.7981306,0.12770881,0.03094688,0.033087872,0.010125782
54c6327ea2d922515d7163f6b7d440651e35cc17,0.006401166,0.98882675,0.00082582585,0.0023388143,0.0016074422
54c6903a8b969096bb76ec66c4a13b6e0b79c7cb,0.009821664,0.98564297,0.0009511674,0.0023889006,0.0011953636
5503e470d7193f77e462e47a43d9f9b6b66bf91b,0.9570372,0.0026490306,0.037527453,0.0023127832,0.00047355564
555ed405d478feb0d94588bbac2b59a51f6fc4a5,0.00020808137,0.99898165,1.7691522e-05,0.0004024606,0.0003900782
558bb6fa5f377c6c25426487db900d7fda9bbeb2,0.6131073,0.077360146,0.26511434,0.034052894,0.010365281
55da7de7ff954cfc1a71aea496f4ed5b9cdc8bc9,0.0073030572,0.9917052,0.00018016982,0.0005264548,0.00028511262
560fae6ec45faca058217fe528498b8f3f60cfae,0.7554087,0.003160393,0.23333012,0.006593261,0.0015075142
5617a7b9fb9683f0d8f9252e693e44b0f056df7b,0.0023578366,0.9966259,0.00015010717,0.00052855065,0.00033761168
562784ca558a3edd53d16967c5c8289e67ac2b31,0.502281,0.0113488985,0.4595706,0.020772144,0.006027355
56b8911bb19bc8102fe4fd245f0de4a221bdd5bb,0.14307173,0.001388995,0.8527806,0.00186545,0.0008933063
5732dbb50d3e1063ee48700c04b4ecd8164ed3b9,0.7699502,0.035993468,0.16586423,0.022185763,0.0060063074
57453b728072b8f4ac1a990da4c20fac8ae2bd17,0.93924034,0.00015147262,0.05946011,0.00093698804,0.00021112198
5745f26be877d7bc6841578e9976b7975cb0a50f,0.115036055,0.76529783,0.060059953,0.04014553,0.019460566
575669e9a06757b33795350edf2ecc3dc7c55b5f,0.009995925,0.9865545,0.00028252605,0.00188599,0.0012811194
578b9b45ee51e49001a85f9d4c2fa417109a2d55,0.98067045,0.012693227,0.0018420751,0.0040471065,0.0007471786
5799cd2160dee3092a53dc89f8bdf4fb810a2c80,0.9902498,0.0039628404,0.002054891,0.0032170508,0.0005155146
580f1261670fc795dee645c261a1c8a14473b21b,0.69812936,0.010274391,0.28345045,0.0062928875,0.0018529219
5818195dc82ef1b86aa03ed7644cb973307a2f9e,0.99463695,0.0006832973,0.003164166,0.0013132369,0.00020237717
581978bb76e9d205671c4fccd7ca5efe25afc973,0.29128188,0.008393155,0.691283,0.006850294,0.0021916244
583018a3e6b001d56495e5b2c5f0af165905c0c5,0.8612102,0.0354251,0.076614246,0.021920893,0.0048295096
58797486ce63157a998329605a155c6226ec4cba,0.00033980786,0.9982229,2.8360064e-05,0.0008163517,0.00059260766
58aee3aa1d94554ff57e6a053dbd60658e4890ff,0.005021344,0.9938034,4.897578e-05,0.0008227193,0.0003035495
58b15b8d9ba8a56c867a26c0598bd613a57cb77c,0.0088966545,5.620341e-05,0.9908528,0.00014865582,4.578238e-05
58bf4ab284faea337a0d32107f98fad33ca5ae72,0.044235677,0.0029077036,0.9490387,0.0028486804,0.00096921466
58e14980924abd6531656ef3af536852284084f8,0.06787287,0.9192824,0.001709984,0.0071782405,0.0039564655
5959fab7b3f173e06a13ced0f5aecc60cbde40c1,0.44696784,0.51950544,0.004592211,0.023481142,0.005453386
59aa58b5a39079b7f52fbb08f024848e4c2a1edc,0.96956617,0.0073057753,0.018031271,0.0041810386,0.0009157654
59ccdd7b9de47214adaacc2b67ce9923dc382f62,0.8205226,0.00046186606,0.17504089,0.0031966069,0.0007780255
59ee593b27cb3b792b3f4d9c7ff0509265409521,0.0057558455,0.9928767,1.3324598e-05,0.0009423727,0.00041169213
5a2d56de8f4035ee0f63b1eb158fc1474ead5633,0.97497296,0.004905797,0.012336185,0.006486444,0.0012986381
5a6e4698b3f6b34fdcc3f4cea46be02316337834,0.48012742,0.47084096,0.0021932395,0.03695121,0.009887181
5a772ebe24a1a88a37e93bb5d5e09f527a31d14b,0.008121715,0.0008204198,0.9900585,0.0006976425,0.00030181557
5aa9f42e2997030682037a7545035c07b2f9d10c,0.0031261297,2.2182612e-05,0.9966943,0.00011805892,3.9390616e-05
5acfc258efd4d5fa8756ea3cbc7a25bac5203274,0.0005704668,0.99871874,0.00011091451,0.00033898203,0.00026092379
5b17d138a5aa1cf2c6016e9b0aa92a893f2bc3bf,0.96147734,0.010276881,0.01734552,0.009135985,0.0017641867
5b1ad0ee8439755707f2651b62a58eceba714a1e,0.083613634,0.0007678022,0.9121961,0.0022832972,0.0011391793
5b32610d9fb1e6c06c9a759c9325afe1c580bcc6,0.94018966,0.010192656,0.043482177,0.0050260597,0.0011094831
5b5467b06ed20a92a9137215df91d48e80aa33c4,0.018203432,0.97942114,0.00012229496,0.0014525052,0.00080058444
5b8bbeb9a7ca0e754c4d54d25d164f9ad29f592c,0.009575927,0.0008189502,0.98828495,0.00096307625,0.00035707472
5b8dbd2f3e9a7a2bc4281d4cbff969b8fc191e86,0.66431993,0.026732318,0.28294376,0.016341139,0.009662912
5c16246513e338b4ebe14d84ecc16ee1f87447a0,0.013958109,0.9802127,0.00092944474,0.003228279,0.0016715412
5c72a46844f5cb42829a1f1845c3d60d72fbf310,0.0051239734,0.98941493,0.0006917635,0.002525428,0.00224397
5c86228fe34314d82d5db352632cf55f9d450c48,0.9974241,0.00039734552,0.0010306359,0.0010067612,0.00014112557
5c8cef625915c6a1220f0cd86ce0ac0dd78a6e6d,0.9780577,0.0007840068,0.017948773,0.002774122,0.00043551403
5cbeb23ec37cd92586317894971a58371c66dd5e,0.70424163,0.066536225,0.17771274,0.040159687,0.011349707
5cf8576037a8428434adf073dfa7fcdc1d4b91fa,0.017329726,0.0027246114,0.978592,0.0008751006,0.00047857995
5d087f02d1541d434bf4a32e539c1d0d1868bffa,0.004883253,0.9913265,0.00046623507,0.0020491055,0.001274806
5d5311827f2cfeec7edfe2f8870a2b865a07dc1f,0.97293955,0.0060866824,0.013136444,0.0065812734,0.001256058
5d5634590701455990abe734d362c5d5c7bee90f,0.6087027,0.3417849,0.030424137,0.013579967,0.005508277
5d8ea177728d8ea79812d96a27219a7d5d2620c5,0.9944971,0.00065702817,0.0035814664,0.0009930816,0.00027122837
5d96d8e3f4ed7494a97ee83502cae3f3f87d7b9c,0.3369209,0.009102236,0.63687086,0.011848388,0.0052576903
5dc9d7f6d10704dfcb4fbdc56e4bca75400ab27f,0.0989873,0.018855197,0.875826,0.00452466,0.0018068296
5e3775e6cd75950ecfb2dd52d44c0e40b59de390,0.007928767,0.98746747,0.000512062,0.002743958,0.0013477867
5f01334d1c0dbfe04ccecfaa6eec1cc5cc534e3d,0.9401316,0.017481735,0.03512062,0.0059915837,0.0012744366
5f23900038a99e911753e9c154bddadb5d15508b,0.0030590117,0.99556375,9.75725e-05,0.0007941523,0.00048545562
5f75d7ccb5d7641dfd0c6dba3dc61942ff643b72,0.08040545,0.0007844278,0.9174998,0.0009781448,0.00033214764
5fdef434a2b49463e5cbb4a729574345647a194b,0.08727187,0.02819502,0.87370175,0.0070526474,0.0037786989
5fe829f295891aa0dab6a838791b576c5660d6a9,0.002905948,7.1621114e-05,0.99689984,9.732253e-05,2.519053e-05
5ff773a6eeb3180c55f96aa7c5e4eb6183a5273b,0.9964605,0.0010706565,0.00027070436,0.0019885637,0.00020959308
604802030b06eeae31f0f9f9f44885a00a60ca5a,0.04736979,0.0011032044,0.9495912,0.0013810284,0.000554726
605af423115f4f3a1242799fd315157efcd34729,0.008640925,0.9870139,0.00068204495,0.0020602124,0.0016029289
60a41d7436e2647a15c7d57aadaf1d6fb7e37974,0.9668437,0.005914206,0.020327535,0.0054060216,0.001508546
60e112b51e98a607921c2a29cf2e46d57df95921,0.07775944,0.0049274955,0.91012394,0.0051589306,0.0020301547
61023bd78d026327e80ea3a76d8231e54c72ce55,0.93483645,0.0272877,0.019297982,0.014390143,0.0041877707
6104898c110df931c113d79fe356470934a27d28,0.002959659,0.99666035,2.0000536e-05,0.0002125209,0.00014749671
614fd786adf4a1876a5d5b7c43897e7fbce29c06,0.9667353,0.00030051815,0.029914368,0.0024990658,0.0005505826
617137f0bd56b49da4ed41bc8caf9ac0eae9eedc,0.9919111,0.0009600248,0.005538065,0.0013738297,0.00021694729
617227c2d4b80a8f4c20b82535aac34dfadcfa17,0.4528288,0.46176004,0.060732614,0.016639896,0.0080386745
618ceb1dd4ea60b89c8c921896c37f3dcf45714f,0.009660953,0.93027025,0.049098317,0.0063979835,0.0045724334
618d36b105582d3ceb1bf8b194f99d9bd3bb2e02,0.060952388,0.82635677,0.054251898,0.04358198,0.014857012
61b4d23253eecd6cf2fe1a8ffd335d2e5f937810,0.05441941,0.00037757645,0.94410414,0.0008247028,0.00027409111
61d337198d7bc3441d0a5ca14d17c32a2eb922a3,0.00296736,0.9963303,5.7180285e-05,0.0004220959,0.0002230815
61f0326e3ed61b418db3656ec18884cafa1e705d,0.0024793658,0.9953754,0.00029467567,0.0009586852,0.00089184934
624320fff44f833c1c8296fb299ab6825c2c5b42,5.6913977e-05,0.999468,7.2075904e-06,0.00020696643,0.00026086468
6263d9a1596e632b0e35af422c6c7b7c19319d34,0.75735927,0.01538439,0.20969582,0.013379248,0.0041812863
6290717e64a93dca3056942ef52034b12e2e0891,0.024283411,0.96692365,0.0010614824,0.0053487015,0.0023827616
62e30da20c6583c451115b772c017f0ad8837eb4,0.0024130794,0.9956189,0.00018919165,0.0010697523,0.0007091376
62fa2d435fe7c8fd8c397d9203b0efed7702eea9,0.80303293,0.13886647,0.00090246997,0.041224923,0.015973248
633d378a5ddbb5f2b7cc63788a66ba8cd43591ab,4.3810986e-05,0.99953043,5.1715156e-06,0.00020506799,0.00021553996
6357380f249a669fb4943a25c1f519152b9c3bf4,0.0061559514,0.99094313,0.00012841157,0.0018218074,0.00095069536
635df35717a0191c013fc3eed105d72f350f89e9,0.99793017,0.0009171317,0.00012731213,0.000881136,0.00014426354
6360d3db5c148abb44efb1722f91ee852935b23e,0.0041178106,0.9947627,0.00010665876,0.00069009,0.00032280755
637dd71e973595ece26e0c25f9b2a93f4bc494b3,0.0024274008,0.99664956,0.00015639562,0.0004169047,0.00034970028
639cd49dede254f5fa9b8b5e95f15a6118eadf03,0.17690974,0.0014633347,0.8180223,0.002665328,0.00093928
63bc19b4b88d7bb78c33368241e3ecc8617012c7,0.9996432,2.7099866e-05,7.337788e-05,0.00023183202,2.4482688e-05
63f56c8cad492e08f889b57e038a78e5557e5254,0.99007714,0.0023280908,0.0042820144,0.0026458127,0.00066700915
6424e559f393310c073f4d6fe7c78eec68a2e4b4,0.8567887,0.017583497,0.11360001,0.009225223,0.002802565
64871a0691cddf644392c9d099016c4580e226fb,0.73153156,0.2009685,0.036084488,0.023241084,0.008174339
64a93a8c68b5deb4b10a11724d4168953da105d8,0.007601699,0.9908975,0.00033764372,0.0007835134,0.00037962306
64ac267142e26e3b5fe2faf8d8a52a92bec46034,0.00097036577,0.00013537769,0.99880874,4.6602883e-05,3.8938164e-05
64b3100a90d7b579b4f66545e43c10fe9c0d8d42,0.16021183,0.0005039784,0.837812,0.0011740758,0.0002980147
64b8e10e63d628388b011950c876f16442751bca,0.007702754,0.0037485275,0.9850103,0.0022339805,0.0013043424
64fa4e7b5eaa2a99c56443b65507159d60e1e960,0.015236577,0.98164153,0.00020248248,0.0020330534,0.00088644214
657815adacf02df2786a40af37c538fcfd4888c9,0.96048546,0.0007684187,0.03522566,0.0029313017,0.00058916706
6619b1412033a3a2101a83acc0886e7e5eb4202d,0.20517787,0.00015816894,0.79269594,0.0013906017,0.0005774291
66233feabe9d6522180481e341a021a46f43ce61,0.98285794,0.008565896,0.0021145947,0.0057200654,0.000741568
666d159ddea5ec0bb15462f9c781fa72fc2152ad,0.04326517,0.92708486,0.0045523285,0.017323513,0.0077740806
66bc5c0a87bb4f42fc38fed7345879c55cc91a6d,0.8930118,0.0010788005,0.10068357,0.004188301,0.0010374723
66e3665d6c0148cc17e299050f744290b8a3d093,0.007623626,0.00022411336,0.9912115,0.00067564484,0.00026510362
67739262a5ab2475ae7180e250e62e8d3e7e3db2,0.27726263,0.00060888333,0.7205705,0.001141996,0.0004160341
6785befb8d46eba5ab121260b0712c1a47d7f5ea,0.0052439393,0.9891234,0.00027401096,0.0031328285,0.0022258512
6789d7f08729f9f8fa244f46b6a7bed62f5159e5,0.0024274322,0.9965407,0.00010376445,0.00056866714,0.00035935506
679aa28fed2eb1a03cbed1fe216be4df18fc1712,0.972047,0.016411515,0.0036170334,0.0065624057,0.0013621872
6882c98a5a411b163d838e9aea148cebd5aab5c4,0.14530231,0.84683996,0.002517213,0.0037714113,0.0015690905
68cfb4cefd190d64520200428b1a773d5ac65853,0.9629885,0.01396624,0.011266112,0.009580118,0.0021990165
68cff36caed2898f19953a94b3aed78b29116044,0.0070776036,0.99014693,2.902358e-05,0.0018212325,0.0009252119
68f2fa12b2724f34f4a5eb70f9a9d61d32cedd5b,0.99381363,0.0017264737,0.003037462,0.0012194802,0.00020300107
6921316307f25e1f070c18a393f61ca57040842d,0.0011414699,0.9982449,5.3400305e-05,0.0003465176,0.00021369188
6924a0be0cfb962389189d06d94520969f1edb6c,0.0071976422,0.9913291,6.5483735e-05,0.00084259757,0.000565141
697fe27651f3e320d31b68f340d284f4d1ceb3a2,0.3631919,0.58151364,0.018529154,0.026749957,0.010015272
69bb74d66efe6e02fdc08fd29a1ccdd84a09db62,0.10824606,0.0046367627,0.8818865,0.0037075954,0.0015230809
69c800368874c2c6aa0a05203ca693b518288bfc,0.14403078,0.013554869,0.8256086,0.0116508445,0.0051549063
69ec582506cb25ebc18e901e321f06fd9013aca8,0.00012981996,0.9988808,1.9202025e-05,0.00046115153,0.0005089549
6a1392c6a0d3ebddd1de6e260b5862d1a572896c,0.79901415,0.009758173,0.18056194,0.008577984,0.0020878045
6a274eccab7892485536c065854a6da4b496a625,0.98710656,0.0023901127,0.0076815467,0.002458769,0.0003629736
6a58f97d959a1a061cc94e0ee613986c7d017ad8,0.0001118526,0.9993279,2.8502576e-05,0.00025728636,0.00027441536
6a8a58f0394fa1b8b9fa401bdd88d3d103fecb47,0.7428641,0.059769385,0.15739447,0.03157324,0.00839882
6afc6c4f1d14d5569ca59ec6a8366f24617cdc49,0.9030517,0.002046101,0.08777047,0.005343586,0.00178813
6b0cf9f25c17d4548d4efab83260f8038a6de4ef,0.002516245,7.552166e-05,0.99719405,0.0001481533,6.599994e-05
6b262ee93120e0a1644994735fe7b346a3a2225b,0.37471464,0.0065809074,0.609411,0.0069169663,0.002376474
6b9453518b7e7749cff874b821f8d104f0a1ad7c,0.96807927,0.023035415,0.001449774,0.0063624377,0.0010731802
6ba8844ddadcac56422e8034a0425e7747265d9e,0.04003151,0.9359129,0.016396843,0.0049885605,0.002670184
6bbbf6f199215b285ef61d9aeeb1c93e9c560864,0.02528189,7.493001e-05,0.9740431,0.0004791546,0.00012091286
6c235a74119d55dbd3559b0b7d1bbc04e9f787bf,0.9670328,0.0032350265,0.023622418,0.005271518,0.00083815784
6c923170e43107bf80cdf29d092a8e2fab805c30,0.006611997,0.9923901,4.928971e-05,0.00058370456,0.00036491646
6ca7be5ba4e89977b21edcdbed449805b7588524,0.0009170032,0.99827766,4.5056957e-05,0.00041030947,0.0003499296
6cd87e2b10f1c509ad970c519843efd4fea963fa,0.28551367,0.00400558,0.7066531,0.002962195,0.0008654219
6d2bcb3ddb35a2d843625a75e0b35b3d4e334c54,0.9518493,0.0011036701,0.044955466,0.0017448157,0.00034660756
6dceade8d897ae6d1a852562410c6b3696125d05,0.03035366,0.9558722,0.0004486832,0.008449511,0.004875896
6dd5e61f60beff3e1b431d679dd5854f6fd8dd7f,0.4410241,0.0049959663,0.54886335,0.0038681305,0.0012484615
6e21bfa733cef237f87765595749641afce188eb,0.029822033,0.9675235,8.633855e-05,0.0018604781,0.0007075384
6e7c9c3cafdf89e02fa3b4a3d5615574bf778123,0.90648687,0.008397516,0.0576675,0.021121664,0.0063264095
6ea294001b6f78003b2e13e85b0252dfe7105302,0.0133958245,0.98202896,0.00038289724,0.0028598055,0.0013325331
6ed4417d3de4a939fdb48b3e110d9e5e8b47bde4,0.8212699,0.03333975,0.10420901,0.03361764,0.0075636343
6ee12308a614a08079b7e7884e9b154437eced0e,0.0063717156,0.9895783,0.00078400015,0.0021795423,0.0010863525
6ee3c1053c82b37f43a87086e0496f11a1cd9fcf,0.002759688,0.00053662516,0.9961637,0.00031027163,0.00022967537
6f1c14f17352c43f8f613478bfa9094fe6081c95,0.991771,0.0011200344,0.0045393026,0.0021358554,0.00043392534
6f1d449838e0268bcf3f98b1f75599acb264606d,0.033589646,0.95936215,0.001318408,0.0037926517,0.0019370969
6f2b7f26b1a1f59e014c572ee6f38802da8e5974,0.5097053,0.0007398384,0.47788957,0.008795696,0.0028695215
6f487919066078ae5e2d08c7e2b4f593eca6b3d6,0.0022960475,0.99473685,0.0002288989,0.0017062777,0.0010318822
6fca45a91078b43e391fa3181c2d12643fdb713d,0.9639874,0.0032724252,0.02566432,0.00568192,0.0013937749
6fd8d72582414959b81f736ce615be6460be48b8,0.9988287,0.00050006056,2.8544035e-05,0.00054947735,9.322741e-05
70c478677047b4b00cecd462c30b55ace1eb086d,0.90273166,0.07453619,0.0040836367,0.014879087,0.0037693768
7141cc0565e4ade59694dea1fc763addd0248c49,0.077660866,0.9134195,0.0011077727,0.0057422966,0.002069592
71a2a1345d8a2c4f0207ce2a3dfa51f4b43a58cd,0.99133563,0.0047900155,0.00075826066,0.0026081041,0.0005080788
71b9276ee4c3ee28476615bae7af34d619ab1650,0.14407723,0.11330861,0.7182335,0.016196622,0.008184035
71bd90d681e50bb0e10723525ed6c5ac126503e4,0.006511867,0.0045805527,0.9871939,0.0011116039,0.0006020124
71fd4d43438e740869f1302716a03863d57bc88b,0.015433853,0.9818076,7.03992e-05,0.0017257216,0.00096238666
72047c2ecc3dd679c4f0cd8276612934114ac56e,0.8566951,0.037548773,0.091739334,0.010847574,0.0031691794
721a31c9ac2b94a4e71f0680efbc0a8a48388f89,0.002293443,0.9940937,0.00023463341,0.0021608116,0.0012174437
72239f6ee95fc60332e5551aa9210cb7a412cd08,0.55532813,0.116516836,0.11194377,0.13870803,0.07750333
72562d5df82cf681a20660315014691be110e15a,0.59979177,0.018614229,0.36736217,0.010720615,0.0035111988
727432189a618542e8c5f0279d02042fbf38627e,0.9238778,0.059641127,0.0012646936,0.012885709,0.002330675
72b0721d459d10fa5f3fbdbc54890e7fc4322857,0.2853981,0.0003991649,0.7119071,0.0018529438,0.0004426991
733b492f2dce7e6a7431535c9ac2bff218ae7310,0.9316237,0.0015263304,0.06067208,0.0049174414,0.0012604392
735f520a7acfb1da864d7ed41eb9ca907018a02e,0.057737965,0.0007881788,0.9382354,0.0023347556,0.0009036514
73758ef1f2c1c88bfa2460e56c1014d9cdbd5bb6,0.9929762,0.0025744308,0.00020522089,0.0037834577,0.00046066943
737e9bc0682fa0c1da5460a75c38d5b5fb9f626f,0.95386744,0.0066117276,0.03250436,0.0057108086,0.0013057464
7391478a4a6cd67e15d01e0de0280028935012fa,0.19041902,0.70576733,0.029045278,0.0431784,0.031589992
73b484b59fe8ccd1ea387781cfcb307f64626a04,0.0070078275,0.0034490696,0.9891004,0.00029742916,0.0001452388
740ddb0b1253eaf5a8f694c1561aab3898f94236,0.8987594,0.0119730225,0.04267145,0.03782789,0.008768209
743280d1f3d59a6fd96d6bab8633f94eed8de854,0.004753803,5.8000416e-05,0.99495244,0.00016077107,7.505811e-05
745d2597fff1e7faed78b9bfe5fd7078b2e8ae76,0.98634434,0.0044924757,0.0039260676,0.0044662296,0.000770827
7460c0dc2c2b4409c875dd838a8ac4d0e7640c82,0.2874586,0.48922238,0.17448021,0.032016605,0.016822208
74d4900964a84fd9af5d4f67a4d7ff23486b046d,0.86783326,0.030563552,0.072672136,0.02101626,0.0079147965
75174185e289225d5ef42a17ff7541d79409d81e,0.7485707,0.0011521194,0.24350043,0.0054377257,0.0013390947
75380a38f0bd7cd8b49565a6c79ac63a7e7a0d64,0.97022307,0.006069688,0.01613267,0.006051932,0.0015227149
758cb430b7a1813d360d9183978d8317773815ce,0.85243523,0.09920797,0.020683726,0.022473909,0.005199112
75c582ba616d8f7bb3bc0cbe3a0f2d900d3fe25e,0.0072508077,0.9901544,0.00026173564,0.0014612705,0.00087171275
7631d2a4862b8696d037be74ae03ca6783d2d02d,0.28507593,0.6712897,0.02580096,0.012104481,0.0057289307
7710932bde4ca0ccea17ce889cdc9a97eff2947e,0.6542842,0.01650815,0.31392896,0.011694606,0.0035841113
771992f1d27f0aa23708611b5733980796971e89,0.9913879,0.00039571305,0.005947774,0.001999808,0.0002688008
774e3340401efb155d9fe6b6335d82daa423706f,0.64200914,0.00064549275,0.3538593,0.002741617,0.00074441015
77a4a170e752706645ab29dad6fba028607ffdcd,0.9437287,0.028944269,0.0036873824,0.01779888,0.0058408584
77c028788501d4cee3d89bdbc6df7c88355db164,0.9420364,0.0016786095,0.05056397,0.004585268,0.0011358041
781b31cc1654baefc49002bd7f5f20fd6f06ece5,0.9979627,0.0001612575,0.00041949732,0.0012770888,0.00017954472
784a31a5aa4c0a985c8a57178b4f926dd0d2490e,0.0037985465,0.99280715,0.0010835297,0.0013912797,0.0009195797
784d5231d4e9490ad83bc2d0e437e3b2ffd388aa,0.12750699,0.00050604704,0.869652,0.0018170142,0.00051804754
78f5d6ab6b21bf131c81d2271eac5f741b454ee1,0.2406761,0.043446835,0.7025673,0.0073606437,0.0059492
790bb0e9ee9dc366865dca419180d5ccd5f4f0d5,0.9854328,0.008418112,0.0006485015,0.004377934,0.0011227007
790ddca5decc331d39c21cddcdd8757fae87c86b,0.022195654,0.00044517705,0.97659904,0.0005660636,0.00019410397
7920d21b1ccca84da6df5d6510aa6d30300b7fd9,0.9721834,0.0056248866,0.014381195,0.006640693,0.0011698648
794825ac8ea36a584d28ccca0e5f081dcb149b53,0.008936938,0.9875935,0.00020212488,0.002277334,0.0009900476
796c2db2137687c4114afdf82a60921372160764,0.97823787,0.011926591,0.0028432067,0.0057659145,0.0012264358
79b06459a66f92a021e085710b3cd44c286c6013,0.0052741,0.0010009434,0.99262893,0.00073877047,0.000357246
7a5152f7711ca295a3f854a8bde2563c49e398fe,0.96422935,0.023588464,0.0045355856,0.0060913884,0.0015552583
7a6ff39cbdda2ad3b37cff9702af218ebde5ed34,0.9851585,0.005672194,0.001607747,0.00620237,0.0013591575
7a7fbfd1cbe94d882aaa08cd5cd244fab33893a4,0.107064724,0.0030610133,0.88859755,0.0009057179,0.00037098056
7a952147c1ea570c66008cd1dd170227c064403f,0.0011276309,0.9980101,7.354472e-05,0.00047213674,0.0003166682
7ad9326bc9500287e796d0f23f529e2dbc2282b5,0.68531996,0.00027948638,0.31253907,0.0015257162,0.0003358106
7ade65877708417e5d7e0e781209c4147029c7cf,0.17687435,0.7973542,0.011803646,0.010037208,0.003930627
7aed818a1c94c2d05baf2b2ee73b12803878e0f4,0.9874542,0.006733486,0.0004527705,0.0041311984,0.0012283564
7b281087a160effcf89502a1789c4a61edabbe83,0.0076632486,0.9875729,0.00028615145,0.0026832994,0.0017944586
7b431d5b6dde0737aa12f92435e0fd3d7306051b,0.00042122888,0.99817526,2.835871e-05,0.00089130626,0.00048388547
7b57ec1a95b89697a7eacf7247674a332edf3a44,0.013328481,0.98355424,0.00012770326,0.0018820916,0.0011075056
7b6d3e6f1a05874adc5f5929c4d6d50931fc6494,0.2542646,0.43783078,0.023226852,0.15232955,0.13234822
7b877dccd9212dff93e51b26105ff48d48d40786,0.97638637,0.009080453,0.0026168816,0.009703923,0.0022122602
7c3b0de651ebf290fca93f600a03a59de64ef5cd,0.038491875,0.95748913,0.00038895974,0.0024178266,0.001212203
7c6fec764798444ba48b9e29c28907b52a9f7461,0.97215414,0.0027926064,0.020975031,0.0033390496,0.00073924474
7c9c60384f852b1018b03d72d522bbd5f47c30eb,0.07927574,0.0019123306,0.9179573,0.000610025,0.00024455434
7ca1b27aba0d373e72143b6d4829b1766cab05a4,0.0025340694,9.3254814e-05,0.99717283,0.00014303223,5.6783283e-05
7cf05f7bef40f282ee3505f13f7c8c9400c065e4,0.17981912,0.0002176547,0.8169871,0.0024213719,0.0005547162
7df19dbbe38fc64abb38dbf77823f33eff95a0ff,0.027529351,0.9685496,0.0001333437,0.0027849704,0.0010027566
7e2c139357e1aa60a9eb5f8b55704e9b8c99aaf2,0.97685677,0.005017118,0.0063919737,0.009250449,0.0024836534
7e628d0421fcb4bb226d1e96075626288b65c711,0.015291268,0.9822832,0.0007085778,0.0013020019,0.00041492743
7e6b5bac0cd7dc4a049dd244f3ae5d3e92e645b9,0.30749276,0.0023707757,0.68353623,0.0044033155,0.0021968957
7eac2bf5cda2744a31d4344ec96acec36f0a2a54,0.003006872,0.99588794,3.11962e-05,0.00068683433,0.00038716497
7ebce418a37093c4bab86409c3c2e0f428e88175,0.9961916,0.0008475578,0.0011709857,0.001571124,0.00021873627
7ed93ef2f8f44850ba66eca3f0e7cb75f0057af6,5.8828595e-05,0.99935204,7.5231683e-06,0.00026701993,0.00031462638
7ef98c43fe16c30a6ccc0740ea9125f15bca547d,0.0057657184,0.9926392,8.8234454e-05,0.000996078,0.0005107381
7f09297fc1b6574f88998b31c1d81b3e91a18c48,0.99431956,0.001083063,0.002598133,0.0017072282,0.00029207233
7f9997156d9570ecaffc25844119687e0163c182,0.002435442,0.9960526,0.0001130207,0.00092258584,0.00047629984
7f9c782a3bb19fc187af4483ee8853f27d7ad88f,0.9865802,0.00036993527,0.010682531,0.002061319,0.00030608868
7fa086a2728956870a846a86da4e02671eb25a7d,0.042979527,0.9448781,0.002803149,0.0056074876,0.003731746
7fa49d935dcbc001b9a575a44b671de14baa5812,0.007145323,0.9866491,0.0003706844,0.003427108,0.0024077422
802bb47bbac63060cc2a31ea488a3e88e898fd24,0.5016053,0.00055714994,0.4938286,0.003203047,0.00080591236
80657bbb29eaf7a9bb0e49ed7e8d6b3f7f5930b2,0.026721425,0.97091514,0.0001422903,0.0016078836,0.00061327097
8073e0fec4423f60bca714433d608d84f98043a1,0.38774407,0.004110195,0.5982084,0.007961388,0.0019759487
809931de28ac84cde391bb4184fe3cbb8a8fb3d2,0.0017935069,0.9972831,2.6512964e-05,0.00048203865,0.0004147325
8099b0a0e3cc5f9932577b989819453fc85d4930,0.8579196,0.0009418184,0.13814978,0.0023287477,0.0006600686
80a72a4970ce34d789d3bde3bdcc1897a4d96d74,0.9067594,0.008557355,0.075345494,0.0073697018,0.0019680923
80b72ffb6209c77a1b6317a35491a2ded6b52321,0.9916093,0.0009274836,0.0050372407,0.0019730935,0.0004529031
80be339d9c32080b162f55e76cb3d04c646f1571,0.38181558,0.0011505617,0.6137251,0.002407362,0.00090132415
813c5ddd13ccdd76a16ecb6ecbeefa0477e6471c,0.003252505,0.995314,1.9818082e-05,0.0008402212,0.00057354086
8157913bf8aed60ca8bb93efddb90d2803aa6a6f,0.010290826,0.0006180121,0.9880229,0.00076988,0.00029826802
818f42973d933924c2459d0a3051233e8b572558,0.99466705,0.002212249,0.0008035743,0.0020701133,0.00024699845
81a21083e49c2c7cb50a59102453bc94da5dc661,0.873819,0.00053079636,0.12296941,0.0021723355,0.0005084718
81eee390bfa2ba4a6783bf742d7c1f5577872727,0.20204082,0.7729904,0.0028042216,0.017136052,0.005028443
81f4e7e4447feb07eeace7a9e61165191bc5fbe2,0.17245664,0.022854537,0.7943225,0.007562431,0.0028038828
81f5fc093364e94b8bd6e20ceef313e89e5a307f,0.8079215,0.007691902,0.1737045,0.008252206,0.0024298374
81fb4fef951ee50c5311c6f270321d2419f27e6f,0.6287094,0.0013645935,0.36033294,0.007746063,0.0018470522
82402665be55b87f84aca36ef2f01139a704e6af,0.5942788,0.0017907975,0.39975995,0.0031737906,0.000996729
825097219ff0a24995bd0c1990e7aad327633d41,0.1576698,0.010522036,0.8133227,0.0120282825,0.006457165
82741a528f701adadc471d3025bb9781b5dbac08,0.20535596,0.7316137,0.029642167,0.021814117,0.011574081
828eb52539fabb6f2a63b32d3f2ae8a783f0e924,0.82541835,0.074561484,0.0575446,0.035150554,0.007324911
8295a1111aafc032d6aac0577cd2ae74f2d6ef18,0.45182648,0.0034430067,0.53971034,0.0040489375,0.00097114465
82aa9714c0624a02478fcca3f7e098c1a5a61513,0.3934491,0.038861744,0.5581128,0.0067432737,0.0028330616
82beb10b4596758f4a7f7026962e218ff67d952a,0.11839489,0.8629474,0.008247937,0.007103226,0.0033065341
832cc72e0de7acae91cea6cfda292a0b29a2765a,0.57328,0.0032654756,0.41942057,0.0032337415,0.0008002393
8372eb7514a3de5ef20435e1aabf0808e7f25604,0.5149805,0.012337998,0.45892859,0.010158875,0.00359407
83833f6832ba25805852cd145ae2a0a1c5ba0001,0.00941289,0.00020553503,0.9886861,0.0012203177,0.0004750914
8421b52dfc2c73a5c1a5bb5492a9093f019e40f1,0.6998568,0.007506126,0.28194052,0.008656389,0.002040072
84a12a8fb9ffb82c79899838ffaa32cce933a8f5,0.7619341,0.02711054,0.023878286,0.15784939,0.02922773
84a84af332d8410a649bdd889722d90fddd46bec,0.017661946,0.97997355,0.00027575137,0.0013362529,0.0007525037
84c6dadff44ba7c6d6daa7a2e59e0b59d46364a0,0.5480788,0.32488453,0.06750359,0.04044624,0.019086804
851a6548977da40c3fe95f93c8fa63820618640d,0.019173501,0.00034371062,0.979579,0.0006127304,0.0002911342
8564e8dd4c184aa8f193e7ffd7a19529a2ada380,0.8541636,0.011671547,0.12634167,0.0060610347,0.00176214
85b739fb368731cd3a22a740d1b08dc8377200b5,0.49182186,0.021598594,0.47298047,0.010781202,0.002817943
85b9380dd8658400eddbc561f13b9e2602d25585,0.028801415,0.9645435,0.00035815744,0.0041028997,0.0021939804
85fc7c85ce292cf90c89ac9de6920fb23355dd90,0.716937,0.10046798,0.12995969,0.040190887,0.012444478
86b0edba7f83c164a8cb1b597e84cbaf473771b6,0.91501445,0.010841626,0.050462715,0.019622063,0.0040591396
87344c94ad76e7e284ae2c6ea21f2fb4af2d6e6f,0.008477444,0.98201454,0.0031902967,0.0035486217,0.0027690723
875b40e7c1a60b0df8559f1570f8f66691bb9cb4,0.006133473,0.97946185,0.0016491906,0.0065163085,0.0062391935
87681f25a07d0a804ce9e362e1567a0d587b4815,0.036224645,0.0024174387,0.9601442,0.00091755623,0.00029614652
8771c61774bafb439e99f54fe2f1ec8a595f6a15,0.35777825,0.0016407408,0.6365642,0.0030118956,0.0010049255
8799b775bb3366dfbeddbdd164c29abdef9d282e,0.2949578,0.0038608788,0.6925275,0.0061756945,0.002478207
87b2eec153fcdc330b4c1bd0afab63e028638377,0.8393769,0.065769166,0.06261199,0.022899097,0.009342866
87b3e02af79114d65b1f4b982d644dfa8ecd49f9,0.14721352,0.7274464,0.011024137,0.06531763,0.048998337
880628b7c9df29b90860022f0ac69ed3cc1b4d29,0.7113796,0.0056976723,0.27319202,0.0078719035,0.0018588175
8817d1ef9dbe2964ee7ad49511b168e0ca188c34,0.9972727,0.00048723962,6.665288e-05,0.0019872715,0.00018620385
88265a7926dd85e77d10f015df7158e877b450a9,0.10432481,0.8412691,0.0022025134,0.033976976,0.018226568
88ec6deb265592eacf5180b3720bfd69274b3a03,0.17741524,0.000841079,0.81875896,0.002368097,0.0006165495
8925998973a33a0580f4b36f6249793330e00448,0.07730191,0.0144962575,0.8959763,0.0087924255,0.0034330904
8927230a94cc87b5007f95b83a056838711a8d18,0.0061116316,0.9918275,0.00044078377,0.00089476607,0.0007253116
8944fdc054984a2d284ab4b46cae71a7425927bb,0.001972732,0.9923962,0.0026007153,0.0018209188,0.0012094448
8964da0bbf32d72667b4a8a7132c59a21efb5ad4,0.9895874,0.008139681,0.00013050997,0.0018353754,0.0003070217
8971560da841654042f221f023b57627ffb3c68a,0.87520546,0.00016056492,0.12364659,0.00077959645,0.00020778643
897bf1448815e1b20b77416abcd4502baa854609,0.0009213643,0.9981396,0.00015816653,0.00044142836,0.0003394478
89af600c262bf0f90467ddc60a798c710409ca5b,0.43540832,0.40268686,0.11145415,0.038606964,0.011843653
89b3233697a364f36648f5cc762b8871bb796219,0.009674664,0.98587924,0.0002198809,0.0027102735,0.001515878
8a00e47d47f430d08e977673bb3aa1260773505a,0.5440776,0.026305946,0.40117767,0.021055013,0.0073837903
8a04bf8e4820320ed7dba53cf31d7346ac0cf6f8,0.92310077,0.00084175897,0.07202096,0.0032457542,0.00079075934
8aa6e6fbcd12d694dbdd004d64ccde6fc467e228,0.022915538,0.9753456,3.585954e-05,0.001205028,0.00049793476
8ac57b97d3011dd06d76b12f98d6ba6e379a8583,0.4434878,0.0010886133,0.5519295,0.0028181386,0.00067593536
8b6d5c21a1cd3fdc808991200d40ed4216fb434f,0.64472556,0.0019657149,0.34780335,0.0039863945,0.0015189868
8ba27d258fde5d01ce3a01d3b32e3a77f5aaa01c,0.80130446,0.12703265,0.009301599,0.051206928,0.011154321
8bac789341101abeb21ae2bc647a5ac4537d8bf9,0.11492797,0.8613197,0.009605847,0.010295512,0.00385091
8bb8c2e76969a4d5dbf60a5d57eb04af8b20c4bd,0.8508351,0.008887936,0.13357402,0.005470354,0.0012325794
8c0d596e13f61b8f2785d18f7728cd7f59dfd91a,0.8257787,0.003164116,0.16356103,0.0061950386,0.0013010893
8c399ef2d3cecd969018e5919f079602ec8592d0,0.1721193,0.0055979844,0.8147452,0.0054416717,0.0020959035
8d71c5e43546c487adfe2376024bca4f71f13cf9,0.047180906,0.9402791,0.00464425,0.0055098,0.0023859902
8daef43d6364153b91cdbc9ce110c9768d62c747,0.065984845,0.9261412,0.0004389937,0.004687474,0.0027475625
8de16294c60318a5e14f3d75ff1c31efd33f4929,0.011625363,0.9869263,0.0001309239,0.00086126773,0.0004560777
8def6fa867c1f6fa018a75d9437c96da27ebc653,0.021318238,0.9763115,2.6884154e-05,0.0016487092,0.000694707
8e09bf48158e6e3f1895bedab209af94422a38d7,0.037694626,0.0016449033,0.95802045,0.0017544137,0.00088562735
8e29e7517b9d8cc0bec21b841cf4bbc2dfb1f2c9,0.9626218,0.02137901,0.007207552,0.006958564,0.0018330638
8e5d659c8dce795ec6ab2ed7a1b61cd39688cb5a,0.26735416,0.0030943872,0.7253259,0.0031004366,0.001125099
8eb1126142f953756615fafcbb2cc29557298c18,0.003593301,0.00025265914,0.9958364,0.00019947987,0.0001181879
8ebd13d8cc5bf38e26fba6b558a3ebb6e425ac5a,0.16546969,0.0021240388,0.82729644,0.0037754313,0.0013343918
8eed74ac393a9c28b1553d8f19bef476e170be8e,0.0049208975,0.00077282294,0.9937388,0.00035764542,0.00020983868
8f157f16224358eff499e4d516646d594376bc53,0.002179525,0.9939288,0.00038905384,0.0020414847,0.001461122
8f21bba585efc8b1d70bbbce9453745a6f07fe3e,0.029105192,0.00025180922,0.9694956,0.00082403974,0.00032332947
8f6025914c3d077bae6b408315ada9c4838de506,0.021066312,0.9721034,0.0038019605,0.00190988,0.0011183831
8fcfecacd3c47dafbddcbfaeb72a09f51e04b494,0.0070269704,0.0009072262,0.98908186,0.0019738388,0.0010101091
8fe33e7476cb5b7f63150df082a0f91bde079be5,0.6940689,0.094518624,0.16505718,0.03671253,0.009642729
9055ab4f12aad23abe3b5dafc2d48c5c293d17cf,0.07542254,0.0006141963,0.920631,0.002535848,0.00079638296
9066fc88715e33b69494562e2417356810a0286c,0.9939586,0.00058177946,0.0034423976,0.0016817916,0.00033539542
907fdc32fd896f08a94c5b27ac8913bda5e0aaaf,0.7503886,0.003960818,0.23960452,0.0045946296,0.0014514229
90e0b14f284e0319a84dab9ba868a0201b8406a1,0.4248965,0.5585159,0.00065395486,0.012956676,0.002976976
90eda08f48d3f894a1ec1e7e68ca42eec7b9ab9c,0.03441268,0.00094156904,0.96244776,0.0015584608,0.00063959096
90f9f6236bf100916598e240422ed7143d336444,0.83938783,0.12306971,0.0057112533,0.025558593,0.0062725847
910dbff5c52c1ca9c7e90f66ac8ccb6fd9f61958,0.035728723,0.96285254,0.00010323734,0.0008883575,0.0004270719
914b001550281785098ac4cb2fbf6f1d2ef65a41,0.006482851,0.99219745,0.00013713402,0.00074934604,0.00043326488
914d19fd563923a99daf22b5f4bb076be008a2fd,0.042839773,0.9515126,0.0014962691,0.0025802767,0.0015711423
9153e54b3bc15a1e89adc3fdc502966689bf1e71,5.929462e-05,0.99943,1.0283755e-05,0.00027444342,0.00022586125
915ba928b81b61b9c0e562cd0d444499f382f4f1,0.97392726,0.00045626616,0.023886867,0.0013332062,0.0003964109
91fb902c1e4ec7acc975c5120a24a2d2cb500220,0.13098657,0.8363931,0.013309442,0.012874783,0.0064360257
92019adc09c1a28bb28b43afe1815e06f2fad72e,0.1705653,0.0007852594,0.82492304,0.0024164084,0.0013099351
92053977a6b28dde78f6becc7609e7e36ff8ef9a,0.6851148,0.18638764,0.01865419,0.0894953,0.020348044
9228c551e38331bec7142222e3c95cb5f96a0247,0.47353813,0.01058514,0.50211346,0.010360151,0.0034030958
927e636fa2d50337331faf0a3d5173850529489b,0.4091474,0.001564661,0.5837917,0.004431264,0.0010649242
9299e6433f32a140e3b56adb2aeb3661afb103e9,0.99612397,0.0013837126,0.00096787565,0.001178938,0.00034544384
92dce967653e37b0587255194db8191acff0bdd2,0.12618142,0.0012346255,0.8707556,0.0013014799,0.00052687345
92e0f406a48566b9bca344f49c38f8c339c657e7,0.9686816,0.003985935,0.020444639,0.0053375354,0.0015502806
9300f3171f0a4df9abcb3e456046f7562e8be257,0.004140935,0.995112,3.166278e-05,0.00048051978,0.00023487375
93090a1272d6e9c4070b181a3dc61b17c6ad7c8b,0.008725886,0.99003404,5.1532534e-05,0.00083985477,0.00034873863
9315a4e62cbf0be09064a1543983028800e3ec36,0.0012154941,0.99802965,1.1367129e-05,0.00044310722,0.00030040747
93528a47cb418a0d319023602d2d1dbe22a14124,0.02404296,0.0031971636,0.97076494,0.0013108327,0.0006840474
935df75fb21adc0c4008726e4baeb0337fc03307,0.99040246,0.0014559381,0.0050966335,0.0024960588,0.0005488471
9362cab7b1f02ae1e56b9b62b23f16bddc55b1b5,0.06448689,0.00014051454,0.9347603,0.00040579896,0.0002064538
93e4e980d21e107163b60e3d56869b48ef0071d2,0.008764036,0.0039271824,0.9818186,0.002853614,0.0026365854
93fb42d64b30c15216541fa674a3a463d55b36bc,0.99604356,0.00086077687,0.0004880669,0.002390648,0.0002170018
94b0f94445627a400153dd2edd229fe138391de0,0.9730671,0.005377432,0.017093616,0.003471931,0.0009898796
950827f1535e1865470ab879f625a407cfeefa52,0.36493477,0.0017132472,0.62442297,0.007087356,0.0018416393
950e83f2fba446a7cca7d0387f3ce3235a596ea4,0.34610182,0.6353366,0.002332016,0.013211769,0.0030178525
9514ae4eeea6d081cd345c84180d44defe56eca9,0.026508925,0.9669639,0.00027583615,0.0044561196,0.001795168
952b5f73d99ad910a2b872562ed92deb32f6c9ac,0.008084623,0.0062442627,0.9826538,0.0020331633,0.0009841342
953dbdc2712c9e869fa8a37870fa62d0c2f12be3,0.0026693565,0.9952362,8.007799e-05,0.0014552069,0.00055911794
95420db42eb68eb218464930925d3a1c8086709f,0.0016956623,0.9975184,0.00014791232,0.00036859757,0.00026940854
95a5a039696020101f02fc51d7d34f52fa6974ee,0.3377229,0.0011713575,0.6586515,0.0018248953,0.00062943646
9613558b5ab1950db48f591e88863268163e7e97,4.0363662e-05,0.9996069,7.748809e-06,0.0001541265,0.00019097242
9628e4a159ef849ea6afcde70f6358edd2c20bd7,0.9612334,0.0014997922,0.031110743,0.004927244,0.0012288858
967e6d875a1dbfd2a8a4fa2aea7ead54b543d3f2,0.9630924,0.0047038062,8.729655e-05,0.029139731,0.0029768108
96a9bd9d745a09a0d645b2ddac4a447ee969b885,0.012722222,0.9848322,0.0001366488,0.0015730527,0.00073583645
96b36be6ff419d2fb9b35dfc05503e7ed2aa4ec2,0.0061549824,0.9916946,0.00016826327,0.0012777726,0.00070427614
96e09eb3e3afac7a1ef3334f3df1fb2ce8e3b19d,0.8940418,0.010961459,0.09070991,0.0031682341,0.0011186904
96e14929c32c48d5dd271c99a0206edfa9a6660d,0.0051892833,0.0007130479,0.9933183,0.0004736028,0.0003057809
96f1f0be06407ecf662270dfa3f793b51ef0db31,0.018921556,0.0017141798,0.9781024,0.0008661627,0.0003957844
96f6511ac646fd5d6cbb923952aa3e7e275b230f,0.98872364,0.0021418058,0.0014492183,0.006602059,0.0010832963
97180137e718b513c96960f856d97ed3b120d0c4,0.0067753396,0.9914111,0.00016854402,0.00090140523,0.0007436512
975383d8f1bb6bf4370da455a59e567c5f7e7dbe,0.4611541,0.0028236462,0.5287157,0.005659534,0.0016470182
978051623d4f7910a4ddd55b99ad5569662e68d5,0.9714049,0.00025181286,0.026787171,0.0013129783,0.00024311386
979d205d2bbf709301db8b70852bd10970113df7,0.014005273,0.98328465,0.00025094065,0.0019056152,0.0005534836
97b22e9a72b630f6de7d72e14f2f3000df7dad92,0.0138407545,0.9846299,3.6627614e-05,0.0010006645,0.0004919901
97dc0fe026418693904e4868702f331386900eb9,0.0007613899,0.9983473,5.8531587e-06,0.00045398113,0.000431503
9827223b6be2be42cff2387778ed07e4112e9a8a,0.011244055,0.9877458,6.601615e-05,0.00054046966,0.0004036089
9846d89eeae0d807b02a436e2fcf481b3bd7fb82,0.00027710825,0.99932766,1.8765602e-05,0.00019784704,0.00017856545
986bdb07e65310e4ebb424903c153d50422d88b2,0.01777474,0.9799917,0.00012899227,0.0013963102,0.0007083069
9892cbd1d2a4328213ac714dfe24a46da3283dfb,0.9317873,0.03812291,0.0012411159,0.022427727,0.006420946
9895f081172c758e065896489e2fd2af8eff7d65,0.00669103,0.99255216,4.834425e-05,0.00045068527,0.00025779777
98a70c388e03db2750c872b65b38f0e7c3b6f6c3,1.2216535e-05,0.9997799,1.3233073e-06,8.617703e-05,0.00012037745
98e92cd1fd1062aeca09bd068ba00e465e9d0cf4,0.027305486,0.9639626,0.00087388465,0.005442806,0.0024152305
9928f7fa825aff4637a52d48f5def4866d638c13,0.18581176,0.24193041,0.5036111,0.043962095,0.024684595
998feab6cfae08373049d3083ac990f902b93508,0.2313895,0.2722444,0.4365348,0.040406283,0.01942505
99aa4b7b310ede62a66fc6797801c10fb3f18f52,0.057593085,0.00047918907,0.940462,0.0010589828,0.0004066825
99e05a1c511cbf76e64d3fee419ce7f5635deb9c,0.93036056,0.0020036034,0.061905637,0.004811091,0.00091910973
99f84e3aecfc812d8d28677eb0ea9d0865961a4c,0.92323345,0.039277643,0.018517245,0.014662658,0.0043089516
9a3c2f79840227c83eb207ce1b65a9a3eadc47e6,0.95689046,0.018973337,0.014787275,0.007320232,0.0020287887
9a87006903e08e379a9496f868ce9634843bea83,0.012336259,0.98574936,6.435654e-05,0.001329767,0.000520236
9aca589737a4007b3036ce3cff316e22c6f47842,0.18193775,0.0020132663,0.81220955,0.0030163734,0.0008230216
9afc1a2b4d9f515bc9c5fa39575d1cfeb5969612,0.019941462,0.9707365,0.0024203558,0.0040414752,0.002860243
9b6a30faa2348dfcec47c8384447f699507e711e,0.9006443,0.053487122,0.006736918,0.03372361,0.005407982
9b6ac379b03b908107ae8df566ba259fb4a63d07,0.04172919,0.00039728716,0.957201,0.00053148495,0.00014110483
9b7dab4354255fdfda8ce0c7e55237bb35f01b26,0.9451212,0.00088400184,0.05162916,0.0019158117,0.0004497437
9b866284715be55e9a191da635240dc1df63bd14,0.001350825,0.001857209,0.9955094,0.0006825622,0.00060001056
9bf745ccb5a22910bb6557d9c5065e4f0b47380f,7.207225e-05,0.99926823,1.3228276e-05,0.00029281017,0.00035371428
9c16c25eb1f2acb33ab0c5ef85bc7cbf4e9200fc,0.3985558,0.0039073033,0.5855861,0.008736722,0.0032140606
9c98d322f1e1c03867822cfd101c9c681ad4096b,0.98638827,0.0073244493,0.00075742946,0.004671644,0.00085828
9c9b00876222cd20f4ff9ae894ead1fa36526960,0.9474114,0.00975287,0.012449771,0.024590649,0.0057953377
9cc0096196b2d9c6174e4e4ab12b6c05c519efc8,0.030724939,0.9652048,0.00021951567,0.0026072024,0.001243641
9cc09294223581af49a0ef72482f6a4be9469b89,0.8895384,0.0023563385,0.10541344,0.0021287748,0.00056296843
9cd84cd14eb9cdf596d00a96d0fcf35c891b0419,0.017638115,0.963126,0.0031751045,0.008635044,0.0074257217
9d13cf231ebaa17077222150aa737ebedc8c50f7,0.7053251,0.008029104,0.27837563,0.0066563603,0.0016137824
9d7bf1ec92ccf34b91c01093b93b09cfaed588c4,0.093044475,0.90371597,0.00016547194,0.00230894,0.0007651345
9d8f90ae8b33243294ce2c742fa466ed65c8cf3e,0.084239274,0.0003128467,0.91454506,0.00064443215,0.0002583479
9def047c04147ddcac5d32b2b9638aacb09162c3,0.9675078,0.004788081,0.022562759,0.0042962017,0.0008451466
9e8250f92f72775c8e508808f215cec4ac703f72,0.87008756,0.07033531,0.026377201,0.024075422,0.009124623
9efa7906b28c4f1278f7b2b0736917a6efdcdfbe,0.9361427,0.027259195,0.02731249,0.007934815,0.0013508747
9f165429099303d27923c2de8bb5e2efa92f0845,0.09829879,0.0009769533,0.89690435,0.002815887,0.0010040355
9f1702b44113e407f4be693ed91b39c61b7a90a6,0.9857503,0.006580598,0.0032496892,0.0035482338,0.00087123207
9f52d77cdae11505ddf4776ae95ac9c0437dd3ac,0.20579123,0.73459786,0.0468582,0.008518941,0.004233687
9f67c236515506f0e2a80cb122e08a3f2bbac8c9,0.13599397,0.0006175961,0.86118877,0.0015987966,0.00060093746
9fff4a006d27b240f15195970433028b7c317d99,0.9893037,0.0026618799,0.0033062992,0.0038485057,0.00087951095
a0285ee2657b30b0646d27a10adc4df925397cce,0.001599005,0.99815136,1.2292297e-05,0.00015181224,8.549227e-05
a07a9fc65276c7b3e66356369647d501687ab04c,0.99366564,0.001201568,0.0026015004,0.0021757586,0.00035552983
a0c6401fb1c07118f4bb63f7ece49386769e1a1e,0.009097539,0.9857756,0.0006449371,0.002804216,0.0016777476
a11113e50f5711a29925f618136065af9c3c2dfa,0.95523006,0.019723786,0.018551413,0.005320262,0.001174427
a14d8bb64623087cc9764520fae4173e8cf687a2,0.8625445,0.0012277695,0.13383469,0.0018503141,0.0005426954
a19d4b56498ce7889ac847c466c870a987824926,0.7784288,0.00034662237,0.2191375,0.0017363909,0.00035070826
a19dea4e11e86bff4b9a65ace1bb222f83a2398f,0.067412116,0.92155194,0.00081927824,0.006886581,0.003330133
a1d391ad01aa22d793b176f1fb8e092e243b1ddc,0.9974474,0.00020735638,0.0016413702,0.0005781479,0.00012576801
a257be61549c231c125c084cc5e8ef087bfc5f52,0.7800959,0.001268128,0.2145196,0.0033118364,0.0008044984
a262992f34139d818076c787fc2b683521768242,0.9868194,0.0025065346,0.0058506764,0.003935638,0.0008876437
a2983bc28b9bd42c33903e5a0a80d0c2494fb88d,0.0036806597,0.99495894,0.0002461077,0.0006229587,0.0004913592
a2f6d6ff0f62276e425653dc834074230854ae79,0.21197788,0.0033371423,0.7746261,0.007966395,0.0020924131
a2fecc417616647bc98aad030152301a46a1f21c,0.33098432,0.0027808985,0.6556747,0.007906586,0.002653552
a3400257cc6da250b6e3c02112201f12fe88d01e,0.9521338,0.029254679,0.0065228217,0.009435204,0.0026535362
a3c8bb81aa30afd27de00f07bc08ff1b9f957470,0.16433588,0.826456,0.0007093543,0.0062793335,0.0022193734
a3d534ba088759cd569f290427199dae40c00ada,0.003791279,0.00017262182,0.9957579,0.00018774554,9.043387e-05
a3fb0263888145b3e8a5213946f2f77a964238f5,0.23462717,0.0030892233,0.755908,0.004893367,0.0014822256
a4404b8b4c1efc887286ece86cc72b5259cc8b20,0.00048909185,2.9929637e-05,0.9993544,7.978359e-05,4.681084e-05
a4ac80773e8734bb7afa1f1e6750d194980b37e4,0.9930599,0.0021178478,0.0026667728,0.0018203579,0.00033509216
a4b429ed6e571c822ec3c642fedb7b54e37e1b55,0.9757534,0.0070534893,0.008051406,0.007891823,0.0012498876
a51bf1fd150d83b6bab3f088f05ae1ad2ba331a1,0.0068159937,0.9915331,0.00012600284,0.0010295637,0.00049543945
a563a750d36fcdd1ebe1b64bc254675d689aa6ee,0.015566189,0.005165557,0.9729125,0.0037097267,0.002646049
a599038bf7022cb0e9d0d9b9b901b3be58c0aca1,0.045841616,0.9481277,0.0009477032,0.0033500702,0.0017329094
a59a4ee43d81b5eebeceb3b53b8737ecfc87a63d,0.26756945,0.00085829414,0.72875106,0.0022745924,0.0005466315
a5de11781e5f40cd401f20b475cc0051f06e0e3d,0.18479578,0.0014109333,0.8121785,0.0012402898,0.00037459104
a5f0d36e3a2181a7c9399c83265993b63e4f7868,0.0011666822,0.001487844,0.9954426,0.001167822,0.0007350991
a60c2d34fa4321a8f1aafc53adcc0bd77e696d91,0.07211629,0.00074966694,0.9261297,0.000689278,0.00031495866
a61b719feefe1e856ea6db2cefeedeb4eecf7837,0.005495235,0.98929894,0.0005090195,0.0027814524,0.0019153996
a6317e7e908c3743410f36809b05c91d0597b32b,0.98411316,0.004922859,0.006207901,0.003833926,0.00092227175
a63c46f1c92fb53c522c6f26246a5558e86ba3fd,0.43673393,0.017643014,0.5304152,0.011181774,0.0040261103
a641973697045ecb002324e5e94e194b5043f695,0.9926305,0.0013403578,0.0038539127,0.0017843771,0.00039082897
a687352ae1f99b7ee12fb52db8d3eff7b5842396,0.9926398,0.0021210904,0.0032342768,0.0015594186,0.00044547394
a68e1cd072da13f6815d92b3427e65f18ce0d7a7,0.99084234,0.0005632111,0.0048844437,0.0030986834,0.0006113598
a6a82b5f5fd74c15ab95ee41d3b1bdb093dd6d5f,0.0026041358,0.003876955,0.99224687,0.0006645655,0.0006074621
a6ab6279c49859a309e7635bf5c9a58cb67cdb1e,0.96378696,0.0011373294,0.03254705,0.0020058453,0.0005227453
a6f9524e2d54f0bb869afdd4df7a74c6304c4781,0.5282817,0.3221447,0.055925705,0.060529187,0.033118714
a71160643f6e2171f2be2e52c11c8332e16b045f,0.071417436,0.92434824,0.00010066963,0.0028127623,0.0013208925
a73018ec3aacba5c1ca71831f183eda81f1481c4,0.01177781,0.0011489225,0.9860503,0.00073101313,0.000291915
a76cc2dc5b6c59d0ffe466c8dd6f4be22c0dabbe,0.9582562,0.012985659,0.023183376,0.0041973405,0.0013773941
a7a36eba4e6f2010f4279e58b313181c630cb8d6,0.9031041,0.08094165,0.0007661113,0.013161846,0.0020263346
a8abcecf7e3e2922cdc49468b3f369f2ea295377,0.77494174,0.028798044,0.16718425,0.022526715,0.006549249
a921e2c4247025be7247ef32ab7b4bd02d5378fe,0.0023277118,0.9957333,4.2800395e-05,0.0011338822,0.0007623685
a9785f054fc51e55009da4c78d9826333c7baadc,0.88127905,0.06368786,0.032336563,0.017486908,0.0052096616
a9a478475998201d18bb95e7baab0b799cea9809,0.026840545,0.0005136871,0.97144127,0.0008721061,0.00033230972
a9d176ec1baea859c466ad74a87f3d06fc959e36,0.68488103,0.0037664021,0.30391413,0.005610039,0.0018284414
a9d9494484aee1a859ffc079838829ab27ede021,0.61235434,0.00024489942,0.38470134,0.0020991443,0.0006002415
a9e3bd5d1285ae5c79e16310c4712dbb0b2d4d0c,0.22881994,0.4394497,0.25235474,0.051419392,0.027956242
aa2e03ee8f11facdfec5c357e0fc987adc1ad8e0,0.7878662,0.00652969,0.2001788,0.0042906473,0.0011346901
aa2e45dc757c7fb476722a6ab0ab02d79d17f5db,0.9834652,0.002292307,0.011759845,0.00196263,0.00052004517
aa3d7d93c5d08b69eb8f0be7f58dd3bad595a323,0.028052986,0.93816113,0.0013380152,0.02171607,0.010731878
aa3f6951c32fe66db3ddcb4ac081606fb3ce5ff0,0.93967324,0.0007893867,0.05566549,0.003103845,0.00076809427
aa4fb0146659d0713351e5ac23315f549bca5389,0.08783043,0.058279578,0.8199921,0.02195901,0.011938906
aaaa3de32e2bb82d4f724acec8cb146d3425f771,0.00037047136,0.9991684,7.3763013e-06,0.00025226973,0.00020152019
aad3c9fa7e5abd75cd4fc4e76c44608a827cda5e,0.74665517,0.008047246,0.23817968,0.005601449,0.0015164692
ab0573c5fad77973d8032da5583ff200d6ded9a8,0.16986275,0.68842393,0.11685891,0.016917527,0.0079368325
ab78de95ce2bccf7828f06f62280318fbeef83e7,0.92002946,0.057875406,0.0057613025,0.011717981,0.004615794
ac2d59b08a60925d90bc6b874f55eb637cb91cce,0.7420253,0.030656967,0.19835284,0.022276314,0.006688562
ac37b67d868c42fe1f1bb8787f759efc13dc1f22,0.025470227,0.968447,0.0011185374,0.003355681,0.0016085018
ac3bb264d91b914866cce86bf407c2c014a44181,0.34295815,0.63141286,0.007871074,0.012358774,0.0053991484
ac4fe2820b4ce072f7a20c5858f93a06497624fd,0.011682016,0.0019539294,0.983898,0.0017549155,0.00071113027
ac575d1705d8bdededf8b0937317c85d518b8587,0.70181227,0.00410843,0.27483362,0.016138457,0.0031072686
aca61929158a49a75faf74697df765aab9ee3ac1,0.018716304,0.9660171,0.0010708943,0.009433577,0.004762066
acc1819eff732bb96d4ea17d2f12cc882e42535a,0.0045900205,0.0012609841,0.9931063,0.00067958585,0.00036304633
acf29144dcee2f39efefc957007b08ce509481b4,0.027045356,0.9655623,0.00035366722,0.004427986,0.0026107163
ad1390e694ce72d24c9244cb97d3bfde4e5b807e,0.00804421,0.9896293,0.00067720655,0.001038685,0.00061061134
ad5cadab36e5f9bf048ed5ac77460c75a81fa6d7,0.031973403,0.00055661757,0.9659456,0.0010378695,0.00048643965
ad8ea9231afb45add85e8d5f1ab90767090ceed4,0.98634064,0.0029897017,0.007505107,0.0025572274,0.00060739473
adc859e0aced36905e67fe3747492b90dcb04649,0.9775069,0.010412564,0.004400354,0.005744751,0.0019355584
ae3baa6c34aa523fd2aa4de3c89448efff922311,0.70979744,0.0048106825,0.2712567,0.011130691,0.0030045744
ae53cdc13a51df53d1bfb022ab8cfaff9d86ed75,0.004352452,0.0024994027,0.9917293,0.0007675035,0.0006513717
ae5922ef2aafcfc09e714f439e0abc8910acca06,0.02593261,0.9712153,0.0004958261,0.0015911955,0.0007649566
ae8f2bf59b806326cbf5e9216764fc7c720aa0fa,0.018663706,0.00038097522,0.97900975,0.0012663655,0.00067916187
aeeb2f9f6202c23e51da33c3bb17aa94773b479f,0.015033019,0.98329884,0.0006969511,0.0006483623,0.00032284876
aef83dc3b29a3f0b134e8d5e9caba49fe411b6f8,0.5027096,0.0017710545,0.48629215,0.007255294,0.001971899
af0c363f7207e4199d3b5cea6cd5ca977ce58756,0.8756547,0.054435566,0.02183612,0.03763743,0.01043624
af7fc5af7f0d17eb6053fae764c19eecb98bb0b2,0.2903115,0.021030093,0.6703959,0.012088366,0.0061741327
af9e220f6610cfa4ca22b2ec62261f7ee9e3148e,0.43687654,0.0015973124,0.5501106,0.009291172,0.0021243773
affcfab8fa5467f555ab9a19fa296ac7456bf9cc,0.86569136,0.050168328,0.051862035,0.022557497,0.009720827
affd5449f7828ac42b1e735cdfa59ba404017f71,0.99326646,0.001997736,0.0007053924,0.0034635968,0.00056679867
b04dad4f1870c0532575b7649af87b09e7a6f36d,0.9931124,0.0019340822,0.0023035184,0.0023102765,0.00033972296
b0a5b13388bc58286ae6e8dd9469a0d2c8f63d42,0.012248444,0.00034007622,0.9864087,0.0008078724,0.0001949083
b0f3bc798d6c3c45dc72a428d2cd9314697bb844,0.01958787,0.97067004,0.001250683,0.0055778697,0.00291361
b1807b0293714fd077c5a446e20d392e0c4263ae,0.8954184,0.026633088,0.06162968,0.012847516,0.0034713955
b18229823538b034fbd2739a975e9649098aefe8,0.36957428,0.37356573,0.0682643,0.13602519,0.052570567
b1e4fe5a56790c796878c91570eb55dff230bb4d,0.36443198,0.023571977,0.5875015,0.016879065,0.007615425
b1f0d046dc7745107c56d319dda1efa405694316,0.21932709,0.013300875,0.7551318,0.008999823,0.0032404764
b20e138790e88df3b650c1ba95121414e3150d39,0.98900795,0.0026532994,0.004231687,0.0034639358,0.00064327155
b210cb5997bb7165f8f299435daa3a42f0947500,0.014325026,0.97559434,0.0009286862,0.0059794006,0.003172536
b2370dccda5fdf4c1454aa048c6a4d295a1609b6,0.013987363,0.9849086,0.00039698472,0.00046684963,0.00024031359
b25eb0a5efe9cc31463e649667dd705b8303b1b0,0.018372843,0.9319086,0.00016092326,0.034244426,0.015313185
b29ab6ea95cca4231743f9a06772d8a81b63722c,0.061592616,0.93200564,0.0015003497,0.0030845364,0.0018168505
b2b02b5b8950666ca731e46ec0b4c1fe39652046,0.5345216,0.0019165233,0.45898998,0.0036156743,0.000956189
b3302479a4931ff9233a4505882ca08f82504338,0.08896695,0.20799378,0.675028,0.018760365,0.009250849
b3b7a564d7321ff2407d5ac41b1e6753f93fd66b,0.000284747,0.9982015,0.00012660275,0.0007411063,0.00064608885
b47afab20f73e2fe129051737f4618558ca1fd4d,0.88227284,0.07694171,0.0062057115,0.02710156,0.0074782106
b4e7fb790004249f73da1aee9bc92a1691c8420c,0.38178906,0.035616107,0.55387473,0.020552719,0.008167327
b4e8cb26e7ddc0899002aa6f037dee20f7f205df,0.99173075,0.0024036556,0.0015100563,0.0036848758,0.0006707381
b4f615c200810e27c2cbdfa6e03f50fb48b6629a,0.865138,0.001866784,0.12796493,0.0039519817,0.0010783036
b5414650126c64991b9441abd834fc4510a279db,0.031594433,0.001277587,0.9629227,0.0032688107,0.00093653006
b5b953503542609bed3cc9a21010b122b498c5d1,0.66024584,0.0026720515,0.3313447,0.004558649,0.0011787885
b5c79072d139d556a90f8f71f80fc88522219d28,0.009978551,0.98616296,0.0003288881,0.0023347926,0.0011948269
b5e06fb3570dfc4d48411bcfa9ae2e1e1a2e6632,0.0005312493,0.99780923,3.053233e-05,0.00084686396,0.00078207464
b5ee075917911a030fd7b05063111f171087ddf8,0.0063114334,0.9920127,0.00019525143,0.00097619573,0.0005044692
b5fae332f02bf756db6817cb67ff8e41dbcd1046,0.0113596665,0.0011141007,0.9865167,0.00069379044,0.00031578468
b607fb7459e29da0846b2fd549f08763599a5860,0.032327995,0.9643375,4.1450883e-05,0.0024256264,0.0008674213
b6382f05521a36b6f8f2c35cbe25bd2ae9e03cbb,0.9902228,0.0032044214,0.004205967,0.0019684115,0.00039834794
b6ea03548c371a68e97e45a854873446c339091a,0.8576038,0.0023438584,0.13542786,0.0035984723,0.0010259579
b741cfbb458532cd74f866755e1cc5f9eceea4be,0.93395495,0.013812321,0.04195699,0.008279994,0.0019956918
b7522ce8a3de8e4a5acc15c9dc8170c70d0f94f0,0.005928022,0.99111557,0.0015150262,0.0009162217,0.00052511523
b75e1b6f971f0b6c238855dcf6fdc970ef114153,0.01304143,0.9856748,8.5920765e-05,0.00085598574,0.00034182018
b780884b569ad649ffc2fbe3ffdcb83796ab77e8,0.007921442,0.99047697,6.491829e-05,0.0011608624,0.00037577434
b7d51ebc10df58e9ff0d81c7bad4f5ceeaed8d9a,0.99410003,0.003075654,0.00034744586,0.0020528326,0.00042403987
b7e0f66356a10621a0df84622ee58ef7317a8031,0.79273456,0.006330697,0.19069663,0.008427862,0.001810236
b7f794d81866ce8cbdd35c58563e5d21ba9f3850,5.0232007e-05,0.9995795,4.3211753e-06,0.00018846609,0.00017739365
b82a1963807ffd59c94e442c9a77b39427c6b67e,0.118230596,0.00051939144,0.8804643,0.00058739923,0.00019829726
b8d80e386622a5bfaf8fd9158c77fd90aae21d1a,0.53096586,0.04845593,0.0034137887,0.34719726,0.06996712
b8e676365b693078c0084b5e9387a3842d688499,0.99745125,0.00019441398,0.0017030156,0.000578715,7.26472e-05
b91cf5580ab8fc273c333eb48d3afca51aed4e32,0.0026215774,0.994027,0.00024159289,0.001926434,0.0011833695
b939657b3a7e388455f3a13cb84e0fcf5e745c45,0.84973073,0.03372897,0.07878922,0.030456705,0.0072944006
b943eb89823af783fbb796d245ec33dc463bc322,0.033667315,0.9620502,0.00028873052,0.0031468763,0.0008469703
b982ea8f3c0ee1209e2fc014f66a5f465c8e1d20,0.0038347458,0.9949544,1.988846e-05,0.0007767968,0.00041416832
ba296ac966f96f1aa18952ccad689ab34c68a926,0.96424794,0.007297701,0.021034272,0.005950397,0.0014696441
ba397f5338dccee6292878cc1506924bd3bde22f,0.0021706547,0.99643046,0.00013115603,0.0007351103,0.0005325916
ba3ee9b441039aace1175fd4a4e6f2e68c76d75d,0.0010620388,0.0004150888,0.99814,0.00023375505,0.0001491653
ba6b33d571605f4ebfc22aa1de38eb440fd43cbe,0.16951321,0.00085044885,0.82626474,0.0024680754,0.00090353156
badbe559bce1dc2504aed06e7cf35f63c701e620,0.00034729118,0.99852127,0.00018716666,0.0004032584,0.00054105604
bb2035965d75b96a01eb4ade932e13dd12643669,0.753039,0.015736029,0.19953547,0.023738205,0.007951302
bb56e256de6bb3e5a7d4566a6006a87a1e6495a0,0.07372168,0.00075816707,0.9239124,0.001264741,0.00034307016
bb67f1ff3ad9a0ba9e732ad8a0daa8adab7e32e8,0.6546301,0.0606527,0.23930115,0.034424134,0.010991874
bb97ed6bfda31c2f3eca438dc751091299bdbe7c,0.017378794,0.9808836,7.457715e-05,0.0011631701,0.0004997849
bb9de2e1581f1f5b53149e79675bf150a689fc17,0.94029313,0.00038272102,0.05775169,0.0012115431,0.0003609403
bba94934f7cfa11228693491fb4f1dcc9ec60f1b,0.9760943,0.0005283876,0.021947153,0.0011395456,0.00029066572
bbc26ef790f4a1a18993c52a2eb8c165c50691d9,0.7430853,0.005830803,0.24030398,0.008492057,0.0022878393
bbf28e2db4d0d47a1d4694f14846594ae33244a9,0.0029024552,0.00015538144,0.9960055,0.00060976314,0.00032702077
bc017e6bd7d83c8b6e0c74d446cd7ab529a9a280,9.156631e-05,0.99940467,4.9340747e-06,0.00025970436,0.00023913408
bc04d5218726ad73f6e9612e384f282ebf405913,0.005879861,0.9927108,4.969235e-05,0.0009312382,0.00042843874
bc2a6e6bb9a879525018c3c43c4adcbc8aa3cf92,0.09094516,0.004142873,0.901628,0.0022261993,0.0010577617
bc2a9e9ee0b1745d4406c09077da5ac273991672,0.009453189,0.0001726347,0.9900142,0.00023827926,0.000121701145
bc3f7e48c85170f013d828c3050717a5a494686f,0.02442337,0.00087582885,0.97368443,0.00074913615,0.0002671127
bc435aa30b1af7355e1ff47fd9433062d832a3f0,0.33106077,0.5810298,0.02773818,0.03600119,0.024170058
bc59fbf035e5ac3069ee3a877e2c7d536ad397e2,0.02022726,4.4463533e-05,0.9793745,0.00026554355,8.825376e-05
bca97783b475ffff043436fd01607984eb389ede,0.00050861994,0.99822336,7.634151e-05,0.0006454723,0.0005462027
bd3ae5f62cc76de4546975f8b59f74d8b8e78913,0.81567556,0.06207436,0.08473174,0.027720736,0.009797641
bd65a7355c4891580917237c1883a7ec0447c63e,0.98239225,0.0073126084,0.0017099687,0.007326905,0.0012583915
bd8706678fb86ea594ff6589406a400147bf958f,0.8940291,0.07302892,0.012085754,0.016326811,0.0045293667
bdd900d7cdbbbc83616162e21fcb5770d338782b,0.90133387,0.026226398,0.017954847,0.039380096,0.01510474
bdf43ae46589b7b5cfbd0ef5832c0c03f8b9f6b4,0.982179,0.0010069853,0.012966654,0.0031752884,0.00067210826
be566a7ad37160a761be7e73d469acbe9b775367,0.0032799672,0.015821192,0.97664434,0.002159474,0.002095079
be7413153d0f555f0616d4606917167f2c8ee2ca,1.1124974e-05,4.6201887e-05,0.99993193,3.7336847e-06,7.0301508e-06
bea74a5ec769faf97fab64087a4b5289a5d15041,9.19984e-05,0.99922967,1.46132315e-05,0.00030446265,0.0003592706
bed4cf019dbc672c9bc022f835928fc09d051523,0.0061342316,0.9923407,6.504044e-05,0.0010600007,0.00039998037
bee828e72df09d02d66c07c1d9f459534f35232b,0.003576585,0.9947189,0.00013429773,0.00090972753,0.0006603914
bf35626b5186ba5c90d24bc102099569e99f2c05,0.67277795,0.007336491,0.3134825,0.004732171,0.0016709102
bf89671f753e19f5467f79fb9ab2bb9e40ad0665,0.2789183,0.009799057,0.7018856,0.0071761464,0.0022208965
bfa451a648def2c224fc61df21474efaef897a31,0.46571344,0.0029825815,0.52055657,0.008364857,0.0023825702
bfcada19f8807fbee284f3b4a72397bc226f10b3,0.006065156,0.9888616,0.0007988842,0.00270259,0.0015717953
bfd4b483a02b1d0b52e26f3b5497bd4f242513ad,0.35065216,0.61421293,0.010808173,0.017941896,0.006384897
c0120e482e4c0f6c32d8105ce88c91324380bc01,0.008216447,9.792537e-05,0.9913886,0.00020290162,9.4173905e-05
c021db26b2e37b3f2a09404dd7a977ed10f9e0d5,0.012793054,0.98308855,0.0001382846,0.0024037436,0.0015764135
c03cf0c5372f5da45dbbd8e266aeee554f847deb,0.00031097204,0.9984124,3.6923328e-05,0.0006779,0.00056172453
c05c34f3fda6ea06133fb099c75f6de4f25dba0f,0.9819343,0.0063286745,0.0025985513,0.007567038,0.0015714904
c084633acbddaa388df517640ec629295f8876a3,0.0052507287,0.9935523,8.677677e-05,0.0007518363,0.00035827744
c08ebda618fa715ddd15013c479b562f9c144cbd,0.31013897,0.0004792007,0.68539083,0.0031647042,0.000826369
c0d6f9e76d5d1d7bb71be0fad0c707b2ee7b72d4,0.9287212,0.0033137035,0.064635865,0.00273912,0.0005900668
c0d839e08d58f05623136df040c86a952094ae6a,0.03178438,5.8662958e-05,0.9677664,0.00030379093,8.669824e-05
c13fcf9178304e135f3e669820bba80bffafef88,0.1151731,0.0019681626,0.8771778,0.00413014,0.0015508747
c1e54fa1948147cda67b7c5942eed3adb342d163,0.9770985,0.0014154934,0.018846842,0.0020858438,0.0005532336
c1eaa52ab811b58d7c793bcb8ee23627f62f236d,0.8343022,0.026884155,0.12577641,0.009846761,0.0031905374
c250188cc8c62897d66a75f9cf6aafb4511d93ac,0.0051060584,0.99229467,0.000257228,0.0015109149,0.0008311534
c2dd1cb278640f47912c39b1f44ba384af0f10ec,0.86187387,0.0012534576,0.13204363,0.003742133,0.0010868979
c30e757b47e395f6c3082add4c0d36d5aa90d38d,0.02033187,0.008751036,0.9585878,0.008093387,0.0042358595
c32f70cc6884db6746e94f34ea7616a142bef90d,0.0041729156,0.9948719,0.00012618046,0.000512387,0.00031659866
c3a8394f51b0b80d29717771dfa1a40d9925c68c,0.0046266178,0.982622,0.00046576583,0.0075446577,0.0047409628
c4415f7635fb0dc156e29649fbe17ba7e5682939,0.00018745317,0.9990736,1.2351809e-05,0.0003903046,0.00033629936
c45c169cb961154f721a52902b8a8d16b11b7459,0.01847437,0.0004674918,0.98050135,0.000403791,0.00015296273
c48d70d817412e621643e01c8ddaac811b72a15d,0.0016450695,0.99777514,2.0101275e-05,0.0003830053,0.00017672793
c4992b42a931a21500dac80c7e3c1b4521e5b2a8,0.013913844,0.16095527,0.80158836,0.012843093,0.010699415
c4ee26a3ade8064a2ec494996e836900fd32dd8e,0.9936287,0.0018573247,0.0011840512,0.0028196636,0.00051024964
c5433fc034f8a897f01886f4da50af0343f17c59,0.0043523004,0.9947259,0.00023432449,0.00042347892,0.00026397317
c56b184a370262e2949e4394316b0eba85d24e9d,0.073026024,0.922372,0.0002975676,0.0028958444,0.001408568
c574e96247af7a6f91a52a8928319771b9c028f1,0.025375469,0.0051314807,0.9664944,0.0020134454,0.0009851155
c5b111fe50620ad97e28270b2899f7a2baa7155d,0.025143463,0.97155195,3.7727907e-05,0.0024617375,0.00080508424
c5f2231a19f4fc07bd3e00e76fd4f05da54a27a6,0.11955831,0.0044019446,0.87142724,0.0034517534,0.0011607179
c66c79a9e65198f5eebb4990cf76972f6bd6ace8,0.20794281,0.7863022,0.0005235557,0.004142285,0.0010890545
c68c9d891fd782447aa4a031fd3179a4117823d3,0.77048916,0.0043461532,0.21669067,0.0061111287,0.0023629626
c6c76cebf43bcdf6d7a0354fca7a517a33137b33,0.6921882,0.03831398,0.25538892,0.010696707,0.003412202
c6da0c74dd1d4f5bdec3e41d22dfa5a0ed9c055c,0.0015869385,0.9974141,2.6724416e-05,0.0006293939,0.00034286454
c6f39cf418b301b3af64c02f844da9241d6a69b0,0.9876652,0.002479456,0.0047722803,0.0039621596,0.0011208572
c7895f6cb2b5db18f44b5b9120b3b5891765775c,0.029673956,0.0041454365,0.9613102,0.003549244,0.001321085
c7a9cfd06b583a9c4c52eeca895c66bf4902c751,0.0057692,0.9914215,0.00011858679,0.0017856881,0.0009049427
c806d79743c36959592a8d57788fadab3f37ec81,0.80034494,0.01851241,0.17241193,0.0073565394,0.0013741774
c83e9738ae5d1790ee85b99863deb734e7614c52,0.9926288,0.0010418332,0.003956875,0.002008186,0.00036429203
c849c5dfc1bcb2d2525595c792e5e12ec24288ae,0.0037559115,0.9954202,4.9247457e-05,0.0004645171,0.00031004005
c84bd2536a962f3330898cb4f19107ec0b580c7f,0.87746966,0.0060289544,0.10418655,0.010275647,0.0020392647
c8957a66453d3bf8c5d9a8dab3d7db47de8712b4,0.5290561,0.0046766344,0.45076138,0.012613482,0.002892468
c8e49a700f1d664be60760fa1588c40694ca9e8d,0.8519517,0.040434297,0.07567042,0.023816569,0.008126953
c8e892c58980372ff7d5d4253f1ffae2318e9660,0.04811432,0.000401106,0.94956285,0.0013516339,0.0005700866
c8ead25b9e3c3f05fce76e1f1d102964c5e038ce,0.45601797,0.0321428,0.48685285,0.018803738,0.006182675
c920cdde9b65a124de592bf659ff27baef9da5ab,0.007247852,0.0058608986,0.9827681,0.0023889213,0.0017341711
c92bba121202830c4f14119dfdcba813f390f271,0.9716741,0.0005501623,0.025592562,0.0017846384,0.00039859567
c96036221d1bd893a7e51932123e8b03acba5757,0.9667848,0.0030981707,0.021943117,0.0063508283,0.0018231003
c9848c9c75b92481a9afdf7fea3578176468e817,0.30546463,0.00579497,0.67242897,0.013316734,0.0029946698
c9e22427f4c7aa646ccfffac8f18cf52d73e446f,0.99211735,0.0036203119,0.0014756509,0.0022900011,0.0004967005
c9f91af501aec7b0bb4779d58f74c551697bdf1a,0.9666062,0.021842195,0.002999365,0.0065384326,0.0020136782
c9fde22724acdcb871ee1090ed615496ba205e87,0.91615844,0.0023660099,0.06830603,0.010812861,0.0023567858
ca02cd38409dd53ab400043d6f2cf12c9f0865c8,0.0048618824,0.99351573,1.4473024e-05,0.0009834202,0.0006244897
ca18d2404b1358d24da0aeb79cea4ebc842ea694,0.88103175,0.0011219609,0.11157392,0.004564908,0.001707448
ca2532ca69d48b19310c8f7e3ef90e2fa198cd80,0.97507715,0.016456649,0.00042578892,0.0065571987,0.0014832496
ca6f551f8ba46016386c7f4a13b7aa5d4821b3c7,6.424347e-05,0.9995134,1.1977053e-05,0.0002104406,0.00020002098
ca8150df84803ae2614d5212c9955a5a994b4d21,0.992953,0.00026401787,0.0054746144,0.0010689736,0.0002394538
ca967afa4e839aee8db005d7f1a4245103e3fbf9,0.67577285,0.0024515397,0.31549355,0.005215313,0.001066823
cabf893c95f15a2f07d9f520d21b10f056b43dbb,0.01022694,0.98573226,9.5111165e-05,0.0027525437,0.0011931392
cad9dbc323820473785d6629d41d64c86f9a2ea0,0.0025495114,0.9962626,5.6070505e-05,0.00077402947,0.00035785418
caefdd4de6156e38ca33fcf4d4a5ce3dbd665d2b,0.20008016,0.026308956,0.7543575,0.01315811,0.006095233
cb1208f8dbacecea218e0cec2d76fa1b4ac4d0a5,0.98879707,0.00038855997,0.007934357,0.0025213875,0.00035865803
cb21ab88bb966afd1a426ddaad8a8e0cba32387a,0.031023385,0.003178537,0.9632261,0.0019430006,0.0006289546
cb8998305b3b5c68ef7cae28ba51fc04cd86397d,0.98943454,0.0042170077,0.0017527677,0.0038433804,0.0007523851
cbc4b663926fd8a24a60085869830b17103347ea,0.06144895,0.92937785,0.0017976288,0.0055208886,0.0018546918
cbc6e968d7f5931833b773f3e3c04de513b9e96d,0.019802336,0.0018356193,0.9772335,0.0008019227,0.00032654728
cbfacd101b49a5684864f5c4f2634f4fa4b8edff,0.0136480015,0.98284215,7.472606e-05,0.0024255395,0.0010096352
cc0be3b0ddc900c3ef969bc8305f851a44de9ad8,0.00075211923,9.9042714e-05,0.9987914,0.00019391622,0.00016361308
cc177c2cd2b1d4af25745d9084dc24e7008d7210,0.9059567,0.0008196966,0.089352146,0.003283383,0.0005881035
cc1ec6952a5227b4dc799f42536bcc4ec534fbc4,0.9565173,0.0008322885,0.04097279,0.0013802757,0.0002973418
cc3864d11bd5e88a6d463d48ba99c2a437dd4880,0.015821507,0.974312,0.0041851234,0.0035207875,0.0021606379
cc41b5ea1ad863f38e63cb94460ebffb9ffd9340,0.0011979123,0.9984731,1.4832118e-05,0.0002122846,0.000101954785
cc62e7b9e1a98777caa8883a4cc603e5104f2d99,0.015392863,0.011822304,0.9689742,0.0027216491,0.0010889592
cd548c8c2d5b494e374b79688dbe2ceca2702b53,0.5640078,0.0030535904,0.4282373,0.0038450507,0.00085627276
cd667821afeb639c9365139b43854a9005098104,0.0028233016,0.9953967,0.00023586045,0.0010478034,0.0004963995
cdcf6391e0c55304d97baadc9273c372a85cd0c6,0.855947,0.06191431,0.06854492,0.010402564,0.0031912467
ce2de362a163389d83e83844a32d5cdf6363e39b,0.005771622,0.9931706,1.6394386e-05,0.0007420666,0.00029923697
ce8a1578c0eb95557e98c1a651c5c054cd7c2765,0.0062273405,0.99136096,0.00022678933,0.0015050775,0.00067971786
cf15d4184bc43b05e11237cd90503368e41819c7,0.002822359,0.9962798,3.4815566e-05,0.00044579952,0.00041715716
cf259ec891e9093c9c66a8c25a6eb2e1d607a9b3,0.0037417684,0.99520385,0.00012450859,0.0005813717,0.00034851165
cfb169d1dab1642fde37e4151880d6d9b606f313,0.987271,0.008964608,0.00090027467,0.0024543803,0.00040976776
cfb84f64cb1fe2940b24dcf30a77897721483b16,0.0017727214,0.9904897,2.435345e-05,0.004216355,0.0034968148
cfe2db107b6edc3ceab4c5c08fd38a1069b98730,0.9911391,0.002221692,0.00026925871,0.0055074734,0.0008624138
cfeb39e1ea90be9bacb1e6e739c1a90c2137255b,0.0002348478,0.9988965,2.1172173e-05,0.0004607087,0.00038682064
d005feb68474379f5904014bd2b0720518f05e1f,0.0050538173,9.4297415e-05,0.9946295,0.00013324064,8.91048e-05
d00f43ec6efe6e239fba779b331b4e0856bc93d3,0.93913037,0.035156094,0.00354958,0.01919822,0.002965785
d013a5976e3a95c6d82cf4dd528bacd57cbcd56e,0.899411,0.002199144,0.09507536,0.002596291,0.0007181532
d0433b4a961d0b447b8adc7a01064ffb00890e07,0.1459091,0.002825394,0.8470611,0.0031000592,0.0011042814
d05787a28af810bd7d7c20856fea4fef17b8f0bd,0.07896989,0.9042039,0.0057289456,0.0070467233,0.0040505463
d05e335c896be1d68c0bd54cc29a25c079cec9f1,0.0011110447,2.5686515e-05,0.99881566,3.116593e-05,1.65521e-05
d06dc92d4151980ea5fc69c70d753ea20c069b06,0.9074794,0.0008258995,0.08889258,0.0023050099,0.000497035
d09fdb4125b7dcee205889074ebe3992797da98b,0.4758842,0.0014284368,0.519603,0.002256042,0.0008283321
d0a4732b7965d6da4efd4e12808c3ee5773ff34c,0.77912927,0.0005248948,0.2176278,0.002146086,0.0005719979
d0f6014f7cefd377168147483e5a9b89e375b468,0.018873142,0.9779845,0.0009058503,0.0013001075,0.0009364323
d112ebf682f1338aa5a84b25a9158ff3f318f47a,0.0073652556,0.00084864453,0.9906736,0.0007622073,0.0003503297
d11cb8cc53d729efc6236f7a97aba5d8504c6077,0.009415451,0.9849305,0.0004950324,0.0031624918,0.0019965072
d16693fe7d8fa0fb9400a9550bd4a26fe3b2fa9e,0.010906848,0.0002015294,0.9885378,0.0002493421,0.00010455207
d1857540dbe5bcd867fe8fe5bd9e488f22c8a075,0.0060695275,0.9840333,0.0046696016,0.0035248,0.0017028183
d18d4f31f5e03258882bb8a77bbc214763c6b73d,0.1475669,0.007889799,0.8368403,0.0052301395,0.0024729567
d1a8295550eaaf3375cb2db5f38fd59b38d26fb2,0.0036709406,0.99487865,0.00019353419,0.00084314076,0.00041373257
d1d0d8eb9e9b1dc3d0ba7ed86618268f64b57427,0.012832346,0.0055882726,0.97819525,0.0022206914,0.0011633855
d2088a09d9e2c875e2978a9f84bea689f4c028cd,0.23275955,0.0014906686,0.7631892,0.0018807048,0.0006798171
d211fc0940d5da1622d7745cb14bc6ccd913bfa5,0.9978527,0.00032890955,0.0010280625,0.0006377154,0.0001526587
d214443fbc8db6edf587ca299d2efe6714a57e4a,0.96889025,0.0078133885,0.011412909,0.009915708,0.0019678324
d23e4d425a8e18d559443275b441f7f74f6e6c2e,0.67791176,0.17818734,0.07086072,0.055132516,0.017907651
d25c69f99c4b844ffab77f632920e3fa9032be92,0.005181102,0.99242026,0.00018602307,0.0012724791,0.0009401015
d26afbd138ff96d9466388b195f7e183c0bff3d5,0.987976,0.003944101,0.0019053806,0.0051869545,0.0009875337
d2d8b08112beff69fb1336e2bb7d569bee31ed24,0.0010017164,0.9953376,0.00075613515,0.0016759217,0.0012285276
d32197f3db6bfa837d5d87797306a762a3d66d4a,0.00748267,0.9908627,0.00012616382,0.0008938957,0.00063448626
d378367989d05bc8a20d1b5e1a86077a8ad768af,0.0045958515,0.99485356,5.665121e-05,0.00029741143,0.00019657695
d39ef556f489720d0b268f94aced549e0d89dc14,0.00937398,0.98869413,0.00060410606,0.00086365343,0.0004640897
d3dd1bc9e20cb888169900832b4c67546c6a0a4b,0.3012297,0.08757725,0.5755545,0.024993481,0.010645098
d3dd7b26dcdd412dbcb68496e4ce7b19aab014de,0.9350337,0.028056908,0.010166502,0.022151534,0.0045913598
d4077d83a5359394178167ee288176a6fc960751,0.97194225,0.0013022089,0.021300696,0.004375304,0.0010795691
d40b1b5d1d86c0923195cefdac86c4151418674d,0.9228862,0.0042571486,0.05382344,0.015034061,0.003999221
d420024c918fe5694623a001408600a6da4c5b2a,0.91971236,0.024956327,0.046490997,0.0067070723,0.0021332672
d42df34f8d3f5c2a1327418a884c4abe2bfb84ef,0.052544992,0.93411493,0.0011872393,0.008301656,0.0038512144
d456ba6139f1e5678a8ab460d827af937d89f412,0.014519292,0.98103976,0.000396973,0.0028044041,0.0012395952
d45e1d8ae9cc6007a0f77a7da0120c5d8a4f69a9,0.9982167,0.0006556327,0.0004815485,0.00054353854,0.000102527585
d4869bffbe66a36d9ff5e4e32e2f8b36d8f399e6,0.018181005,0.97869223,0.00015297899,0.0019303506,0.001043382
d4af711bc55f07896229d6026413f2460f1b7562,0.8985331,0.08555856,0.0026813233,0.010814001,0.0024129297
d4cbada67a83b397ebaf0740f48d1c041e4148d5,0.52628046,0.044375602,0.40351325,0.018743994,0.007086681
d4d02e73da889db1f4fbd9157ba8122d6b1d9ce7,0.8955768,0.00070952676,0.09494781,0.007643045,0.0011228019
d598392e86af429cedd649dd7ef994031e6e58d7,0.33082253,0.011264986,0.6458243,0.008536539,0.0035516154
d5b4e18816472105d9a8d077a03032d35fe63ae7,0.007898778,0.004414078,0.98631775,0.0008498783,0.0005195202
d62b245703125f2e5bf0708694cc53d7f2b0dbf3,0.015205066,0.98152655,0.00012768914,0.0022833245,0.0008573924
d64370a40c913742fa0e76134caee5aa99fe2fd5,0.8415519,0.014102901,0.1215334,0.016846027,0.0059657153
d682cf768640d3e80131ca8230dd5bdcb76a0191,0.0001728241,0.9988738,8.0842976e-05,0.0004734692,0.00039909055
d7e3f6424ffae44050202d881c995e7ad3ca0e81,0.97345144,0.007105904,0.009817518,0.007601221,0.0020239817
d85fcaf4a3eec9b797c49c034145a877103cf5ec,0.0033008463,0.9951755,0.0004203733,0.0006737255,0.00042950246
d862361974270e180941553285c430746e607449,0.9917178,0.003606506,0.0017177927,0.0024486391,0.0005092684
d878e173af778553972679125cbecc579fa8c63f,0.37865022,0.0015872509,0.6134108,0.0050739157,0.0012778853
d897658c3347a799c08c8a175499e041b13d270e,0.72548294,0.0058504874,0.2599451,0.006565045,0.0021564818
d899d9750e073d928bee63a8b98bcacc71c19da5,0.26483464,0.0021315299,0.7269598,0.0047987876,0.0012752829
d8a53489430e4a34f8de93aa599d5e4dd954b414,0.55686873,0.0013378711,0.4396599,0.0015702515,0.00056318066
d92fcd0792f47772fdfc7b553b26382218e5f2d4,0.1774996,0.0011751434,0.8191483,0.0016734808,0.0005034524
d93722c9c7b1c70aadc0ad14da0c332eee58a4a0,0.003547257,0.99496776,0.0001225492,0.0007024725,0.00065991184
d95158fa1adbd3f9b284dda815ec2776c53f1613,0.24371558,0.0010156544,0.7521644,0.0022097444,0.0008945629
d9a08adc801c17e65c72f9158f118c1fd51424cf,0.93762755,0.043607872,0.0016740198,0.014517925,0.0025725956
d9adfbd38a7b1e1906801044e968e63f7d6e7ca3,0.67288923,0.20027004,0.09314559,0.024319252,0.009375907
d9c9feada8b7a022f06510a07a6139875a0dfc0e,0.9919641,0.0024756994,0.0014725442,0.0032861806,0.0008013906
d9e12fec63d883964d1822d69200472877cff3e2,0.97060126,0.017228134,0.0034227858,0.0066818846,0.0020659124
d9fdf4c7b9b51b1b538a558379cb7656240dc869,0.67919,0.001945331,0.31156376,0.0059106764,0.0013902653
da058bfb9d85e11d0d012e56ebf0b1c0b09b418f,0.00085639406,0.99825674,3.7940965e-05,0.0004604136,0.00038846507
da5e2fc2250ded2e30b7f4d7cb4602575cfd60b8,0.8148662,0.06407505,0.03643763,0.06703542,0.017585708
da69c1c34a12c895a3d0a52c57daca9fc3bbf82f,0.0105288075,0.9852874,0.00047810448,0.002174334,0.0015313298
db4d1667675c0233d90ce7f0a3775f900006243e,0.95071393,0.0030082357,0.042387847,0.0030111752,0.000878873
db4d6126261d321e9aaa909a84c72fc968be8d2a,0.0029907904,0.9963827,8.1420585e-06,0.00044151285,0.00017682633
db59ee6c47c0c7a46e5ab2b291c6cd47b98be4fd,0.88692063,0.06013508,0.036207605,0.013271344,0.0034654192
db842eeeb2c95a8c129df97b9e9904dee2eaa21c,0.008620913,0.002451647,0.9871351,0.0011312492,0.0006611418
db8e26fcbdb5a17085dea03bc2491f481ad9a323,0.06837986,0.016732676,0.9046949,0.006155607,0.0040369453
dbdabbad2e58692b8debea8756429438879927f6,0.7916858,0.17578855,0.0048664645,0.023024686,0.004634552
dc01fbf43d09af1ba655d5f30684a0735dc34f2a,0.9316126,0.02450148,0.028422214,0.011830798,0.0036329392
dc117ed4ce6c089a0ed328f271de10a2996b8c3b,0.98604554,0.0017484708,0.009276115,0.0024778084,0.0004521246
dc562be2f7e02c7a50c95b4df1081eeec758397b,0.993701,0.00092944,0.0037485096,0.0012903996,0.0003307554
dc649b42fca41df09f2e9402845807aed2af621d,0.0074026478,0.9867943,0.00026965377,0.0033514833,0.0021819167
dca334b810b9021828fc7f227e784d99acf23a7e,0.001156057,0.998004,6.0970342e-05,0.00049334456,0.00028552592
dcae6506c15134f10d6ae3733947eca0c59deeae,0.22898352,0.0023572086,0.7596583,0.006968935,0.0020320409
dd65788e513c2abebd1d6072a6f06212dba600d5,0.69797003,0.005519749,0.28560838,0.008110002,0.0027918145
dd9a44d9a7c5c32955b9a4e9dee9c3789cf44b3d,0.6159268,0.26182055,0.014330439,0.08607092,0.02185131
ddb6a2a4d384bc99867bf8128d51b848482af361,0.6510985,0.0014552028,0.3325486,0.012388231,0.002509459
de165a1a543cc6b94cf0bab11618339367a0b223,0.9968172,0.00021090022,0.002039933,0.0008179931,0.00011399456
de1eedc62bd9c4ff29e72a9dabb604188301c8aa,0.09053597,0.0004704722,0.9054949,0.0023545113,0.0011441403
de3b4ba7b7ec43cd2ff2fc819f79030e3ed82bcb,0.862382,0.0004095708,0.13512263,0.0015700456,0.00051572756
de431a8b564be15671a1bb420f9c90885d96fa5f,0.9887095,0.005359503,0.00035306628,0.0047960244,0.0007817834
de6fc0c6a7b8daae7c6367a623b538ab0db67ec3,0.9682854,0.007869755,0.018884322,0.0038996174,0.0010609032
de72e8c4c5a713eb29d2f3adfe3fbbf98d60dcbb,0.95815593,0.00063673884,0.038669437,0.0022202677,0.0003176808
de794d6f9a08d85f93bdf3bacdd6ada5971fbbda,0.9855598,0.0032049427,0.0038734567,0.006605078,0.00075679325
dec4101b48d9e34b431fcbb507d867e58901e2b7,0.7812249,0.0012478349,0.213575,0.0031370565,0.00081515964
df347c2cfeae69ac152b02ce7e9bff4b90554983,0.0051504597,0.9877538,0.00059883477,0.004205735,0.0022910892
df7f7188bfe99d170fe88ec509f980f59e12a9d1,0.9674475,0.014928536,0.011995414,0.0043892283,0.0012392482
df88a4c1c1e5439bd0125622689edcb436d94621,0.004824099,0.99352646,9.794505e-05,0.0009998935,0.0005516546
dfcb7266c7b2120312a1dfc4721214e08fec2af1,0.002378249,0.00396245,0.9928148,0.00050685316,0.00033763694
dfdb44a7d8eb584ea06199cd2f34507b15949952,0.017027058,0.9795074,0.0002750824,0.0021999113,0.0009906098
dfe30cdde4cfd07a58f7c33a7bc7c02aff419032,0.56416386,0.0008906292,0.43003234,0.004003234,0.00090997084
e006a3025eb8e44f71aa1ba48e75d944be23377b,0.000716998,0.9985771,8.256177e-06,0.00040684105,0.00029075623
e12fc793103f1e2e1f3c7068587c5693f28a5b9e,0.99278957,0.0016154607,0.0038432542,0.0014867797,0.00026500758
e1371921331aa897ad9c9160010babc920ab08d1,0.33907565,0.6015234,0.032160997,0.017383477,0.00985656
e16949b03e8b501dfd54090b527942dbbaef2bd8,0.118453436,0.84502286,0.020126935,0.011936466,0.0044603315
e188c64871c9123794e44108d8f463a080147ecb,0.94034976,0.006354616,0.04599026,0.006010557,0.0012948065
e1916779d87d289a7501d1733ac2a9c723d54ce5,0.0051629883,0.99233466,0.00089609827,0.0009793777,0.00062680047
e1a18f02c3a32f6313461f114ac9e185a85192f9,0.0022555785,0.9964778,4.453864e-05,0.00076293846,0.0004591445
e1ea2efbc36d9e9a53382bf485ecf6b0579d4afa,0.7905191,0.025102885,0.16465332,0.014836702,0.004887849
e257f539c35e8adec6a7ddac6e144508fc221ad2,0.17144151,0.0018208806,0.82270813,0.0031156247,0.0009138098
e2ac0a206ac6f354714408942e7c3f6c2b850b24,0.9450558,0.0014630756,0.05003723,0.0028256658,0.00061829644
e2e6df05b41fdac7c6c28ec85514191bc58b2752,0.0041192253,0.0014280915,0.9935266,0.0005658409,0.00036037352
e2f02773f1aaf733cb4aba40fa2d045cbc2d25ca,0.7540231,0.19440708,0.0018328859,0.04001057,0.009726334
e300ea5c80c5e07a80b6a3cd61cea886d9133e37,0.9041296,0.0027836687,0.08508847,0.006242538,0.0017556376
e321d86da5ce9207dd04aaca4740c43e55febcb7,0.030468082,0.00720683,0.9587729,0.0027866326,0.0007655519
e3223e9ae357fba1ab47e00abf6354fa84743887,0.0068439925,0.009758196,0.98112833,0.0015041598,0.0007652546
e3738beefd228afcd86a4e82983be99c3726f90c,0.010698734,0.0022929567,0.98566717,0.0010085898,0.0003325976
e37486852ad48c993fd7b2be6dcec4e82f790f85,0.039816923,0.9534369,0.00044841506,0.004695463,0.001602238
e3aae02d6b14d4bced0547ed664fae2cc387ac19,0.06750743,0.00043318496,0.930093,0.0014943492,0.00047205825
e3fe10749268fa621ca1e067c0150b290f722747,0.012989675,0.97668296,0.00046567124,0.0055416212,0.0043200357
e4aa6d284907bb7de6ee937eb4ad0b4e9447058b,0.5639508,0.0019906927,0.43155238,0.001787934,0.00071817025
e4b930664b4ddd4edc29b4c467ab1d5b7a18a3da,0.046325076,0.0017089492,0.9497428,0.0015051997,0.00071798346
e500162e1d3e1d6bc81d435bac82983a32f9e0a7,0.3807176,0.005843325,0.5948724,0.014224253,0.0043423907
e591b3ed99fb226ff688c2d687b12dc08a2619e7,0.972997,0.00088035373,0.024121786,0.0015240888,0.00047677397
e5aa8c2c7b65a053ccd0572328dbac5b2c423c44,0.037104934,0.005322034,0.9546155,0.0021004844,0.0008570008
e5aa9b439d8d134f5afcfa2f727775a099f018a2,0.96196425,0.00034892518,0.03429477,0.0028399373,0.00055216224
e5f6ad37f86b76e0d0c75fed1366143e83ca34de,0.0040604244,0.9947667,9.016757e-05,0.0007161828,0.0003665055
e61d77d94952b728dbe1eedd0a106687e6365e69,0.0157932,0.98091495,0.000809674,0.0016662176,0.00081602426
e648c02982810cb9e8d6c36f5be6f719ae4aea20,0.5852441,0.0069072796,0.3834378,0.02026201,0.0041487636
e69431b75ecbecf075f1fcc5bf20b0dd0255e80d,0.025586732,0.0037295688,0.9686109,0.001305372,0.00076738856
e6c7dc5975120947d85b67e82f7ce7ba3451d117,0.9874227,0.0021058256,0.006611103,0.003290359,0.0005701059
e6c7e1db8488bd55bf436e8f4cd545ddb5610b2f,0.3369825,0.0007458355,0.6584923,0.0029962899,0.00078315695
e6fd4e67adc0b7ca945bb6dab199a076ad7dc110,0.9710698,0.01595279,0.0022088254,0.008467293,0.0023013053
e7097af7ff806e11fd6426650d7c3c5d159b39a0,0.99054503,0.0016260373,0.0025832197,0.00449841,0.0007473679
e72f916f832c1ae41fd57ad9509b2a242fb6bc73,0.93107265,0.029595044,0.020782083,0.014179071,0.0043710764
e73af8457a4f14cd9fbca401184bac2de84725e8,0.0049557257,0.9940754,3.393382e-05,0.00064467615,0.00029029467
e75a4ade4e43162bf822d6fa9fe0656ea1ec4e28,0.008019906,0.9906218,0.0001415386,0.0007933031,0.00042338236
e76ce214e699936abce9910a859e8d6cd9a5bc43,0.00051517435,0.99881977,8.929225e-06,0.00029976582,0.0003563285
e78aa3a954b093085f487fd4eaf89fcf1df84f0b,0.92771,0.011700977,0.018634308,0.035530448,0.0064241407
e7b2c425a23fe0de6d6f46bbba77ec4b9f982d2e,0.015976742,0.9650773,0.00022957125,0.012673016,0.0060433955
e7beaaa052746a44db673865d1d17ba1ff872191,0.0129188,0.9800336,0.0008560882,0.0040603075,0.00213129
e8020af78e466c61d20ed26e4ab654dac3eaf8f4,0.0090793315,0.987171,0.00025992966,0.0023417487,0.001147984
e80688b8b17b2261f7d51d27d865fca6bec84f8a,0.027637344,0.00028898544,0.9704517,0.0013014823,0.00032050308
e8583580fa40064ae071da9a0bc97fdc508fda8b,0.5119265,0.075278066,0.39519995,0.011852703,0.0057427986
e880cde7d5226b2adc9e4c4ff0eb6dfa6e00e78f,0.11974767,0.0018814947,0.87366015,0.0036195994,0.0010910544
e8eb073082f6465208ea2e254f0e30045558687b,0.61526245,0.0031231616,0.37244737,0.0075655985,0.0016013981
e9d4c66bbce9778e148aee25d1b53129aedecf40,0.9275462,0.0014815509,0.06525128,0.0045235646,0.0011974555
ea27a85d79cc6ff80972bfc23bdecdef40ba8cb7,0.020092174,0.97425985,0.0004493458,0.0033105281,0.001888125
ea706674fbaae9551b82344b31b55ce556517e8e,0.97380865,0.011617399,0.0025745323,0.009797172,0.0022021146
ea7aa889f54e92ed4b00f4fc9db56ec8141d6739,0.0018335634,0.9968509,0.00016361444,0.00063956867,0.0005124045
eaad3bc3df9ac172818db9f14cfcf0e9e6662c00,0.88344723,0.10907488,7.8222365e-05,0.006521733,0.0008778926
ead39aa4bceb42944d932dad4a6a79891f35c332,0.9735551,0.010937365,0.0062167263,0.007454993,0.0018358672
eb34206bd75b4b14c0a683375fccbbe2c8a70d3d,0.011735666,0.9861267,6.3135936e-05,0.0010159815,0.0010585191
eb852fac37dc757ca931882db56983b5d54bba7e,0.99465865,0.0013274489,0.0022580666,0.0014823232,0.00027340004
ebc0e56934c13deb79e35123979264c53f8c7cda,0.97642183,0.0021610914,0.018446978,0.0024321547,0.00053793826
ebcd63f41ae689fcbd70ab70a603f10b42a33904,0.013496538,0.98483306,9.80408e-05,0.0010981688,0.0004741651
ec03498954ca9c39330e1915490eb04253cdb7da,0.009331325,0.011360635,0.97249156,0.004255536,0.0025610267
ec476f53f999ad8c6632c829df4afc927e7efc53,0.026155777,0.9681608,0.0002849444,0.0037133023,0.0016851972
ec5209f2abdc6f20f336d9b4130ce9b81edbfc49,0.0028989264,0.9955843,7.110873e-05,0.0008082522,0.0006375097
ec97d5e982ff9317f872c8be79281574e4ca37fe,0.006166664,0.00019929465,0.9929705,0.00047668442,0.0001868547
ec9d2cb08c81b7a4ffaeea94fea338e223c660a1,0.87666255,0.0046003032,0.10718536,0.009256638,0.0022951765
ed5996a2b94dd61d228197de899d405f6ce122da,0.9529962,0.0023947596,0.040504284,0.0034036394,0.0007010102
ed5a10b4df0e2625156ae899979d7921228a2843,0.59576,0.004327687,0.39454314,0.0035983047,0.0017708833
ed687138aa65a945c4c16dbc02025eb2cb7a8e2d,0.078687765,0.0015477104,0.91560876,0.0032225568,0.0009332495
ed6e6e201b01f90f3a197fae08f3d7ad7399e103,0.2483894,0.0019681759,0.74591166,0.0028974349,0.00083337806
ed8f028ad0bd33a4633c0af204c9cd518a0f61c4,0.3170166,0.0014201337,0.6750681,0.0047855205,0.0017096658
ed8fbbfb7beb57d8d8db7710cc484db60c9b2450,0.9091493,0.03009341,0.043112084,0.013524482,0.004120708
ed95bfe5d2e2552bb71581187b600752afc10cf0,0.0055219554,0.9919274,0.00023734495,0.001573592,0.0007396916
edc7d7a099d7237c7858c199d36bae3b0a5aef3e,7.992811e-05,0.9992111,4.5364115e-05,0.00033585328,0.00032775308
eddaf8862dbd3127a856e2308b5cff614f1b4700,0.003526503,0.000335344,0.995749,0.00026579754,0.00012336615
edf68af41a6b9d43d8bef6bc884b65262805b0bb,0.37000582,0.00087686424,0.6232845,0.004290861,0.0015419533
ee1bc8402d7fb4a05e02abd348cefd4ee24052bd,0.9932568,0.0012022471,0.0031290685,0.0020571095,0.0003546901
ee3bb82f6852c5817e957792157f482086711345,0.99024725,0.00047213852,0.006660637,0.0022153615,0.00040463102
ee855eef79ea68e30d6bad50e48dd886d096fa57,0.034314718,0.9615842,0.00030126132,0.0028002677,0.0009994417
eeaf22cf43c18ed2e4775acfc776d788cd80909b,0.040828,0.9475686,0.0012043386,0.00721361,0.0031854287
eeb3f46451687820864a52e947b0254ffa119b1d,0.09372704,0.0008030173,0.90326107,0.0017083087,0.00050055626
eefa998949eb0f81c8a09fdabe4f01edc11944ae,0.42009234,0.023423877,0.5399363,0.010745198,0.0058022626
ef3d6339deca5a9f8ab0f7603061bf84b08032f5,0.012064563,0.0006123567,0.98473454,0.0017564076,0.00083210244
ef401d8f6bc700e007740b081b0042a2a231a943,0.006462667,0.98886687,0.0017162032,0.001768953,0.0011853016
ef7246bfe17afd6bf195f046c49f0cf923e0ac9a,0.0002736629,0.998536,6.5309046e-06,0.00064457196,0.00053921784
eff4265676b9057d3bf0389ddcee6666642ba8bf,0.020087235,0.9759245,0.00045899127,0.0023932278,0.0011360142
f0140c66a9e641ac587e754b76288b66473314c8,0.010465285,0.00048447456,0.9887123,0.0002261834,0.00011175043
f0638ce4eb4a8439a27cfd0c58449e40a4997873,0.003989788,0.99394554,3.6400914e-05,0.0013161743,0.000712106
f0891b93ceb5fd96ad45dfaf844732d2eb85237c,0.00038458637,9.094671e-05,0.99945086,4.9062073e-05,2.457378e-05
f0a3241b265d196ef31a1e3ac9e634bff9598fd6,0.005002365,0.9927095,8.2088896e-05,0.0013209719,0.00088512816
f0b2d119f56cb62554b0d4c1cc8cd3428331a749,0.014912983,0.006185243,0.9747927,0.0025520895,0.0015570169
f0c847341dba78b37d97647546e9f76ea7b7223e,0.43803486,0.0008276327,0.55916196,0.0014754148,0.00050002756
f0efc079737afc79cc7a64983a7c4d0c9b8183fd,0.053416416,0.941297,0.0007907507,0.0032047736,0.0012910577
f102d2906ae65a7f7b26e7b9ada0ee3563a9fe0c,0.12112557,0.018830912,0.85027367,0.0065748617,0.003194958
f134dd31dc6dfc74578a8ec7528166271df04e3b,0.5364452,0.00987343,0.44386098,0.0075407075,0.0022796616
f15b41713d6addb3efe05f199414ea90d4556d16,0.022866473,0.9561818,0.0014319568,0.0135495905,0.0059701744
f162424b52b6ac892463728376bc106bc114837b,0.055386685,0.9413801,0.000111289344,0.0022550393,0.0008668517
f170d81723bcd79533a7cd7dab303f6969610815,0.032417428,0.001069898,0.96511847,0.00092591956,0.00046831765
f170dfc1da299cecdf2576577d6f01f777b5b609,0.8815655,0.08608053,0.009996221,0.017054034,0.005303771
f19c681417273371191c2bc2b11106c3e4f9e83d,0.0012916889,0.99372286,0.00042222644,0.0028420475,0.0017212657
f217464dc5d9b52290742385e671ad257a9da152,0.9266482,0.04567003,0.0080406,0.015333063,0.0043080277
f258bcdd72e3ca83fc9b6dd5d3cdd1214cdff164,0.9635255,0.009707927,0.0021873883,0.019773407,0.004805772
f2a1424b0af3bbe1ef0cbaa8aa2edac6c332f783,0.98361766,0.0034585402,0.004741134,0.0063954876,0.0017872718
f2c0420b2c4187b04721620e49d833d07e18c638,0.006714822,0.9873652,0.001675537,0.0028335329,0.0014109436
f2d8f23c36282f00b4bc1ecbb96534420cc0165e,0.24943918,0.6128627,0.06825951,0.044897024,0.02454155
f2eac9ebe106d83690d3e9bb49f5a52873948624,0.48143157,0.3952421,0.02096753,0.075488545,0.026870308
f34418e595f4e6e13c36aa5383e3302cb20308f5,0.9721049,0.017392278,0.00023580383,0.008744318,0.0015226913
f345dd03b7a1b1626696b726d924ecea157e1740,0.012950814,0.9855401,3.8271104e-05,0.0009557234,0.0005150708
f37987ce590d1a8cbb9073a6d99bd4819d1b54af,0.9541321,0.031505357,0.0017101539,0.009561788,0.0030906464
f37f3e61afb7593223b6daf35914a45555a613c1,0.48321825,0.022644604,0.4734094,0.016631987,0.004095794
f415febfbe939d60168894805874ecbe2ab4c556,0.7850437,0.10301933,0.043496173,0.051728703,0.016712049
f416d7d29a6f7d9920133443d958c40689224bed,0.0019461672,6.6172805e-05,0.997855,8.203232e-05,5.0637453e-05
f416ea86f0a10199ef8874552936e08645507057,0.67607665,0.16647035,0.08227812,0.060950156,0.014224677
f480517dd1d148d87687a50a8c9e558cb31b144e,0.7309753,0.004155604,0.2621689,0.002147494,0.0005526003
f521c5d3a221d782cafd51c2f60e84563862de3e,0.97951114,0.008683873,0.004109991,0.006415605,0.0012794479
f6299c79fea98f2352989ecb51b16455009b7473,0.0025677143,0.99620545,0.0003007382,0.0005819568,0.00034412523
f63e3d1d5e4b965b3b004b47f8a4ae3d1e27dcea,0.0020100088,0.9972663,3.5956302e-05,0.00048723648,0.00020054815
f647f4bedb047ba56eb1fee1ff2ced5c9ff54464,0.03217806,0.0141263595,0.9486821,0.0033750224,0.0016384418
f701545d7209c336fa3de1c09677dbd702e6e354,0.027856681,0.96228355,0.0013121315,0.0051542264,0.0033934538
f7256f787a44fa6b2f1c763b54248f77456e507c,0.18975821,0.0005763015,0.80675197,0.0022156711,0.00069787307
f78a1e78c1f5e1e6defb5cdba1b6e3c4ab04368e,0.99682236,0.00027722455,0.0006096675,0.0020107704,0.0002799451
f7ceb05475f9dbc5fb03757f267015753f73672e,0.644569,0.00055976055,0.3525055,0.001821101,0.00054466195
f804bf88bb8c36c9c43cda946d8eae32bfb16b55,0.8378095,0.07809031,0.011436906,0.060369305,0.012293998
f8683bb62ef0932f883eafe899477d3579bc6410,0.35897678,0.0033319918,0.6300239,0.0057909978,0.0018763933
f88dd29020381d3e5a08bd5d74a5bceaffe75c3a,0.09333456,0.0012903849,0.9012373,0.0031289037,0.001008886
f8a787deefcb60af0876c9d7cd565f8a971a6946,0.92676175,0.022246938,0.030356035,0.016102301,0.0045330003
f8c25f6f9f005b6dac3eae76bad8c77a5c4f5a14,0.95028,0.0010700381,0.044013266,0.0039140363,0.00072261126
f947396a25fd49d8dc23960e17ce749db4f65841,0.952886,0.0022538058,0.040817242,0.003363597,0.0006793638
f948a1fa1ff3a6bfb7b654ee672d7ce1cfa5ecb6,0.015299399,0.9832855,5.0584986e-05,0.00086060807,0.0005039529
f96fefc70c2a918d4043028e4b3c8f675ec2df36,0.03044522,0.00058667175,0.9676915,0.0009193659,0.0003572271
f97c4493db2a81b0887ff0c0e4025eb896113453,0.94656324,0.016254742,0.022484979,0.011707852,0.0029892582
f99ecb8f8a7402f194f1be29acf0e099a265f250,0.0064357235,0.97779673,0.00093808287,0.0076463437,0.007183075
f9a70cb56054490c7c5833769b94f5e1fc8b9614,0.14600782,0.8199523,0.005407364,0.018744979,0.00988756
f9e5c8ba26def6b138155b99caf13629472ad9a1,0.0639134,0.0068827164,0.925543,0.0024613084,0.0011995458
f9f6428b55eaf0222f5de2895f304c56a6ea6779,0.0024145287,0.99646026,3.1092437e-05,0.00071530335,0.0003787834
fa0d2384c45d1928905ff94dbfaf40debf0d4253,0.008672586,0.9853087,0.0019282771,0.0023787802,0.0017116988
fa50fa69d3ae1e883988b98d3b6384362440bf20,0.9002116,0.0023706795,0.092142195,0.003950803,0.0013246463
faa4b306d93fd9e4b1a6303ba9c7752b30afb12b,0.008910208,0.961361,0.0011433641,0.011173177,0.017412363
faa9fcc129f5cc6f215ac5f02cb26eeaf5ae27bb,0.024148254,0.0008409612,0.9740647,0.0006385212,0.00030756491
fad1b1200b49dbbfe413c52b0fa05f68e24ad73c,0.63631344,0.026084868,0.33173087,0.004414913,0.0014558838
fae51efe623604c00002e037903e85e696f42748,0.7835937,0.010418449,0.19677377,0.0071465163,0.0020676043
fb8af0fb2929fd10c1618b398351b3f3f20a2e0b,0.9671492,0.0023009845,0.027275626,0.0026226796,0.0006515627
fbee24aaeb8eb97751d8295e2ebdf1487796e59c,0.017435543,0.98025,0.00011498269,0.0015429652,0.00065653044
fc280ce20d6b5d89f549c0487e855bced7e2b6e8,0.019046515,0.9778544,0.00031918546,0.001896943,0.00088302227
fc31d3ffa3a4852631c65578752d35c6c0d078ca,0.049635306,0.11028217,0.8176712,0.011905114,0.010506227
fc4307ec4ff10f8eee99f8243c2acaa35bbcdfea,0.96524227,0.00026273608,0.0327078,0.0015208267,0.00026635284
fc535d928b58ec844cab4f6a6f9eb7b80e5c70a7,0.98634803,0.0021492157,0.008617327,0.0023102798,0.0005750741
fc7c9c0b93845f43503478592f92767e7434cc7d,0.0019392838,0.9966954,1.645257e-05,0.00093315163,0.00041570418
fc8cea28fb0ed80f8780c06712f4fba1c53c2bdf,0.06522436,0.0016634398,0.9317016,0.0008479442,0.00056265044
fcd6260c1c048340bd64fb57bb8db78e15a4c831,0.009669488,0.9887255,0.00020156767,0.0009311297,0.00047233462
fcd99bf3242a74a46bea2a8716360468d09f7aab,0.012491411,0.9865183,1.1368466e-05,0.00072425266,0.00025473363
fcdd932bc76a2bf31fd4cfeeaa522e9d64aa055a,0.00012043861,0.9990676,2.1175798e-05,0.00040823515,0.00038256627
fd18f4bf1d2de2ee3dcffe3f662e5b86f5870fee,0.0041203178,0.00020533896,0.9954899,0.00013077656,5.367059e-05
fdae06bb3e1e2a55fa58224cddc2994635cc77dd,0.98046875,0.00731613,0.0049672904,0.0060210237,0.0012268341
fdbc31eee97116d2a8c8345d96f9f96f396a44fd,0.2926564,0.014094661,0.6705516,0.016918592,0.0057787905
fe0883f1212cc257918826af706eb607aea73de3,0.0012514315,0.9982666,1.3292675e-05,0.00024428754,0.00022438988
fe5316ca33eda434a08bcd5d34a5a7683f36a6d7,0.014396444,0.98132634,0.0012018079,0.0017606143,0.0013147816
fe57ec17625aac3c9d4ec1069685945a9680bb18,0.008060105,0.9895292,0.00011382613,0.0015682551,0.00072859455
fe6040d0d0a8da5c4d394655fe9a6e02d40ba25b,0.89594764,0.0008169985,0.10101457,0.0019107414,0.00031009762
fe665cee17a0a93d27d4b80cab32f5886694d33e,0.030976333,0.9433932,0.014528951,0.007231087,0.0038705221
feb4b0ae88524c9cee3e50f2301d84a235f3c607,0.91754645,0.010434741,0.06056309,0.00903934,0.0024163306
fecf3f14f47237e02721ed4baa4eb6c11abd239f,0.004715636,0.9922795,0.00033613932,0.0015079438,0.0011607058
feed09e13586d12139cd59bc20996a4d29706606,0.0017542165,0.99728835,2.9693263e-05,0.000595823,0.00033194944
ffc0bca6fde8fa0cce1ac3a7b0d746603d441bf8,0.05930697,0.9368213,0.0003710228,0.002746868,0.000753891
fffdd6f356ed5b8dba21717f60c53f6520e650ab,0.9736961,0.011816279,0.006061745,0.0070317467,0.0013941308
