swahili_id,kitaifa,michezo,biashara,kimataifa,burudani
001dd47ac202d9db6624a5ff734a5e7dddafeaf2,0.97884655,0.0008668217,0.015825443,0.0043043112,0.00015693769
0043d97f7690e9bc02f0ed8bb2b260d1d44bad92,0.004877294,0.9932643,5.623027e-05,0.0006711196,0.0011310708
00579c2307b5c11003d21c40c3ecff5e922c3fd8,0.12464454,0.00036618664,0.8736953,0.0011637389,0.0001303131
00868eeee349e286303706ef0ffd851f39708d37,0.9510837,0.007990914,0.01416212,0.025192836,0.0015704342
00a5cb12d3058dcf2e42f277eee599992db32412,0.8000237,0.002102727,0.18983679,0.0074839913,0.0005528313
00a93e174866089d7f4b59b72645573f963da555,0.0051717414,0.99183524,6.337751e-05,0.0010168855,0.0019128234
00caee8b79f36cc0a5ae4fe86b8abbedeef6c705,0.9767655,0.00837673,0.0036738452,0.010578843,0.0006050331
00e72e69de296484ccacd96e38240844ac61be23,0.007900521,0.9893091,5.2922293e-05,0.0010619351,0.0016755599
018effc3b6ce812c825fb01d244f4b849658ef3c,0.0052315905,0.9930779,3.2221273e-05,0.0006554501,0.0010028639
01996c3787dbce345ac122a8912dc9ab57334e2e,0.009561534,0.9843933,7.905101e-05,0.0021418165,0.0038242654
01a58fd93c05d8febbd10824b162ba00f51a9fcd,0.93841445,0.0016559056,0.04855834,0.010861314,0.0005099787
027063d6cb270ff8b60a4ced0c7d3835628286d5,0.89282143,0.015649537,0.05324306,0.0344919,0.0037941071
02824fb4c78d076c52d71f21f50c7e33fac4a530,0.36691403,0.036347155,0.58804727,0.006641972,0.002049565
02c1bb0911f056f18e04a9e831b405cfa721b62e,0.96965283,0.0029477426,0.014343761,0.012471206,0.0005844264
032bcb8f892f50c0f4698d550e140474cc0a2e25,0.004581235,0.9941135,2.4827463e-05,0.0005070208,0.0007734919
034185c116681f9afdefd8445f0a9896b9673f9d,0.60155493,0.25999197,0.067229465,0.05323485,0.017988853
0355be98526df7da1e8da43c81f012551fd53a74,0.9706443,0.0067940415,0.007842837,0.013943872,0.0007750309
03817b4b8fa61ee0176ac9c5cbf66fec86f2ed3a,0.3187007,0.014920394,0.658417,0.0064046606,0.0015573152
0388b907e596357c5bbee251003dcdf97d679c89,0.91372365,0.0009571455,0.081018426,0.004109212,0.00019144113
0480c08ce9059abe99336f4b39a41f4562150848,0.042413615,0.00023075522,0.9568823,0.00041621475,5.710394e-05
04d7e75611796f3ce8ec460f1eb6bffa9da15676,0.004563667,0.9936919,2.790243e-05,0.0006545757,0.0010619625
050e737c0998f7ba049bc0f02d5a4b64e7f0625e,0.00553023,0.99147546,0.00013152738,0.0009766202,0.0018861651
0516a757aad1d09f893091602ad05505b5e88401,0.25481954,0.00038161207,0.7431279,0.0015390737,0.00013188162
05d499508761de20c4ae1f9fee1e204bd435edd9,0.7136111,0.0012324573,0.28000048,0.004841256,0.00031467204
05ea491371ea5305802da17a93f27ecf8e59bb49,0.00700339,0.99034613,0.00012833421,0.00091461674,0.0016075554
05ee92945a93072bd98b56eaa9917e73584c0d2f,0.95496005,0.0066063856,0.023199722,0.014275497,0.00095826836
060017feb4ec0ef7415dad6cc02e33842dfcfbb2,0.3090817,0.00019637634,0.6897575,0.00091515674,4.926532e-05
0689b40d0a24ac5152e62aad9d112138e7aabe11,0.08087117,0.00020361638,0.9183191,0.00054278126,6.332429e-05
06bc918b17a76ca6f18a3341f7da78d1fd02a326,0.008171973,0.9889154,9.1583825e-05,0.0011388366,0.0016822697
07556b566255f261f362d7b6dd317cf7c8722507,0.69509405,0.0007586116,0.3007131,0.0032252173,0.00020901948
075bbea3663e0db97fcd4a2687ef2d47236dac28,0.8406241,0.030203953,0.09563708,0.02882081,0.004714066
07ad07b3e6307bc93b4abf80011e4630058b665e,0.91179234,0.0013234686,0.07843633,0.008051996,0.0003958281
07e372ce107507e12c04bcc938f1014a190c4912,0.1297544,8.132055e-05,0.8695598,0.0005677936,3.6654037e-05
07e92959da333f858fffbcb3d9598ccfe7d2da34,0.3061573,0.0001785,0.6926364,0.00096873863,5.9093432e-05
07ea328f3b14346960dc9ee5be834753bb1261e7,0.9205076,0.011553583,0.04309412,0.022742642,0.00210201
07ec88b88bba066163e7aa27228b6263ee506390,0.80462986,0.0016828023,0.18668914,0.0065652374,0.0004330243
081412e435970d66e6a60e9406148323605d7171,0.63532543,0.0010951115,0.35918045,0.004124843,0.0002741967
08275ea9ddafd22b968c99f94db32c366a9b94d8,0.0045572175,0.9942275,2.5920493e-05,0.00049824326,0.0006910672
0890a8acfb73d35080feb74458c9792b1d57fe6f,0.81209636,0.001380804,0.17891732,0.007122728,0.00048281808
08df63a437025893af3ef60b87a702ad20dac5a3,0.0047070086,0.9926428,7.5323944e-05,0.0008478439,0.0017269676
0943b6968f97bdcdb50614734e04244199588da6,0.005796687,0.9921406,3.6052057e-05,0.0008038848,0.001222789
09b4ed7da8e5f8780ea8d3123478d6b42be31dfc,0.8315324,0.0010568593,0.16135742,0.0057469015,0.0003063645
09e50d9ada0f258798d3a9ae312d4783589e5fc9,0.043715853,9.934036e-05,0.9559176,0.00024253114,2.4727773e-05
0a0c86c5a3e9253c647297a0fdf9355262620f8b,0.34616736,0.001387344,0.64799017,0.0041015935,0.00035352667
0a223acab39e9b37cc0ec89b241874869c79cef9,0.9444191,0.0103490865,0.016028976,0.027083762,0.0021190348
0a25a12bcfb1bcee66a0fd936b305251082736ef,0.0045332247,0.99431944,2.378818e-05,0.00045949421,0.00066400546
0a6152dbcfdcc0e8f2980179f6319d511d86e258,0.7979127,0.0026770988,0.18933588,0.009235131,0.00083910226
0a8af0671430846c40524d56d374035793d03247,0.004539289,0.9941922,2.4159697e-05,0.00050656596,0.00073776924
0b01e6d23ead0ce43ee3cb719a84694cb634c84b,0.0054695085,0.99263257,3.8396243e-05,0.00074021745,0.0011193665
0b39b6b564a36e71f36a9b2da87e1d8b0edc1926,0.6894461,0.0056917258,0.28965804,0.013814687,0.0013893795
0b47e2144dc890d150c60a32986e2b130fa1e6ce,0.09972306,0.00025703563,0.8992992,0.00064871664,7.193603e-05
0b556c8ed912121e0574b62a5e41d68e771ed380,0.96861345,0.0035483781,0.014675337,0.012488291,0.00067457964
0ba0156e5105e73cdc1c9c6e0b247be99c8b8be7,0.88738626,0.00094604085,0.106501944,0.004942398,0.00022339159
0c272f5d8f6746d7b77b3d8dfff502c55b7b6612,0.9779343,0.0032939357,0.005441399,0.012782029,0.0005483258
0c970a83167a984294a4f45f714cc117adca3b91,0.9757213,0.0026459252,0.011829299,0.00939437,0.0004089482
0cdc764a2cf4f38e3b734dda222498daaae7762b,0.12095907,0.00013700323,0.8781999,0.00064978725,5.4283657e-05
0cfbd5179035e5e22964b1fa9c764337cc816bc4,0.124891005,0.00032697516,0.8737147,0.00096103334,0.000106360814
0d15d685fd32390bac5ba568a7ad5cac59313f78,0.005422129,0.9922362,5.5517645e-05,0.00081742083,0.001468639
0d1637e139b088cf1d9a114ca48a5676abca4161,0.20937592,0.0005281945,0.78863466,0.0013514289,0.000109853994
0d2e3cdfa1c479f93d7d19008616c7331df1d4d1,0.11309452,0.0001911707,0.88608927,0.0005718461,5.329396e-05
0d33de20de638919329d55c90d8eeb6e6c05d8bf,0.09209489,0.00027806096,0.90680623,0.00072831305,9.241394e-05
0d8e8bb5db320bc6c7c048d0bed7b17a4e52fd4c,0.9364262,0.0014840949,0.057010904,0.0048282915,0.00025045106
0da943ec51a642a6c551c33e260fac9702db1261,0.0048007695,0.9925915,5.489049e-05,0.00088071206,0.001672114
0dad250b74ae3fac96a6ea95da3908cff18481e3,0.97872144,0.0033419672,0.006669051,0.010714507,0.0005530712
0dbb48e484af46a1567888ee8cad187011cffe91,0.80204046,0.0017544564,0.18883432,0.0069457893,0.000424939
0dbff8419b10d05274f9ae806c3a80f4182e9533,0.7149985,0.0009617048,0.27836162,0.0053849528,0.0002933034
0dc7aa83d132722c26c404bcc4c3beff84a4f6a9,0.858588,0.10169604,0.0050953887,0.030811766,0.0038088236
0e43e7f0e72fd33f0fbf9cccf323f5075970ebb1,0.24615982,0.00023754971,0.75232506,0.0012016738,7.592544e-05
0e9ac91411adcd07930eec2cb5aca10edbcb5baf,0.9500117,0.010584641,0.015982803,0.021681188,0.0017397475
0ebce7758de01efa31f6cb32923137d89af0eea0,0.010443977,0.9857362,0.00017155331,0.0014504943,0.0021977448
0ecd111de63881bf6a1a5737ab588f514c96c70c,0.9651994,0.0014739704,0.024603806,0.00835877,0.000364045
0eec26a488ff8052197a3b5390b418ac1c12ba6f,0.97100115,0.0057400516,0.0054665087,0.016853455,0.00093886966
0f3cbf200b1576ec06958663630b1fe0296dc147,0.941884,0.014225143,0.023962626,0.018256528,0.0016717947
0f549457628a1f540d3d5940ac5d21ba5f258533,0.40654883,0.0010397228,0.5892189,0.0029445905,0.00024792235
0f5bf82dcbb81f6291a8dc85ed6e306e15a1cbea,0.1921923,0.0003112108,0.8060052,0.0013731265,0.00011812229
0f5c284178765d0a6d07ce07bf4fe33f92e06202,0.88265914,0.0012012103,0.110047035,0.0057756,0.0003170482
105b495562a154cbbcadcffad1064e8118242c74,0.0039844243,0.9946713,3.2526088e-05,0.00049555354,0.0008162322
107dd7197b90fdfbe1a98b86dadfa8bfac9bfedf,0.09410356,0.00016063012,0.9051202,0.0005584684,5.705114e-05
10b03eaffdc3304770628c87bda11e0267eed7eb,0.0056730006,0.99205714,5.8513342e-05,0.0008156786,0.0013956699
11066cccc8556d9216650f0e9b8a11bea7bda395,0.9762023,0.0012801166,0.016430449,0.0058530956,0.00023403896
1146d6b4b5f38d1e47599fc43dc2416ab09a9c6b,0.9384511,0.033850886,0.0056736483,0.020144315,0.0018801285
115f11eb5f7d4ec8c9ed994f7a613024d7495529,0.018383935,4.8936403e-05,0.9814355,0.00011557233,1.6011929e-05
1166f416e9abde5e66f0073ad84fab41e55d2f5f,0.090163924,0.00024981302,0.9088465,0.000675095,6.466048e-05
117475559a39a6e0c91bc8146d3af16441445958,0.82780266,0.004202047,0.14870702,0.017639523,0.0016487623
11cfaf6f1cb4d9e912f67fc7bba2dd20617a54e5,0.6929631,0.18687312,0.06126419,0.046244632,0.012654933
11ebf20c51938edb9f0bb485fdcb764dec79b720,0.3044208,0.002906774,0.6866932,0.005141559,0.00083769875
11f2336ac02a445727c4c70267c96c26165e5160,0.0056020045,0.99264246,3.8697777e-05,0.0006693908,0.0010474584
12bfbc98cc72f5b4325559a389d68642841bb352,0.91821665,0.001276738,0.072272316,0.00782861,0.00040568595
12d9b3e67591a19adb213cc10fce955b95975b59,0.006235696,0.9909356,9.5800155e-05,0.00093048107,0.0018023282
12e3516097ebeb561a648ed3b80c84831b2373d5,0.09545584,0.00012108552,0.90389264,0.0004912179,3.9157454e-05
1317a6c2be8b08e66c44be5fb0fa0abd95dc1122,0.20391546,0.00033802402,0.79399765,0.0016316315,0.000117275194
13299c54cb74ce4c8714de5e4a9bccbb9a556f96,0.004663717,0.99389267,2.260064e-05,0.00057328143,0.0008476688
13451413c35a1bcc624706c98bcb353fd910f62a,0.006312342,0.9909451,6.766828e-05,0.0009924379,0.0016824334
141df8d7c9720327fef3166a4946149d4597520a,0.2861087,0.0016651038,0.7081258,0.0036298246,0.0004705823
144800063ce42c96dfa9cdddd36d622159cef6fa,0.89121735,0.0019648203,0.09989421,0.0065887375,0.00033483063
145d0710b6bb3db5a6f1bb4781468967ab8f363b,0.9543407,0.003957724,0.030842442,0.010320841,0.00053824147
1490e2b0c8e2ce49cc21aedb335c55c4b8df719a,0.539269,0.00091512763,0.45499784,0.004451938,0.00036615174
14fcb47517af5bcf9fefb157fcef1ba616a7c081,0.96968824,0.0015129842,0.021920534,0.0065946053,0.0002837266
1531d5b6c12ec1d135669ae9484671aea15423d6,0.20262621,0.00059878314,0.7936141,0.002935823,0.00022506379
15881754e95674ca3089e2c229cf14ca385993e1,0.005978723,0.9893951,0.000270893,0.0014042123,0.0029510243
158cc5c81fe5b29eacb35b95b6e0e56d09d8e758,0.0045415964,0.99324167,3.995027e-05,0.00079307414,0.0013837569
159224fc313fc2d9b3ef32df8c20c53fb98725a2,0.96399474,0.0018645858,0.027054237,0.0067474977,0.00033890374
15b073c6c1159056affcb7b1d5fd094d2fa178d5,0.0051503316,0.99256414,5.5427623e-05,0.0008152988,0.0014149143
15e01f45d706c15014d706a000efc2548eb33980,0.3018451,0.0013260167,0.69363445,0.0028347257,0.0003596917
15e5a9271c80e1c7161e468adfb58a694c737ae8,0.088426806,0.00018457492,0.91069347,0.0006293062,6.5812215e-05
1641eb85255f102592a85d3cba2cb9cacb8b4051,0.004590832,0.99328184,4.809715e-05,0.0007214267,0.0013577103
167e0483268b98bf5fe1a5aad41cd95eac382f0f,0.44044974,0.00084860896,0.5556942,0.0028373615,0.0001700643
16a0e237108278566224aab63145df19b683c705,0.15413095,0.00017186851,0.844694,0.0009363995,6.678091e-05
16a56f26b6f696151809e0cb26b75093ec47a58d,0.0049890475,0.9929716,7.418072e-05,0.0006895205,0.001275675
16b770f6de7ce9481b84051fc4e124b792695910,0.75750583,0.0010268702,0.23743051,0.0038004115,0.00023639895
17aafba88458bfd29ddf9b7cbd159c191f7a1118,0.96586144,0.005534,0.016126938,0.011767076,0.0007104737
17dd7effc40752af58e35c37c5895d4ba5d84269,0.0058045546,0.99058074,7.242917e-05,0.0011908396,0.0023515588
18595209cee4049feb8c24a6fd25aafd9d0d755c,0.02195024,0.96768904,0.00045779254,0.0045786086,0.005324262
18a3d479d214f7c41b65ecd6abfbea8e124d5ea6,0.00831081,0.9867459,0.00011044432,0.001785966,0.003046944
18bbb303cb556aa3dd69b6705893649b194b875f,0.15528457,0.0005869207,0.842746,0.0012620778,0.000120410325
18fdf5f0583fe8b0cd324b2324e235a7cadc9143,0.0062388154,0.9909473,4.326544e-05,0.0010304638,0.0017400866
197baa2e7a1a9b5e091c5dda305922b912b5f000,0.035033442,9.8690434e-05,0.9646186,0.00021852709,3.0692532e-05
19f510e2874c0b863f7b753a1fd624e1cf7f65a7,0.9356021,0.0020667058,0.049031354,0.01261691,0.00068285974
1a17c80adddd2c806c7c006c1c6664551f639945,0.97988003,0.002077531,0.0065478017,0.011058255,0.0004363255
1a2945de7db7d664a6a47aa9d4ca66f32f70b007,0.71502787,0.0030208088,0.26901913,0.011959204,0.000973081
1a434697e5ed37622d6e242b2661e1b5f15fa4bf,0.97349584,0.0029163905,0.01672132,0.0064956187,0.00037077742
1a4ea72aade16ffb2a8a5482d687c49f28e5748e,0.9332208,0.0044763056,0.042709157,0.018328663,0.0012650684
1a8feb5bc2c7f920cc90e2d48e1aa165756d8e40,0.9613104,0.0018234298,0.026612561,0.009809354,0.00044424008
1ae7db637de02c1433a216bff407f1e00b7746ed,0.36611357,0.00019935235,0.6325875,0.0010404594,5.915908e-05
1af7c0ced692824637718b5bc494b3f369c27ae9,0.06504301,0.00032888056,0.9336589,0.00085305126,0.00011612637
1b1dc07761bcf39e979dfb1718967a78d0aee790,0.44574168,0.0009655803,0.5493435,0.0036369518,0.0003122559
1b50390e6648cebfec8fe3a6aef61a0b066febf9,0.9797151,0.0021896597,0.01117444,0.0066335807,0.00028722087
1b5736b3ac4f1db6c28a7818835cdf7a9574658a,0.10583585,0.00036386866,0.8922311,0.0013921295,0.0001769894
1b5e71255db35337b4ed41409ad2a02e2631eb7f,0.7056613,0.0014961354,0.2873491,0.005126026,0.00036736054
1b9efa38da384b10eaa53d56a07a9094febd5c6c,0.9444581,0.0024201134,0.04170989,0.010851494,0.00056041585
1bc2142fc267f7d22be3b03f1d8b96791148b0cb,0.0035709597,0.9949746,3.116759e-05,0.00051193975,0.0009112953
1bc5f88ecb46e60f0f63bef176307d245171062e,0.0041166623,0.99412113,4.3488868e-05,0.0006743275,0.0010444189
1c3ece194677524c78a9f91716667bce5fb9b7eb,0.21175015,0.00035169758,0.7867472,0.0010540844,9.690288e-05
1c626c21d45834c3cee43ec7ec17c73629afce5f,0.970747,0.0049036504,0.0075579276,0.015860125,0.0009313195
1c73a9479849e76c9269bf9f1542e264493cd91b,0.18998021,0.001377351,0.8069074,0.0015245886,0.00021040013
1c7e51812e18ca91b75484915554483ce2a55119,0.9291215,0.005950399,0.045898255,0.017480658,0.0015492254
1c9268524736398ee3e60880113cc4d92f934989,0.94533867,0.013804308,0.020936303,0.01843117,0.0014894668
1ca667458b92c09852f3e4a2d3be77fd0064c069,0.014996716,0.97853243,0.0006541013,0.0021073453,0.003709357
1cb82db6885a902029c17c04ae7511653a1d23b9,0.005808533,0.99053395,9.841591e-05,0.0012048198,0.0023543201
1cca7897a49ff7f29aafea06ccafc2ab7f050d9e,0.003298024,0.9950531,3.518259e-05,0.0005476676,0.0010660166
1d21046991eae6f767d0af4f3e2df0c41d57376d,0.10241637,0.00012493797,0.8969216,0.0004941393,4.3009077e-05
1d3892ce2970b5f0ab94bd5d6df178022b82fb75,0.73090196,0.0005870333,0.2657512,0.002636044,0.00012377196
1d3b44ab1c7acfdf3850e0f32c81ac0733875299,0.003916715,0.9946219,2.870275e-05,0.00052800315,0.00090476614
1d7c293d74195e673ba22ac413866beec98ca7ba,0.006854616,0.990842,4.7512738e-05,0.00087402354,0.0013817624
1db409415257ad5afb7d1a4301b5bdd7e4b23a4f,0.004846413,0.9932603,3.099259e-05,0.0007088408,0.0011533744
1deae0ba27a1dff11ac59bca2da59863dcc89401,0.0059422445,0.9920393,3.6331105e-05,0.00078135816,0.0012007734
1e5f02f3348efc9deda3149c6dcb24262b68e0bc,0.026138492,0.9684663,0.00036527717,0.0025604083,0.0024695452
1e6b54269bbced15cb129fd99873927aab30fd92,0.40568903,0.0002613044,0.5925844,0.0013852761,8.0005244e-05
1f306e0c91d64cf18674974f3520900b53ae60d0,0.003198848,0.9957671,2.4675232e-05,0.0003658008,0.00064356974
1f8ae4a40785fe5619988e033a6bdd897823827d,0.6883184,0.0017603302,0.30484343,0.004738572,0.00033926193
1f91a15048e3ee430b307e0d25298ccb4d778c78,0.006645119,0.9915344,7.306752e-05,0.0007173498,0.0010300679
1f93a643487d5fc6008d958f25d7ee0ff54a7d11,0.46336547,0.0003395161,0.53437304,0.001810484,0.00011152403
1fa318e91639e14ded7d95319fe5e497b89c1c6b,0.8379234,0.0012305845,0.1530449,0.007370815,0.00043029163
1fec12dabcfdbf1509bf3c4a94af4f3be401a957,0.97147346,0.005275079,0.009971313,0.01255578,0.00072443887
20514b3a900e6865ddbee4dc7f3ac9a494c3982e,0.9052176,0.060630992,0.011722331,0.01963121,0.0027979263
20db7329999438154327e166b1e270010149814a,0.0404368,0.94492686,0.004266172,0.004241248,0.0061289384
2186342b9a2ac3d8370cd188deeb4460adc17368,0.0050780503,0.9925903,4.5594727e-05,0.0008233215,0.0014627211
219c4fdda89354527ee17ad814be82a051c69f85,0.109553315,0.0003480038,0.889057,0.00092225603,0.00011956427
21d98fb6b5204400522e33450b68f43377298c45,0.15393221,0.0001233914,0.8452541,0.0006490551,4.1169806e-05
22133cda28691ae1c52d81796c20644a27ad65b5,0.5594734,0.0011564505,0.43401963,0.0049794344,0.00037107043
2232f3e8f9147b183adc5e5922031ada4617fe49,0.97091156,0.005334173,0.011532048,0.011498312,0.0007240199
22650528be024b0ae698b5211306bc3732636d13,0.28508604,0.00090559584,0.7097412,0.0038501166,0.00041704852
2271fe2c21330c061b949ee2ef4e519280852b13,0.7521538,0.011612039,0.22495706,0.010059201,0.0012179385
228a29757133e396c6f0962ee01ecd920542a044,0.9422585,0.014314427,0.012130715,0.028495453,0.0028008425
229d4fe6fec882e0612a7ceeda6ac8204de18c82,0.97833323,0.0021151623,0.010624316,0.008572382,0.0003548626
22a7967c345454212d50c6f8b35414ca1947cfed,0.923216,0.01127502,0.04980849,0.014336721,0.0013638138
22aa78381e31b43c9ae7f2a931d04e5fe3a9e2e1,0.005648988,0.9922086,7.829025e-05,0.0008055117,0.0012586145
22c65d35241b8783cbb04b57e5d8bbf67b18466d,0.006999241,0.9902428,4.69308e-05,0.0010582764,0.0016527529
22d51c0b65218f37924043f86cad2836c06750f4,0.76471895,0.00085439073,0.22916223,0.005048042,0.00021644615
22d605a5ecf7c468fa8ca8482cb4295a0c6622f0,0.98082674,0.0019959703,0.009947601,0.00692592,0.0003037099
22da997d2d5a443d57cc82b9c0b996d4444012aa,0.004271983,0.99404776,7.646891e-05,0.0005579052,0.0010458727
2331aed1ec908a42e14752a12d2ff6db43352185,0.1801437,0.00022940627,0.8184618,0.0010690835,9.600504e-05
23432f8e81eae4e9d012a18339e19ab9076f72b2,0.53698003,0.00080731686,0.45840716,0.0035759904,0.00022950018
234503eb2811a7bd940e16cb63e858165b824b02,0.0056406185,0.9926756,4.2089563e-05,0.0006412585,0.0010005018
2389fbac7e9352ec0de7cc8775f2efc4b4cf6b5a,0.0033818958,0.9957488,1.6372864e-05,0.0003409576,0.00051208795
2396eedfb4b784c10e02b5ff30b30a67b2b43c8b,0.66289026,0.0014729019,0.33072823,0.004563518,0.00034509436
241de8bd14a3c5059ba72e47c9c7d81256740add,0.28550735,0.00011530374,0.71357197,0.0007682031,3.714233e-05
24951db6a078339cfc92582044799ca6e960669f,0.003059362,0.99561703,2.9643501e-05,0.0004360337,0.00085789117
251bd51aa700823c7d36d58b331cdc110a1701f6,0.20966747,0.00029670287,0.78819185,0.00169412,0.0001497755
25222836d355cefbeb28dce0331b511c5504d970,0.9551289,0.0018187955,0.034076035,0.008538294,0.00043794862
25310ef53a4af995ebd5cd6ebf505eb496bd1f82,0.97709286,0.002019684,0.009967966,0.010461653,0.00045774918
258ac68db6c7767d8e8ba2c49921e2c329aa0f88,0.0047480557,0.99326444,4.5447814e-05,0.00067770574,0.0012642677
25c7ddcde232773eeb3487aa8e6cf929750416b8,0.9721167,0.0041029346,0.01218646,0.011044548,0.00054933893
260a4acadfa1c8e2a5b405b858b556fb841b39c2,0.93997407,0.0051692487,0.039206807,0.014568478,0.0010814191
26498a5987dbab32e9e3841a04434d9d6216f7e1,0.025999594,5.788246e-05,0.973724,0.00018831235,3.0146555e-05
264fa2dc9c98b37c6db6f1f7c8b7f54fce27c993,0.98068124,0.002932184,0.0059783813,0.009985053,0.00042324694
267db0653386b9e84e4130fd216b57a77289b54d,0.005022784,0.9928758,6.125231e-05,0.0007375123,0.0013026167
2682e0c1a27de26e0649f196994225173d6323ba,0.9627383,0.010310476,0.0059526954,0.019683229,0.0013153179
2683a7feb3b17d27344244cb210cd148d35223f0,0.008913532,0.98621005,0.00056167395,0.0014328848,0.0028818145
268b71f045246efde4ea467a4ccfcea2c2804b51,0.026930531,4.646555e-05,0.97279626,0.00020342018,2.3273258e-05
2691ac6f3a6e113168f145237d836b60df881924,0.42294425,0.0016851419,0.57136124,0.003644919,0.0003644375
26b702a06ae1e864430330d015aaaa35f21d4eeb,0.97022444,0.0033848998,0.01721724,0.008656315,0.0005170675
26bf62e344aaec65d875ad14fd562aa40b49408f,0.36167565,0.00048552066,0.6360015,0.0017246854,0.000112649854
271825ae352bcae7618044ca2b5719b6f67c6e07,0.005572558,0.99274254,5.821168e-05,0.0006270581,0.0009995926
27234421a1cc225bbf6d4795f3488dfdf1d2a1c4,0.5500069,0.0014287584,0.44367266,0.004496459,0.00039520513
27559809240c440f0b528fbc1af7e5cbe1b8fea0,0.0071196957,0.98924994,0.00013200335,0.0012138801,0.0022844977
2799426ff8c1dda3701fbc7dcbb624bdb230cae3,0.007633351,0.9866775,0.00013530983,0.002087861,0.003465913
27ec30c7c2416334df93fd818a58e3d9554913b5,0.104407586,9.373135e-05,0.894925,0.00053206243,4.1593037e-05
27fab48d0e16964ff46d6c5b904ebdf9e81e8747,0.88456213,0.005137956,0.09581665,0.013576427,0.00090690306
2851c1456c5a6737c8594631348781c2ebfa30cb,0.41287738,0.0012129707,0.5811143,0.004402335,0.00039302555
28667773b1bcb3baf526df79f8f3296c0d4c9674,0.003938801,0.9934163,5.3663513e-05,0.0008080689,0.0017831757
28a78ac3fea8a67371457536a90b0e9567273865,0.9741056,0.0026082206,0.012549905,0.010250439,0.00048578173
28dc3ee972f8779bb4b14107db268c8409f50219,0.005292223,0.9923988,4.3668646e-05,0.00080645323,0.0014588728
28e36096ebda6cb2169943384d6c1fa8180fd9c0,0.97709787,0.0025184646,0.008704878,0.011169103,0.00050966226
290c85dac0aae4c60fc1f957f7b17b380e049c23,0.0055501023,0.9916431,0.000112081674,0.0008989785,0.0017957062
2949d2d118a3240ba3c654d7c7e93169307176b3,0.0051203896,0.9930774,3.363594e-05,0.0006815599,0.0010870046
2957893c8d9481ae20b144a940ea8a293d90d18d,0.0058996947,0.9907238,0.00010295747,0.0011036592,0.0021698466
29a252032b84ce882412cf07189c50cb15514eeb,0.9535971,0.0059773396,0.021896252,0.017406145,0.0011231089
29b49407d4bf17d71f7bd1d4f4e47c4a899a28ed,0.5211037,0.0005971808,0.4753979,0.0027291656,0.0001721006
29c81c827ac7170ca7898afd9b27347ff592bdfc,0.95378494,0.0076990905,0.018442124,0.018805863,0.0012679372
29e5ea1ed4816d8687114bbb13162d9a074e7eb8,0.006012728,0.9916272,5.367159e-05,0.00090248266,0.0014039485
29f93cb4ecd517363279aecef84e97875d5545a6,0.9792523,0.004619765,0.0041736104,0.011386673,0.0005676015
2a84a5008e52e2a6656bb548d835335011aaaf74,0.0051629255,0.9930496,2.8882141e-05,0.0006683587,0.0010901632
2a9af38c7e7210b6ba6c72cf5864052629eb3b6f,0.6790244,0.0042645843,0.30606028,0.009742683,0.00090798223
2ab0ef31dad96da6e0da678339f3f4f045ac1076,0.94553834,0.002539158,0.04293612,0.0084815,0.0005048965
2ac85346f12429c41daf50490f042007dcd08c83,0.028590681,0.9591239,0.0027632595,0.0038854203,0.005636716
2ad94bd023bc1acacfed6a3352a100906678b109,0.8560487,0.012354817,0.12099925,0.009575075,0.0010220993
2b48e2cac369ea2abb17921a610162bd33f74d68,0.9490109,0.0071753724,0.013696482,0.028193552,0.0019236961
2b95c79271040f8a030d774286ad44053ee16b9d,0.39153194,0.0015328033,0.6005233,0.005841508,0.00057053374
2bba32730836833faaeb1a263ed29ab4df5735a5,0.93613446,0.026987461,0.013133386,0.021255227,0.0024894744
2bd8ed9333cd7b9864725f1742a689df365ad51c,0.68453574,0.00067625765,0.3115723,0.0030307767,0.00018487856
2be0d207f3a86e11d08edc1188508e1af1d63fb0,0.01581889,0.9743887,0.0002867774,0.0035887589,0.0059168627
2c498e330e035ae446ecde1a08bbf4f9598ea178,0.396901,0.0005094028,0.60049206,0.0019603835,0.00013710391
2c6451ee38d8ba82c2d43d23ada828a269ca4116,0.0061952253,0.9922259,2.5767455e-05,0.00066976366,0.00088340195
2c966c3f4143d9c68580bf1c3d404a59137ae609,0.006491075,0.9910336,9.12438e-05,0.0009072427,0.0014769208
2cada7f16de01df9295a1b644efe5c619ac8a2b2,0.05435033,0.00018704159,0.9447491,0.00063151884,8.203224e-05
2cae18f86c326b0eb16f03b0aa9c75818a977448,0.15131044,0.00027333078,0.847245,0.0010810441,9.013492e-05
2cc876deb0920ade25c16884bb57a0aa8359c43a,0.004720227,0.9937308,2.4337884e-05,0.0006024583,0.00092223467
2d2fe22b39e39e7bb306d5e84dc9f9c4d470114e,0.004846502,0.99327856,3.9332364e-05,0.0006691659,0.0011664219
2d9c99c1154e7e7bce3b3f191f4d828672ea27a6,0.17201531,0.0001798382,0.8270755,0.0006734205,5.5929322e-05
2dff481ee72ac1bcde6262b26c372a9e8b7c7497,0.9408503,0.0009646128,0.052512005,0.0054595694,0.00021355924
2e543d501ac8b6dd450fef9425cae55ff7b50a73,0.45069993,0.0011063166,0.5447107,0.0031516026,0.00033152834
2ea80316710f886c245ae2e2d45915567e548c7c,0.44032738,0.0010133886,0.5544559,0.0038544845,0.00034885234
2ebfaa78df27a0a64d26bf6772757307c9ff975a,0.1445149,0.00013703006,0.8546793,0.0006262387,4.2616077e-05
2ed11ec456a062d53dba7f7a9d57534d12acdb95,0.95812845,0.007062687,0.016622923,0.017146405,0.0010395729
2ef825bd7e0591e0e7cb78dae66ce5a2b6c40f5d,0.15031576,0.00019030318,0.84827673,0.0011320909,8.510885e-05
2f011c8fb460b9dd5e28275c0362745a010f4ca8,0.9633313,0.001634752,0.026344942,0.008257485,0.00043147744
2f508eb79e87d75611f3ddba309163ce9d0835c8,0.0053222594,0.99220055,5.1948802e-05,0.00089597714,0.0015293267
2f79ff4c3493a02edea1636bcfcf555b1bf7d64f,0.9244342,0.0012146018,0.067227885,0.006807664,0.0003156125
2f85f84d5136cdf6e1ede869b0015b7bfea6b800,0.0044787256,0.9939454,2.7692353e-05,0.0005955681,0.0009526449
2fb671633b2e8316879cf56b830a57c8b33983fe,0.964348,0.004277991,0.012890761,0.017388817,0.0010943956
2fbe2ccec11883bffc4a999febefd5f09b871424,0.003985549,0.9939809,5.0935847e-05,0.00067094824,0.0013117301
302994572385583073738f971152dc77783b528d,0.9449473,0.022677945,0.009900006,0.020532882,0.0019418267
30bdb11d5166101e7dbb5634d71c2575b6e5f54e,0.97692025,0.002035165,0.013724002,0.0069830585,0.00033746343
313225e9af2ad60d37829216caf4bce04f23ea92,0.0060586147,0.9914192,0.00011140172,0.00089091074,0.0015199366
31964043423a074f2a221988df0c76b5e6b8f5b2,0.0042687403,0.99377835,4.0285362e-05,0.00066559116,0.0012471365
31c938d5ecab1bf0f1c4e8082776f0361a50f27d,0.06240522,9.3639384e-05,0.9369531,0.0005032523,4.4753506e-05
31f73e02023dfa2d1e29e8ff41fd9b18c79878c7,0.005317552,0.9922916,6.842519e-05,0.0008327758,0.0014896663
326da275051ca238a24ffeaf166b24c00be6216f,0.31782553,0.0001896973,0.6807678,0.0011620369,5.498984e-05
32f27dc369df8e68abab72fede10e6a6ed9ffbfc,0.11703863,0.00020252925,0.8818617,0.00081841426,7.869438e-05
33892ecb8c7c790fcbc2105f390c491c08963ea2,0.9703143,0.006040692,0.0056470637,0.017022384,0.00097557943
33a7bd491294f9bd4db119b53c5ad00ed70bc6c2,0.87661284,0.0020693557,0.11254251,0.008208474,0.00056683633
33b2fcf2f8546fae425948d41785c784da14d6f9,0.6192186,0.003919477,0.3643755,0.011253124,0.0012333184
33c00e4613dc29cfd313ec0b072111e354130d9a,0.31575173,0.00045209096,0.6816304,0.002018232,0.00014763496
33c58ca9d55b9898c0c1d86a2321bf4da5e1f0c3,0.71091974,0.0007203834,0.2838911,0.004281292,0.00018755655
33c989d20b0b8cda8a03f2f35a54c9f20d4358ed,0.18868846,0.00068988465,0.8084957,0.001901116,0.00022484935
33e428a439707970edb08701626948e828fdcdd5,0.31430358,0.00039481884,0.6838257,0.0013780531,9.789503e-05
342f45fb99ca21761635a2554f6874290379264f,0.018537583,0.9686031,0.00038965073,0.0047515556,0.0077181873
34c01b50cfbf61b078e8b418bbdca0a04a3748df,0.93903023,0.0012929897,0.05210423,0.0072896043,0.0002829248
34c47b3aa1a1f73b6c8b2ef6ea2c5b9dc18feca9,0.9781319,0.0026916026,0.0067898557,0.011864316,0.0005223007
3503923351a4e5b9f1526ebe2bb91828008c7ba0,0.004920536,0.9928169,4.5161938e-05,0.0008020796,0.0014152747
3515161f7bd3c88c82fc4880721c119c8b65b6a2,0.011845793,0.9799486,0.00027041096,0.0028205002,0.005114753
352512f17d97d8c2ec89b553c49d9b66b73cfd29,0.22181582,0.00036341313,0.7757269,0.0019228349,0.00017099493
353f1104abb19365f64a32a062aee01bb7b736ef,0.37829942,0.00054910243,0.6188565,0.0021255813,0.00016944081
35cc4d648238374926f5b1c5dba18f64a62aa3f7,0.0048656673,0.99283373,4.498663e-05,0.000824328,0.0014312826
35dcca283f314298e197346f79866e31c4c9a806,0.004646207,0.99355125,3.325993e-05,0.0006602607,0.0011089727
35df43cc777af342d62d49720a39d7cc544672db,0.9666982,0.0059075435,0.011309513,0.015133396,0.0009512849
35f111d0e97cc60de6b2295b0dbb3bd3c185cce6,0.0047303108,0.9929403,5.523246e-05,0.00081163505,0.0014625227
360dacf49e0f34b5d7ca48bbab59ed497f667a1f,0.007488255,0.9891844,0.00037236346,0.0009361217,0.002018884
3616b750238fde10f0af92b39f8642ed04f4292d,0.052587677,0.00011822397,0.94681793,0.00042574087,5.04518e-05
361806eaeeb8e109ee70a5a7682afb4c62db6a6b,0.0062851557,0.991991,2.699767e-05,0.0007120951,0.0009847918
3667780549f63698b6bcda210f734afe6f00b6f5,0.17041993,0.00025028078,0.82744586,0.0017715577,0.000112370566
368581ce89aa3d42dd5da5b819eaed2a7518d5f8,0.27350497,0.00097112,0.72341,0.0018976509,0.0002162634
368e350eda45f3d79eee691af6eec3b5ac67734d,0.87594754,0.0008772671,0.118546605,0.004403226,0.00022530083
36a25b2cd071cd97e370fe277ecc4ac8143298ec,0.005163603,0.9922106,9.7815326e-05,0.0008516229,0.0016763766
372a5ed3b413fac23455e6f6c7b06707653d3d73,0.20837347,0.00040382982,0.7894711,0.0016191642,0.00013239092
376e988ff1fcf958808647649e2cdf3d01ea4602,0.1121208,0.00014056801,0.8870809,0.00060584786,5.1914478e-05
379e9ff20a7faf7614ccfbcc1157a2ba9c1649df,0.036313344,4.995255e-05,0.96343565,0.00018129688,1.9792284e-05
3885298536c50c15602b994f492a3160010dee2f,0.006180868,0.9913776,4.1463747e-05,0.0009455555,0.001454528
38dc25352f81252d7e3e6510f383867dfac5c1c2,0.33007884,0.00031420813,0.66808116,0.0014303586,9.545447e-05
396d208d43ce393a6dccab5756f7277841766af2,0.24622308,0.00018833306,0.7525184,0.0010062574,6.382728e-05
3970b66161631251dbe027dd83cece64dd0de64f,0.9722571,0.0019862747,0.016115261,0.009233905,0.00040749626
398a4144007d77ecf3ec1c1deebee3b6f4cea7e1,0.97926426,0.0025788625,0.0068812044,0.01078345,0.00049218454
399d32183389be62b9e3e781c566f30a35c0aef7,0.004651708,0.99375665,2.6835252e-05,0.0005896683,0.000975051
3a1253a00f5dd488cf15f8679bab5ef457a3a969,0.09146293,0.00019735759,0.90764713,0.00062720105,6.5336346e-05
3a3f9fbb047cfee35b1f0fd80ccef2c4f6fd1867,0.0046465024,0.9931292,5.4813063e-05,0.0007784065,0.0013910517
3a4658180642cbe2761195b9b7780b1fc18b0766,0.006051559,0.9907482,6.0056045e-05,0.001102609,0.0020374374
3a5d3d3191b1a854703715c46186fb9122eef2d2,0.111158535,0.00011045963,0.8880982,0.0005878813,4.4979763e-05
3a6f248cd6c1eac31bf2c6ca7d6686f08a259b94,0.91321564,0.015758844,0.04438059,0.023935687,0.0027092164
3adef46c0ad4a98d53de3f6bcff7507e9adaa103,0.00578407,0.9914322,8.278781e-05,0.0009558203,0.0017451934
3b0a48a292ee2314e553b3ae0e9fcfe5acd82924,0.68660575,0.0016919825,0.30467945,0.0065753176,0.00044745594
3b2fba8eab2d0c87c14342ab93f9593833a58ccd,0.20335957,0.00080708915,0.7933813,0.0022415402,0.00021054178
3b4fe73c7a6f4cd4809eadcc3a8ddd5c26a7b329,0.0053649875,0.99141407,8.198177e-05,0.0010174469,0.0021215768
3b66c5b3641287eb6bcfdfaf1432db339d636699,0.0060382932,0.99147683,5.9632508e-05,0.0009192448,0.0015059885
3b99fb4e5cdd412fd4a195cc34cbdb68f95023d3,0.005916031,0.9920129,4.2308642e-05,0.0007905475,0.0012382524
3baaafacbb8a56cdbf2f0606aae30356237e7a36,0.22206797,0.00058366806,0.7750933,0.002077382,0.00017766138
3bb07573a736eb7a159fc4266b7cfab3e2caa588,0.92391056,0.043465808,0.009040027,0.020906102,0.0026774511
3bed99a322bab956e678483c2ed0338635bae020,0.12690142,0.0001542038,0.87231,0.00058537896,4.9094346e-05
3c194dad83f96a132dc193cb478b44cb3461480d,0.7255478,0.2155213,0.0049366774,0.04523642,0.008757712
3c2d132307838479da9a7ea2aeaf7b49bb1f0e98,0.12406322,0.8569748,0.002440201,0.010308805,0.006213042
3c2fbf3e89cf8927e65c8c95dc1f965f97088d1c,0.004512043,0.9940322,2.6220883e-05,0.00057392207,0.00085568964
3c49e11299417669bb889f53ee69a9eac81f3c00,0.0076964544,0.98950523,9.510299e-05,0.0010788719,0.0016243304
3c63bba60c34b790de86d559d5c64bf24983e7d8,0.0052425526,0.9927321,6.01763e-05,0.00073812605,0.0012271078
3c9fe40cd16d06c217583aa70ff91ff98449a19b,0.11384216,0.00022322788,0.8850058,0.00085405033,7.477198e-05
3d1d32fa2c804524e6be92202fcb61c9c6f6e6bb,0.15167321,7.475747e-05,0.84761906,0.0005996106,3.3303262e-05
3d27f4b78d09d18c7fdab658245b1acfcdbb1ce2,0.010076831,0.98655903,0.00018747005,0.0012600322,0.0019166346
3d7646aa97f7a6fd4d5d7962fe039ea0267ce82e,0.95018214,0.016217599,0.0035495113,0.028086565,0.0019640587
3d7b8c6d5faa987683984b2e13370fac13d99bce,0.0083744675,0.98897773,7.049903e-05,0.0010751423,0.0015021925
3d7eb9ce8727645ee4ec20bef250e766d937bc33,0.00394062,0.9943605,3.543385e-05,0.00059814873,0.0010652746
3d968ff12649d5fadfc7bb51a998e81141b6af67,0.004928286,0.9929253,0.000105427134,0.0006969349,0.0013440332
3dca37fb5b222754452768c19679c0a1e6350aa8,0.9826748,0.0030314112,0.0053437236,0.008541332,0.00040865742
3e2708a682dc263246f9339ad8336ecb8ebab0a1,0.0061416677,0.9913629,4.9528047e-05,0.0008952208,0.0015505838
3e4a810a0d73e508de6c53ecdfcc3db19b6defc7,0.13233376,0.0001928345,0.8663018,0.0010671745,0.000104433566
3e75e226e7455e797ba49e7a71bdfda5584c345d,0.9171853,0.0030772735,0.06932392,0.009693978,0.0007195847
3edc14fd83dd2a5a168cb887b108488e39d07676,0.6578535,0.0023541262,0.3282153,0.010685258,0.00089178217
3efab5e77da8308ee9d10d8377599e04f4541b65,0.9592401,0.010861065,0.009678916,0.01890419,0.001315668
3f21caf8ed997cfa7908f309bbc09978d7fa138f,0.15203,0.00035958772,0.8463007,0.0011906133,0.00011904356
3f991b7a289f5c96810a62e767d9e8e4a8506c89,0.7258578,0.22552,0.007612083,0.033668187,0.007341948
3fb4a05a1d41f82013c9b5bb2162253d7ddb8041,0.6914279,0.0017613888,0.30029777,0.0060762265,0.00043673502
3fd93c73799d370d5fdd697bf21bb51a46ffc60f,0.9505005,0.0025375714,0.032306705,0.013940813,0.00071435823
3ff07631c53fb574981f8a8566ad1df74e9b38fe,0.54677033,0.00021360484,0.45152128,0.0014286975,6.617169e-05
406e2d7535778e94393ce2e5d838c09362780035,0.0042044716,0.993745,4.321844e-05,0.0006920822,0.0013152664
40aa2348315c7f16368b4f6a53455fe9be5af037,0.0536405,0.9219977,0.0016079824,0.01209808,0.010655684
40e0e34c64479a19963ba2b3a4ca66ad2fce2a0d,0.04187509,8.316003e-05,0.9577377,0.00027213918,3.193605e-05
4139d0cd9dd188d32c4bd09f1f615c9f8f074a78,0.6148041,0.001509137,0.37655693,0.0065746265,0.0005551805
419f3484c1d4d86a847a90dd8b750219233fc02e,0.9776849,0.00631669,0.004134503,0.011288242,0.00057561713
420d57cb8b69cb097e553a18b2ae5496b90fe177,0.97857153,0.0027139322,0.007611411,0.010611348,0.0004918364
425fa2c3e26db62deeade6a465c14fe6ba7a5769,0.005003764,0.9929871,3.7814465e-05,0.0007426544,0.0012286224
4266cd82b4012f07076553cbc7637904c4434738,0.0046436274,0.9939698,2.551202e-05,0.0005529798,0.0008081244
42748c8819059ab2e3e4a11e49b4904d18f6dde7,0.20241521,0.0003245792,0.79589057,0.0012638331,0.000105787854
429b3c1cc70b8987fbb65cc64ddbb2ac4af2e413,0.9774096,0.0032921683,0.009050109,0.009766408,0.0004817507
42c2f1c46d8cc0e1e53d3ee5a982b6b6b134cb11,0.0661984,0.002001949,0.9295924,0.001672691,0.0005346241
42c69bfd2bdcd6f298cfd1d2c80a28ac3b11bb2d,0.00391957,0.99486095,2.1004427e-05,0.00046019364,0.0007382655
42d72fdf8b86e46185455a13c498c706f024f0d0,0.97205746,0.0013202913,0.020753924,0.0056406585,0.00022764677
42da4b38de50486157849b2a650b7450582f1538,0.026474675,4.5768327e-05,0.9732887,0.00017272787,1.8134408e-05
431fe08349f4b79dfda06907dede71aa34837c5c,0.01663722,0.9733406,0.0015395887,0.003035045,0.0054476657
439d7e5cc85ec84ff8c5b289de3cc9418bb25654,0.9035564,0.0036926286,0.07980456,0.012001715,0.0009446482
43a4f680a89759370ccdb4593b8adee125300d3a,0.004370411,0.99339324,3.8727045e-05,0.0007672911,0.0014303422
43f86b4839c0ec3eb2d84e81a856e227a90dcb74,0.0945388,0.8617553,0.018798482,0.014038224,0.010869106
43ffd5ed227791dd5c9851f7d905e9f82d8143b6,0.44999042,0.001291379,0.5427921,0.0054263,0.0004998196
44223f4d8c80798db4c67a3886f9998440e8bd36,0.5315868,0.000503071,0.46547303,0.0022945898,0.00014245305
44a93f93ec30d799bea904fe8a6c590449bfbbc1,0.028858172,0.000101271464,0.9707007,0.0002936116,4.6184698e-05
44ac3f9e2b4857633860cbfb643520d2531fb490,0.004266959,0.99384874,3.726051e-05,0.0006834228,0.0011636772
44f5d1ed2fc82b23b06512ed53b1b98d9b274abc,0.49328616,0.000780259,0.5020339,0.0036575466,0.00024218555
44f5e18fed1a59fde38b7115f238e5fc874979d1,0.0050050644,0.9927604,4.1198462e-05,0.00077735796,0.0014158853
452786c6035f1b0993d6df134bc1c59f80bafac7,0.10548023,0.00020683136,0.8935858,0.000665057,6.210204e-05
454d211c41b771239334065bdf189c9f96c24f7a,0.004375275,0.99401325,4.021626e-05,0.00058924477,0.0009819927
45bb6098cebfcadc5640c6624b3fcb9631ac2b68,0.005365612,0.9924982,4.462146e-05,0.00080890046,0.00128256
45d0b1a2040340f9781bdaee64f3fc6c7901bcc1,0.0045016203,0.9936748,4.6453984e-05,0.0006642233,0.0011129081
46d17d2861e55a2d3a7dc177936d3ab6cd60812e,0.9568886,0.007164625,0.010282915,0.024228001,0.0014358169
46f7d99c5024a91169d68f7a9001524b7aabc64a,0.40808034,0.0021666512,0.58226913,0.0067722355,0.00071170024
4718fa12fbae9140868d4fdbdba755d1b9b1196b,0.7109676,0.0012399418,0.2828034,0.0046749236,0.00031411927
475bc2d8c167d10a9866a5220a35adf48ac6a4e4,0.005604993,0.9926872,4.23374e-05,0.0006766507,0.0009888571
47732d84ebc10d114f7343b35b8c819ced7ecc7e,0.8910022,0.025736578,0.028894056,0.04900666,0.0053605447
4844cb02f7be947986205fd1be1e54359d5babdb,0.048102356,0.0001178447,0.9511827,0.0005302104,6.688412e-05
48b701e4a229a02017217ed52c9b8e224e7e46f2,0.4932037,0.0008207676,0.50097054,0.004677291,0.00032775663
48cbaad2e505e5ff8a6daf0e65ddcfa7b9dab801,0.017831227,0.97736233,0.0002798936,0.002022215,0.0025044284
48ed17ea7e5054a02febfc7c5ab01ea3963d49f3,0.0040389565,0.9945933,2.9845281e-05,0.000519295,0.00081856287
4924991c24da1d29571b87e46a77aa26629bf211,0.0049343947,0.9927007,9.393091e-05,0.00076825527,0.0015027025
49332e6f1f7ababfd0fc18e396eca6de1db6b11a,0.14972794,0.0019389376,0.8441347,0.0036012495,0.00059714576
49740fefc32e31129f8c9dc2aa6ff7f84f0ecf12,0.19933698,0.00020799576,0.79924583,0.0011244144,8.4697e-05
49f5d3d270928177b9704551664459ecf50ee002,0.043031264,4.5875546e-05,0.9566996,0.00020680815,1.635743e-05
4a3c5532a96ee5d9cca5495b0c891b5b65b2b18c,0.009645584,0.9857998,0.0001453207,0.0016860012,0.0027233202
4a9a5b9ce7c49ef6d3025a1a36236ee187311423,0.94989175,0.001476318,0.041511767,0.006813105,0.00030704486
4abffcd8cff043da06735cf2de74fecaf0708e43,0.94759494,0.0024615768,0.033659004,0.015523498,0.000761073
4ad2d58e8d4159b492758479cc2ca008a2a8160a,0.17159079,0.78418404,0.011087903,0.02063417,0.012503041
4b1b9aaa2431e1fd6c17d0b7915989bfe28c9b22,0.003932899,0.99435246,2.572201e-05,0.0006268495,0.0010621496
4b316bdcd74d1c4cd61a2f73940cce36a3e38775,0.43726468,0.0017661816,0.5560026,0.004527755,0.0004387795
4b6eddb260cf69fa0ec1d343699edaa3c91de592,0.0050735213,0.99315876,3.9174298e-05,0.00064723426,0.0010812703
4b7f4f3ec8977c4bd930528c5a16f614edd59433,0.053970736,0.00013325852,0.9455088,0.00034497184,4.2260526e-05
4bc882e9e5a9a33ac6310e9e66234803cb51b2b6,0.010502604,0.98595965,0.00011655952,0.0014089352,0.0020123026
4c5fec07ab429a07e915617d597778e7d7b3bc83,0.95576173,0.012559501,0.010669525,0.019538209,0.0014710055
4c7aadef8f8567eede8cb0690f090afe1b26c815,0.80610955,0.0014448434,0.1868499,0.0052695563,0.00032618834
4c92d992f539b1c7935a2ad8919ea143ec457bd5,0.21662891,0.0002885439,0.78163576,0.0013342135,0.00011255488
4cccc9422b54fc433479e10306a5293839cd1891,0.9807153,0.0016004958,0.011258452,0.0061774114,0.0002483372
4cee51b2788d75bf3cc62fe90ad2c44c35b96b8a,0.005560436,0.9925196,3.721068e-05,0.00071666145,0.0011660998
4cfa6e5fd96a7e01e57d3112ad22a99bea040aed,0.0045423205,0.9934,4.2783577e-05,0.000717998,0.0012969562
4d243e1434da227f8f665bb2f3f42e3e9a240197,0.35616514,0.006665059,0.6299919,0.006033152,0.00114472
4d30e5726e84c02fae86f224a0bec2b2f27f0997,0.0053826505,0.99273723,5.258959e-05,0.0007189218,0.0011086053
4d4b0b920ca88db835c48891e2bc915ed37ddb2d,0.005687439,0.9926414,3.7070156e-05,0.00065580214,0.0009782463
4d991190f7265ce225ec8e954110adf7812a9fb4,0.0042229304,0.99470204,2.0675481e-05,0.0004468356,0.00060748024
4dab277070219a9e560f549a49f8a6b5c78bd86e,0.51667327,0.0013187805,0.47784463,0.0038685487,0.00029483502
4de4d5dfb2f1584da96dcf14b1b38077b284a9f4,0.96530473,0.0046121487,0.017727716,0.011663079,0.0006922622
4df59854dd007fb1ab530e4f2c592afbaa6c89e2,0.302945,0.0006498719,0.69344795,0.0027041866,0.00025300664
4e5bd6e8961e9c4799618f589d470f6878326c06,0.009440968,0.9863235,0.00011213554,0.0016278272,0.0024955077
4e6c10248378a0d05b5a65f983463c558e52070c,0.0050030737,0.993335,3.1729942e-05,0.00063482823,0.0009953172
4eb936b5f5f9af34bce71a68a663708d05d7c160,0.96202624,0.0012939682,0.031735014,0.0047285194,0.00021624377
4fc0752c514347b8d2143130e12894fc9dc29341,0.010533041,0.9864058,0.00020386298,0.0012044945,0.0016527924
4fdd17f3d722646d7523eba88c70d71bc581b121,0.97282684,0.004491903,0.008894044,0.013064562,0.0007226199
50092d4f78944002cd8907b6f0e18aaa47e38681,0.008832731,0.98951435,3.3384593e-05,0.0007517113,0.00086775294
501365960bedde7040ab68ccae6c1fb3a9fb8162,0.06474498,8.180867e-05,0.93484235,0.0003004149,3.0450485e-05
5016b0996b59b836fb5b7212d0e75013495fadd4,0.19945905,0.00012330887,0.79973525,0.00064106437,4.1303294e-05
5018c43ac36a275028ed9e1048fca60e68f1e7b8,0.013507325,0.97938377,0.0002422551,0.0026884757,0.0041782493
501b5e2676faf018e4737f586ec6e62fc385f168,0.54714507,0.42280096,0.00625894,0.018217275,0.0055776997
5026edc3937dc8e12639053066b8a7130746c56d,0.004782904,0.99325293,5.3133266e-05,0.00068568636,0.001225356
502842bf998366359620b9486789f1e85582c4d4,0.26119143,0.00023817572,0.73683417,0.0016276357,0.00010861967
50619271d55a78bf05f2dff89cdc893c8291f74e,0.06297633,0.00013145168,0.93633914,0.0004999843,5.3111275e-05
50a8b92b597491939365a098c448b79c8d283334,0.9720938,0.004796704,0.007823928,0.014460843,0.0008246359
50e24045ab34f9a06798545f90b82d7faebbab6a,0.021217847,0.9736137,0.0001677969,0.0024227928,0.0025777903
50e33fbb7c515474bb684b8312b877f75c64d5d2,0.9449773,0.002808924,0.037217755,0.014160797,0.0008351958
51613eb8ad494addcab281bb55bcfa4d1362935a,0.042314377,4.868174e-05,0.9574443,0.00017737618,1.5199182e-05
52004be06c1495c8a2e8d3af7be60f4a3978f103,0.96411705,0.002777645,0.025242083,0.007491663,0.0003715338
521947b7254043afad5321488b45bd86bc9fa9e4,0.96536404,0.003884057,0.014441596,0.015436935,0.0008734475
52389364131fc64749e056382f21e7ab23096fb7,0.86435175,0.0045357016,0.11595368,0.014066775,0.0010921537
52488500b9cb9ad27efd3e9c7e1b6069d76f9ed4,0.005713413,0.9918331,6.772892e-05,0.0008938977,0.0014918891
524ee4d9cd355c91d4dffe1725197af0d6918333,0.006031023,0.9922191,4.2152453e-05,0.0007115637,0.0009961427
52a9e8ca172d2bde982c97193a5ee5f7a6a97c15,0.21014617,0.0001916285,0.78845,0.0011377508,7.445881e-05
52e207a7301dbed444e95437b27b36f9c739fe13,0.9558352,0.0132018775,0.008457439,0.020825319,0.0016800702
52eee36406e8117cf59be7b9906e0dd085b70f49,0.06248705,0.00042433667,0.93635124,0.0006370048,0.00010039586
52f3116321ab77268a26b15caa4b5977934d21df,0.20523182,0.760298,0.0023000462,0.020782288,0.011387754
531188121a60a5fc43d8ad724fc134a921e73659,0.2917753,0.00021843173,0.70680124,0.0011355939,6.954279e-05
53175daa7da6c12a02bb5d43fe53bb144d52c844,0.5075663,0.0008364607,0.48812175,0.00323163,0.00024389983
53332d2e0363433b554581a07239a648c5bccaff,0.95919377,0.0020257435,0.03051124,0.007857006,0.00041235937
5369aaeedb5bc24f9ef3f1bc3030397a5eee1ba4,0.9587474,0.008359847,0.0115218,0.019995563,0.001375411
53ebd8e93dc6ac7e39f636449ebc6bcb84a7eba1,0.2779697,0.014126039,0.6927007,0.012094446,0.003109146
53fd639b02e2f3b268a5f0258e0ff0945f01f3dd,0.01509667,0.98169327,0.00014275026,0.0014431351,0.0016241458
54067c7a878c3b58fd11de9198320fa4b253e3de,0.025122296,0.96506286,0.00041326505,0.004699641,0.0047019366
542e0fdca9eca8f1a8ac3f759f2320f897941e3d,0.9334049,0.0060719685,0.038400628,0.02065183,0.001470664
54c6327ea2d922515d7163f6b7d440651e35cc17,0.010159945,0.98599213,0.00015685313,0.0015384228,0.0021526404
54c6903a8b969096bb76ec66c4a13b6e0b79c7cb,0.006379362,0.9907659,6.953155e-05,0.0010049357,0.0017801559
5503e470d7193f77e462e47a43d9f9b6b66bf91b,0.9177635,0.0018786126,0.07004836,0.00980485,0.0005046351
555ed405d478feb0d94588bbac2b59a51f6fc4a5,0.003659811,0.99465114,3.329675e-05,0.00057709037,0.0010786733
558bb6fa5f377c6c25426487db900d7fda9bbeb2,0.15047148,0.0016185764,0.8450193,0.0025216322,0.0003689963
55da7de7ff954cfc1a71aea496f4ed5b9cdc8bc9,0.0052640433,0.9929155,5.7656016e-05,0.00066048285,0.0011023264
560fae6ec45faca058217fe528498b8f3f60cfae,0.44842675,0.0007820652,0.5472819,0.0032669944,0.00024227251
5617a7b9fb9683f0d8f9252e693e44b0f056df7b,0.0040582796,0.994484,2.592718e-05,0.0005719444,0.00085984886
562784ca558a3edd53d16967c5c8289e67ac2b31,0.8140412,0.0011452291,0.17519124,0.009203549,0.0004188449
56b8911bb19bc8102fe4fd245f0de4a221bdd5bb,0.6291655,0.0004859637,0.36770648,0.0025215228,0.000120494326
5732dbb50d3e1063ee48700c04b4ecd8164ed3b9,0.87945265,0.004072674,0.09852742,0.016889008,0.0010582784
57453b728072b8f4ac1a990da4c20fac8ae2bd17,0.9715802,0.0010058943,0.020527102,0.0066398145,0.00024698692
5745f26be877d7bc6841578e9976b7975cb0a50f,0.6897367,0.17135406,0.009489417,0.10694304,0.022476759
575669e9a06757b33795350edf2ecc3dc7c55b5f,0.0062255086,0.9914929,0.00017872948,0.0007561624,0.0013466894
578b9b45ee51e49001a85f9d4c2fa417109a2d55,0.98382896,0.0020256797,0.006472266,0.0073771374,0.00029584402
5799cd2160dee3092a53dc89f8bdf4fb810a2c80,0.9419063,0.0069702826,0.035163302,0.014741684,0.0012183716
580f1261670fc795dee645c261a1c8a14473b21b,0.24989834,0.00019798365,0.7489786,0.0008735449,5.1445768e-05
5818195dc82ef1b86aa03ed7644cb973307a2f9e,0.9726563,0.001445293,0.018281868,0.0073147584,0.00030176877
581978bb76e9d205671c4fccd7ca5efe25afc973,0.27569836,0.00060781784,0.7207158,0.0026975777,0.00028046183
583018a3e6b001d56495e5b2c5f0af165905c0c5,0.91564816,0.050068006,0.010680934,0.021065982,0.002536944
58797486ce63157a998329605a155c6226ec4cba,0.0075850436,0.9895717,5.5693934e-05,0.0010959352,0.0016916262
58aee3aa1d94554ff57e6a053dbd60658e4890ff,0.005299864,0.9923769,4.6302783e-05,0.00082798174,0.0014489023
58b15b8d9ba8a56c867a26c0598bd613a57cb77c,0.04466696,5.229963e-05,0.95502174,0.00023948091,1.9542946e-05
58bf4ab284faea337a0d32107f98fad33ca5ae72,0.12969916,0.00019122325,0.8691897,0.0008420703,7.786715e-05
58e14980924abd6531656ef3af536852284084f8,0.0077934116,0.98933065,9.527211e-05,0.0010786816,0.0017019833
5959fab7b3f173e06a13ced0f5aecc60cbde40c1,0.033808585,0.9576332,0.0006464132,0.003967502,0.003944323
59aa58b5a39079b7f52fbb08f024848e4c2a1edc,0.96751094,0.0031462493,0.016440958,0.012262707,0.00063919934
59ccdd7b9de47214adaacc2b67ce9923dc382f62,0.737522,0.00079709437,0.25587836,0.005495238,0.00030730726
59ee593b27cb3b792b3f4d9c7ff0509265409521,0.0053113927,0.99259514,3.9152066e-05,0.0007696753,0.0012845655
5a2d56de8f4035ee0f63b1eb158fc1474ead5633,0.9600688,0.007995822,0.014170816,0.016615972,0.0011485375
5a6e4698b3f6b34fdcc3f4cea46be02316337834,0.39247817,0.5823154,0.002613688,0.017354097,0.0052387067
5a772ebe24a1a88a37e93bb5d5e09f527a31d14b,0.05404672,0.00029780305,0.94499254,0.0005717924,9.118028e-05
5aa9f42e2997030682037a7545035c07b2f9d10c,0.105336145,9.699676e-05,0.8941097,0.00042298375,3.418233e-05
5acfc258efd4d5fa8756ea3cbc7a25bac5203274,0.008874715,0.9874445,0.00020288539,0.0012923322,0.0021854877
5b17d138a5aa1cf2c6016e9b0aa92a893f2bc3bf,0.9559152,0.011459753,0.012482034,0.018705755,0.0014371603
5b1ad0ee8439755707f2651b62a58eceba714a1e,0.8656591,0.0016974316,0.12679768,0.0055115754,0.00033424408
5b32610d9fb1e6c06c9a759c9325afe1c580bcc6,0.92843264,0.002690556,0.058062796,0.010213723,0.00060034415
5b5467b06ed20a92a9137215df91d48e80aa33c4,0.004784028,0.99300146,6.9011185e-05,0.00073616643,0.0014093308
5b8bbeb9a7ca0e754c4d54d25d164f9ad29f592c,0.07383227,0.00013882082,0.9252984,0.0006674714,6.3062194e-05
5b8dbd2f3e9a7a2bc4281d4cbff969b8fc191e86,0.69081193,0.0046004257,0.2953787,0.008379249,0.000829658
5c16246513e338b4ebe14d84ecc16ee1f87447a0,0.00407561,0.9933809,8.7784516e-05,0.0007732994,0.0016824562
5c72a46844f5cb42829a1f1845c3d60d72fbf310,0.008908054,0.98680776,8.518357e-05,0.0016065117,0.0025923913
5c86228fe34314d82d5db352632cf55f9d450c48,0.97695416,0.0017340424,0.012493229,0.00849783,0.0003207656
5c8cef625915c6a1220f0cd86ce0ac0dd78a6e6d,0.7509064,0.00090536044,0.24235938,0.0055405917,0.00028824242
5cbeb23ec37cd92586317894971a58371c66dd5e,0.9173888,0.014527211,0.044740137,0.021261182,0.0020826492
5cf8576037a8428434adf073dfa7fcdc1d4b91fa,0.11463424,0.00019914497,0.8842282,0.00085163495,8.666081e-05
5d087f02d1541d434bf4a32e539c1d0d1868bffa,0.004652678,0.99299365,4.5081844e-05,0.00079987553,0.0015086608
5d5311827f2cfeec7edfe2f8870a2b865a07dc1f,0.9627294,0.0034857339,0.022617746,0.010632476,0.0005345546
5d5634590701455990abe734d362c5d5c7bee90f,0.054101385,0.93219256,0.0013478044,0.0063118087,0.006046342
5d8ea177728d8ea79812d96a27219a7d5d2620c5,0.7867292,0.17231591,0.010490827,0.02567508,0.0047890004
5d96d8e3f4ed7494a97ee83502cae3f3f87d7b9c,0.6537445,0.0023716264,0.33390006,0.009306969,0.0006768333
5dc9d7f6d10704dfcb4fbdc56e4bca75400ab27f,0.15849139,0.00024109095,0.8402244,0.00096101186,8.2027065e-05
5e3775e6cd75950ecfb2dd52d44c0e40b59de390,0.0041741226,0.9933391,3.4174634e-05,0.0008538413,0.0015986946
5f01334d1c0dbfe04ccecfaa6eec1cc5cc534e3d,0.8260794,0.0018462845,0.16538772,0.0062826048,0.00040399376
5f23900038a99e911753e9c154bddadb5d15508b,0.0042833597,0.99426454,2.6536169e-05,0.00054669945,0.0008787572
5f75d7ccb5d7641dfd0c6dba3dc61942ff643b72,0.104060985,6.3707026e-05,0.89544505,0.00040500695,2.524211e-05
5fdef434a2b49463e5cbb4a729574345647a194b,0.3294878,0.015215947,0.6457361,0.007924826,0.0016353801
5fe829f295891aa0dab6a838791b576c5660d6a9,0.028726969,6.290139e-05,0.97101724,0.0001709837,2.182322e-05
5ff773a6eeb3180c55f96aa7c5e4eb6183a5273b,0.9868215,0.0020239195,0.0032437034,0.0076326,0.00027822115
604802030b06eeae31f0f9f9f44885a00a60ca5a,0.045793813,0.0001580575,0.95363575,0.00036677765,4.5550347e-05
605af423115f4f3a1242799fd315157efcd34729,0.006209862,0.99166054,7.379395e-05,0.00076745026,0.0012883788
60a41d7436e2647a15c7d57aadaf1d6fb7e37974,0.9601052,0.0029502402,0.027349364,0.009065221,0.000529983
60e112b51e98a607921c2a29cf2e46d57df95921,0.1590131,0.00023860007,0.8397038,0.0009660604,7.837521e-05
61023bd78d026327e80ea3a76d8231e54c72ce55,0.94745356,0.0071147946,0.021323988,0.022506129,0.0016015397
6104898c110df931c113d79fe356470934a27d28,0.004154634,0.9945116,3.0076888e-05,0.0004959581,0.0008077757
614fd786adf4a1876a5d5b7c43897e7fbce29c06,0.9378566,0.0112652425,0.028591761,0.020548671,0.0017377331
617137f0bd56b49da4ed41bc8caf9ac0eae9eedc,0.66432357,0.0029183982,0.32471535,0.0074451175,0.0005975588
617227c2d4b80a8f4c20b82535aac34dfadcfa17,0.37690586,0.330675,0.26557514,0.01716101,0.009683024
618ceb1dd4ea60b89c8c921896c37f3dcf45714f,0.013730688,0.9770383,0.001463191,0.0027984262,0.0049692844
618d36b105582d3ceb1bf8b194f99d9bd3bb2e02,0.009154535,0.9836315,0.00042952437,0.0022070175,0.0045774137
61b4d23253eecd6cf2fe1a8ffd335d2e5f937810,0.16433153,0.00023391405,0.83454436,0.00081803644,7.218068e-05
61d337198d7bc3441d0a5ca14d17c32a2eb922a3,0.005748543,0.99258596,4.787607e-05,0.00062208006,0.0009955384
61f0326e3ed61b418db3656ec18884cafa1e705d,0.006600857,0.9902344,0.00014287168,0.0010505448,0.0019713198
624320fff44f833c1c8296fb299ab6825c2c5b42,0.004346072,0.9931813,3.5669415e-05,0.00083883025,0.0015980502
6263d9a1596e632b0e35af422c6c7b7c19319d34,0.5905624,0.0034302662,0.39648485,0.00861527,0.00090715656
6290717e64a93dca3056942ef52034b12e2e0891,0.0052639134,0.9924063,5.8533937e-05,0.00082800625,0.0014432961
62e30da20c6583c451115b772c017f0ad8837eb4,0.0062686056,0.9908292,5.8326885e-05,0.0010491249,0.0017946706
62fa2d435fe7c8fd8c397d9203b0efed7702eea9,0.91465116,0.044646114,0.0034570575,0.03409791,0.0031476864
633d378a5ddbb5f2b7cc63788a66ba8cd43591ab,0.003488491,0.9950466,2.6870086e-05,0.00052719796,0.00091091637
6357380f249a669fb4943a25c1f519152b9c3bf4,0.00491301,0.9932366,3.995007e-05,0.0006776867,0.0011326971
635df35717a0191c013fc3eed105d72f350f89e9,0.9701605,0.0045545804,0.012176791,0.012398782,0.00070946675
6360d3db5c148abb44efb1722f91ee852935b23e,0.0052127126,0.99336714,3.498605e-05,0.00055752316,0.00082759466
637dd71e973595ece26e0c25f9b2a93f4bc494b3,0.00424294,0.99454725,2.116249e-05,0.00047790783,0.00071079965
639cd49dede254f5fa9b8b5e95f15a6118eadf03,0.06863477,7.865493e-05,0.9309646,0.000298585,2.3432705e-05
63bc19b4b88d7bb78c33368241e3ecc8617012c7,0.978609,0.004527435,0.006944083,0.009412976,0.0005064782
63f56c8cad492e08f889b57e038a78e5557e5254,0.9415012,0.0016008305,0.050289087,0.0063252267,0.00028366927
6424e559f393310c073f4d6fe7c78eec68a2e4b4,0.8205937,0.002581342,0.1691738,0.0072820964,0.0003689836
64871a0691cddf644392c9d099016c4580e226fb,0.93171567,0.02782117,0.009675964,0.027861953,0.0029251794
64a93a8c68b5deb4b10a11724d4168953da105d8,0.0041655567,0.9942092,4.711878e-05,0.0005563634,0.001021811
64ac267142e26e3b5fe2faf8d8a52a92bec46034,0.15271425,0.0024420223,0.84267086,0.0018183046,0.0003545659
64b3100a90d7b579b4f66545e43c10fe9c0d8d42,0.1121507,7.644589e-05,0.8873175,0.00042888656,2.6522393e-05
64b8e10e63d628388b011950c876f16442751bca,0.76566434,0.0045974855,0.20032153,0.026781637,0.0026349623
64fa4e7b5eaa2a99c56443b65507159d60e1e960,0.0051815477,0.99323094,2.9000475e-05,0.00062126975,0.0009372014
657815adacf02df2786a40af37c538fcfd4888c9,0.8661444,0.0034375354,0.11733443,0.012222879,0.00086069864
6619b1412033a3a2101a83acc0886e7e5eb4202d,0.14770384,0.000112316855,0.8516387,0.00051029853,3.4794135e-05
66233feabe9d6522180481e341a021a46f43ce61,0.97670615,0.0036414755,0.00808686,0.010959379,0.0006061791
666d159ddea5ec0bb15462f9c781fa72fc2152ad,0.031475935,0.95743924,0.0005895971,0.004826991,0.005668178
66bc5c0a87bb4f42fc38fed7345879c55cc91a6d,0.5364866,0.0010581542,0.45798594,0.004193263,0.00027603604
66e3665d6c0148cc17e299050f744290b8a3d093,0.09698792,0.000107938366,0.9023975,0.0004661237,4.0491486e-05
67739262a5ab2475ae7180e250e62e8d3e7e3db2,0.3213893,0.00025462284,0.67640615,0.0018378393,0.000112108915
6785befb8d46eba5ab121260b0712c1a47d7f5ea,0.0086807795,0.987806,7.194471e-05,0.001405384,0.0020358555
6789d7f08729f9f8fa244f46b6a7bed62f5159e5,0.0042116935,0.9939949,4.1981195e-05,0.00063215574,0.0011192621
679aa28fed2eb1a03cbed1fe216be4df18fc1712,0.97641355,0.003129027,0.007920331,0.011965538,0.00057151006
6882c98a5a411b163d838e9aea148cebd5aab5c4,0.009398856,0.98769426,0.0002471906,0.0010509244,0.0016087402
68cfb4cefd190d64520200428b1a773d5ac65853,0.96940607,0.0025529012,0.017324947,0.010186055,0.00052991684
68cff36caed2898f19953a94b3aed78b29116044,0.005589073,0.9918029,6.035528e-05,0.0009331162,0.0016146435
68f2fa12b2724f34f4a5eb70f9a9d61d32cedd5b,0.9575727,0.0014566225,0.033249844,0.007372099,0.00034869168
6921316307f25e1f070c18a393f61ca57040842d,0.004770044,0.99300367,5.3851167e-05,0.0007760313,0.0013963196
6924a0be0cfb962389189d06d94520969f1edb6c,0.004660678,0.99276006,6.557826e-05,0.00084052404,0.0016732148
697fe27651f3e320d31b68f340d284f4d1ceb3a2,0.011488008,0.9843556,0.00016475013,0.0016174559,0.0023741594
69bb74d66efe6e02fdc08fd29a1ccdd84a09db62,0.48521432,0.0012384834,0.5085002,0.004664867,0.00038216845
69c800368874c2c6aa0a05203ca693b518288bfc,0.0767613,0.00030405418,0.92244595,0.00043299302,5.5697783e-05
69ec582506cb25ebc18e901e321f06fd9013aca8,0.0036805111,0.994433,2.8809616e-05,0.0006386407,0.0012190492
6a1392c6a0d3ebddd1de6e260b5862d1a572896c,0.97634196,0.0020260308,0.01192966,0.009359127,0.00034324455
6a274eccab7892485536c065854a6da4b496a625,0.9016214,0.0011237763,0.08823255,0.008600763,0.00042156805
6a58f97d959a1a061cc94e0ee613986c7d017ad8,0.004503321,0.99307996,4.105105e-05,0.0008424386,0.0015333004
6a8a58f0394fa1b8b9fa401bdd88d3d103fecb47,0.57763624,0.011630964,0.39855704,0.010517968,0.0016576961
6afc6c4f1d14d5569ca59ec6a8366f24617cdc49,0.6553777,0.0013078897,0.33735955,0.0055658906,0.00038888337
6b0cf9f25c17d4548d4efab83260f8038a6de4ef,0.03781084,5.7404155e-05,0.96191293,0.00019880098,2.0072193e-05
6b262ee93120e0a1644994735fe7b346a3a2225b,0.24283315,0.00038787254,0.7553191,0.001359107,0.00010078814
6b9453518b7e7749cff874b821f8d104f0a1ad7c,0.96534246,0.007088122,0.008174329,0.018284475,0.0011106048
6ba8844ddadcac56422e8034a0425e7747265d9e,0.0056288415,0.99157083,0.00014029739,0.00095408864,0.0017058371
6bbbf6f199215b285ef61d9aeeb1c93e9c560864,0.03451138,5.1633033e-05,0.9652082,0.00021110692,1.7774331e-05
6c235a74119d55dbd3559b0b7d1bbc04e9f787bf,0.9380493,0.001886679,0.051796265,0.007866023,0.00040169715
6c923170e43107bf80cdf29d092a8e2fab805c30,0.004497453,0.993725,4.067852e-05,0.00062767864,0.0011091665
6ca7be5ba4e89977b21edcdbed449805b7588524,0.0047621485,0.99378335,3.0647643e-05,0.00055233645,0.0008714966
6cd87e2b10f1c509ad970c519843efd4fea963fa,0.29639333,0.00034434022,0.701356,0.0017797147,0.00012667569
6d2bcb3ddb35a2d843625a75e0b35b3d4e334c54,0.8483803,0.0008869628,0.14642203,0.0041052816,0.00020539036
6dceade8d897ae6d1a852562410c6b3696125d05,0.006361593,0.9904213,5.650908e-05,0.0011322475,0.0020283293
6dd5e61f60beff3e1b431d679dd5854f6fd8dd7f,0.35698593,0.00038582098,0.64013606,0.0023313472,0.00016083413
6e21bfa733cef237f87765595749641afce188eb,0.0050026956,0.99325997,3.0393127e-05,0.0006770412,0.0010298472
6e7c9c3cafdf89e02fa3b4a3d5615574bf778123,0.8610158,0.004456844,0.1172106,0.016112529,0.0012042383
6ea294001b6f78003b2e13e85b0252dfe7105302,0.004384427,0.99414897,2.9831946e-05,0.000536063,0.00090081024
6ed4417d3de4a939fdb48b3e110d9e5e8b47bde4,0.94206667,0.009381138,0.029437099,0.017577693,0.0015374225
6ee12308a614a08079b7e7884e9b154437eced0e,0.0058463262,0.9913961,5.9395188e-05,0.0009492741,0.0017489686
6ee3c1053c82b37f43a87086e0496f11a1cd9fcf,0.09065485,0.00013261776,0.90845644,0.00070305826,5.2958163e-05
6f1c14f17352c43f8f613478bfa9094fe6081c95,0.98371756,0.0017006104,0.006082412,0.008166815,0.0003325887
6f1d449838e0268bcf3f98b1f75599acb264606d,0.007632643,0.98996395,0.00013081488,0.000875811,0.0013968112
6f2b7f26b1a1f59e014c572ee6f38802da8e5974,0.23875606,0.0005527127,0.7587652,0.0017360533,0.00018989644
6f487919066078ae5e2d08c7e2b4f593eca6b3d6,0.0069721173,0.98929954,0.00010690492,0.0012586062,0.0023628955
6fca45a91078b43e391fa3181c2d12643fdb713d,0.96624124,0.0018220752,0.023078848,0.008462297,0.00039559364
6fd8d72582414959b81f736ce615be6460be48b8,0.981177,0.0020580534,0.0055264942,0.010803193,0.0004351997
70c478677047b4b00cecd462c30b55ace1eb086d,0.9710153,0.0058419285,0.0043754023,0.01778151,0.000985865
7141cc0565e4ade59694dea1fc763addd0248c49,0.0053695757,0.99274665,4.4982688e-05,0.0007203341,0.0011184025
71a2a1345d8a2c4f0207ce2a3dfa51f4b43a58cd,0.9738253,0.0036771218,0.0069779516,0.01479759,0.0007219501
71b9276ee4c3ee28476615bae7af34d619ab1650,0.38613626,0.4943583,0.08800825,0.020564642,0.010932469
71bd90d681e50bb0e10723525ed6c5ac126503e4,0.0419442,0.00012334606,0.95744646,0.00042884162,5.713761e-05
71fd4d43438e740869f1302716a03863d57bc88b,0.0077583576,0.9897016,8.394474e-05,0.00094765157,0.001508439
72047c2ecc3dd679c4f0cd8276612934114ac56e,0.96335673,0.0033478371,0.022859817,0.009888003,0.0005475878
721a31c9ac2b94a4e71f0680efbc0a8a48388f89,0.0051559433,0.992191,6.0261085e-05,0.00091721583,0.0016755252
72239f6ee95fc60332e5551aa9210cb7a412cd08,0.948755,0.0036282279,0.034549963,0.012382491,0.000684392
72562d5df82cf681a20660315014691be110e15a,0.41189986,0.0009223945,0.5820075,0.004693464,0.00047666635
727432189a618542e8c5f0279d02042fbf38627e,0.79724807,0.16118181,0.0042081587,0.031862807,0.0054992037
72b0721d459d10fa5f3fbdbc54890e7fc4322857,0.31508672,0.00094393414,0.68019474,0.0034798477,0.00029471057
733b492f2dce7e6a7431535c9ac2bff218ae7310,0.93621844,0.0029565892,0.04978764,0.010400448,0.0006369144
735f520a7acfb1da864d7ed41eb9ca907018a02e,0.10398299,0.00026283172,0.89477396,0.00088395353,9.6313415e-05
73758ef1f2c1c88bfa2460e56c1014d9cdbd5bb6,0.9729978,0.0046579945,0.0069279056,0.0146574285,0.000758913
737e9bc0682fa0c1da5460a75c38d5b5fb9f626f,0.9362881,0.0021338735,0.05147233,0.009544698,0.0005610201
7391478a4a6cd67e15d01e0de0280028935012fa,0.012421136,0.97857624,0.00026377698,0.0030011311,0.0057377126
73b484b59fe8ccd1ea387781cfcb307f64626a04,0.05907906,9.6226984e-05,0.9405404,0.00025751677,2.6825854e-05
740ddb0b1253eaf5a8f694c1561aab3898f94236,0.9800213,0.003686091,0.0062702512,0.009577346,0.00044499544
743280d1f3d59a6fd96d6bab8633f94eed8de854,0.06562618,0.00013420213,0.93378675,0.0004133717,3.9515417e-05
745d2597fff1e7faed78b9bfe5fd7078b2e8ae76,0.9433884,0.003190013,0.040302034,0.012390853,0.00072866766
7460c0dc2c2b4409c875dd838a8ac4d0e7640c82,0.057373136,0.9295796,0.0014251308,0.0063064215,0.0053157276
74d4900964a84fd9af5d4f67a4d7ff23486b046d,0.9647892,0.0046322485,0.00967331,0.01980599,0.0010991816
75174185e289225d5ef42a17ff7541d79409d81e,0.4295264,0.0006860739,0.56681156,0.0027941472,0.00018179149
75380a38f0bd7cd8b49565a6c79ac63a7e7a0d64,0.92170393,0.0025141307,0.06725883,0.007989892,0.00053320243
758cb430b7a1813d360d9183978d8317773815ce,0.9346878,0.0034984567,0.050243072,0.0108923875,0.0006782068
75c582ba616d8f7bb3bc0cbe3a0f2d900d3fe25e,0.005483357,0.9927193,4.3512446e-05,0.00069136784,0.0010624782
7631d2a4862b8696d037be74ae03ca6783d2d02d,0.012834612,0.9817177,0.00081192085,0.0016659533,0.002969883
7710932bde4ca0ccea17ce889cdc9a97eff2947e,0.32991204,0.00051879213,0.66774356,0.0016977347,0.0001278826
771992f1d27f0aa23708611b5733980796971e89,0.9358369,0.002342472,0.051724594,0.009549418,0.0005466911
774e3340401efb155d9fe6b6335d82daa423706f,0.7099972,0.00074810814,0.28518885,0.003829004,0.00023678603
77a4a170e752706645ab29dad6fba028607ffdcd,0.9010709,0.015732558,0.05524568,0.02521432,0.00273658
77c028788501d4cee3d89bdbc6df7c88355db164,0.61502236,0.0009300826,0.38038725,0.0034287837,0.00023151583
781b31cc1654baefc49002bd7f5f20fd6f06ece5,0.9844663,0.002490809,0.0057997936,0.0069346684,0.0003084302
784a31a5aa4c0a985c8a57178b4f926dd0d2490e,0.0040544234,0.9937815,6.4376036e-05,0.0006948164,0.001404939
784d5231d4e9490ad83bc2d0e437e3b2ffd388aa,0.15137851,0.00013431595,0.8476261,0.0008084483,5.259888e-05
78f5d6ab6b21bf131c81d2271eac5f741b454ee1,0.059278857,0.00064139196,0.93912446,0.0007812587,0.00017398225
790bb0e9ee9dc366865dca419180d5ccd5f4f0d5,0.9741621,0.004983772,0.005691646,0.0144474525,0.0007151813
790ddca5decc331d39c21cddcdd8757fae87c86b,0.11407331,0.00015524232,0.88507235,0.0006434615,5.557e-05
7920d21b1ccca84da6df5d6510aa6d30300b7fd9,0.92242897,0.0038291214,0.059780665,0.013074487,0.00088669406
794825ac8ea36a584d28ccca0e5f081dcb149b53,0.0046877144,0.99365544,2.9240422e-05,0.000611302,0.0010162675
796c2db2137687c4114afdf82a60921372160764,0.9700301,0.0029546546,0.01601371,0.010490516,0.000510941
79b06459a66f92a021e085710b3cd44c286c6013,0.038589086,0.00017800623,0.9608452,0.0003312629,5.6451456e-05
7a5152f7711ca295a3f854a8bde2563c49e398fe,0.9652384,0.0030127217,0.01632643,0.014595667,0.0008268559
7a6ff39cbdda2ad3b37cff9702af218ebde5ed34,0.97507846,0.0024502494,0.012137351,0.00990138,0.00043249474
7a7fbfd1cbe94d882aaa08cd5cd244fab33893a4,0.1513806,0.00024226989,0.8476378,0.0006821221,5.7319805e-05
7a952147c1ea570c66008cd1dd170227c064403f,0.0052131885,0.99248815,6.4543885e-05,0.0007963515,0.0014377879
7ad9326bc9500287e796d0f23f529e2dbc2282b5,0.9056091,0.00078185985,0.08940513,0.0040134946,0.00019048361
7ade65877708417e5d7e0e781209c4147029c7cf,0.044172082,0.9462872,0.00060240284,0.004773097,0.004165203
7aed818a1c94c2d05baf2b2ee73b12803878e0f4,0.93660855,0.018198652,0.010496633,0.031415675,0.0032804103
7b281087a160effcf89502a1789c4a61edabbe83,0.0077088582,0.9891661,7.564883e-05,0.0011868187,0.001862575
7b431d5b6dde0737aa12f92435e0fd3d7306051b,0.005591971,0.9923171,4.1341238e-05,0.00079388503,0.0012556828
7b57ec1a95b89697a7eacf7247674a332edf3a44,0.0056521352,0.9913084,0.00011537494,0.0010113949,0.0019127412
7b6d3e6f1a05874adc5f5929c4d6d50931fc6494,0.036279675,0.9448472,0.00041420324,0.008815069,0.009643717
7b877dccd9212dff93e51b26105ff48d48d40786,0.978009,0.0032558087,0.0068122465,0.011416726,0.00050616765
7c3b0de651ebf290fca93f600a03a59de64ef5cd,0.0061014565,0.99211204,3.6333768e-05,0.0007128779,0.0010372312
7c6fec764798444ba48b9e29c28907b52a9f7461,0.9711275,0.002454662,0.017274337,0.008706783,0.00043667175
7c9c60384f852b1018b03d72d522bbd5f47c30eb,0.1339908,0.00012005479,0.8652387,0.0006084989,4.1978896e-05
7ca1b27aba0d373e72143b6d4829b1766cab05a4,0.029163286,0.00010405543,0.97048247,0.00022157986,2.855851e-05
7cf05f7bef40f282ee3505f13f7c8c9400c065e4,0.109631225,0.00012937175,0.88968927,0.00051367783,3.649098e-05
7df19dbbe38fc64abb38dbf77823f33eff95a0ff,0.0053472007,0.9934488,2.2153607e-05,0.00051516364,0.0006666713
7e2c139357e1aa60a9eb5f8b55704e9b8c99aaf2,0.9499566,0.0040133223,0.027220955,0.017698966,0.0011101145
7e628d0421fcb4bb226d1e96075626288b65c711,0.0039030714,0.99358,6.986535e-05,0.0007518572,0.0016951639
7e6b5bac0cd7dc4a049dd244f3ae5d3e92e645b9,0.20483957,0.00031159402,0.79293615,0.0017722094,0.00014044644
7eac2bf5cda2744a31d4344ec96acec36f0a2a54,0.004243904,0.99428767,3.0305959e-05,0.00053718593,0.0009009359
7ebce418a37093c4bab86409c3c2e0f428e88175,0.97214407,0.004123133,0.010590662,0.012463627,0.0006783621
7ed93ef2f8f44850ba66eca3f0e7cb75f0057af6,0.0056431354,0.9916648,3.7616883e-05,0.0009859112,0.001668515
7ef98c43fe16c30a6ccc0740ea9125f15bca547d,0.0051016877,0.9933229,3.637811e-05,0.00060812087,0.0009309028
7f09297fc1b6574f88998b31c1d81b3e91a18c48,0.8806494,0.0010997828,0.11272999,0.0052518966,0.00026898747
7f9997156d9570ecaffc25844119687e0163c182,0.0043053655,0.99401927,3.0179659e-05,0.00059735985,0.0010478874
7f9c782a3bb19fc187af4483ee8853f27d7ad88f,0.98350304,0.002440242,0.006783941,0.006944818,0.00032800098
7fa086a2728956870a846a86da4e02671eb25a7d,0.013646718,0.98011404,0.00096637243,0.001929383,0.0033434555
7fa49d935dcbc001b9a575a44b671de14baa5812,0.0071522207,0.99037826,8.5658925e-05,0.00085588096,0.0015280094
802bb47bbac63060cc2a31ea488a3e88e898fd24,0.24942897,0.00026436223,0.7490335,0.0011824775,9.065016e-05
80657bbb29eaf7a9bb0e49ed7e8d6b3f7f5930b2,0.005393302,0.9927609,3.7953818e-05,0.0006981818,0.001109715
8073e0fec4423f60bca714433d608d84f98043a1,0.10717989,0.00012476159,0.8921634,0.0004973117,3.464504e-05
809931de28ac84cde391bb4184fe3cbb8a8fb3d2,0.008384109,0.98914987,7.535266e-05,0.0009695837,0.0014211064
8099b0a0e3cc5f9932577b989819453fc85d4930,0.91409147,0.0014830526,0.07809841,0.005992968,0.00033416116
80a72a4970ce34d789d3bde3bdcc1897a4d96d74,0.91211134,0.0023879844,0.07724731,0.007799373,0.00045397796
80b72ffb6209c77a1b6317a35491a2ded6b52321,0.9495295,0.005763094,0.025586758,0.017855896,0.001264748
80be339d9c32080b162f55e76cb3d04c646f1571,0.087330066,0.00018335688,0.9117792,0.0006412296,6.614857e-05
813c5ddd13ccdd76a16ecb6ecbeefa0477e6471c,0.004596064,0.99344313,3.5678815e-05,0.000677166,0.0012479341
8157913bf8aed60ca8bb93efddb90d2803aa6a6f,0.06581429,0.00011796328,0.93372375,0.00031816206,2.5812069e-05
818f42973d933924c2459d0a3051233e8b572558,0.9590321,0.00291261,0.02490823,0.012547216,0.00059987826
81a21083e49c2c7cb50a59102453bc94da5dc661,0.9637058,0.0008369073,0.031175539,0.0041355244,0.0001462873
81eee390bfa2ba4a6783bf742d7c1f5577872727,0.010531215,0.9843105,0.0001631416,0.0019720048,0.0030231427
81f4e7e4447feb07eeace7a9e61165191bc5fbe2,0.4759405,0.018239217,0.49538332,0.008674692,0.0017623708
81f5fc093364e94b8bd6e20ceef313e89e5a307f,0.6084397,0.0011120557,0.38524005,0.0048636845,0.0003444988
81fb4fef951ee50c5311c6f270321d2419f27e6f,0.64141005,0.0009718843,0.3528393,0.004511536,0.00026725975
82402665be55b87f84aca36ef2f01139a704e6af,0.5639794,0.0006071577,0.43157426,0.003611909,0.00022732181
825097219ff0a24995bd0c1990e7aad327633d41,0.44234088,0.0007912898,0.5537372,0.0028831337,0.00024753573
82741a528f701adadc471d3025bb9781b5dbac08,0.092775576,0.8923472,0.00083790725,0.008413123,0.005626283
828eb52539fabb6f2a63b32d3f2ae8a783f0e924,0.88521814,0.0036318435,0.09758814,0.012590021,0.0009717866
8295a1111aafc032d6aac0577cd2ae74f2d6ef18,0.27830738,0.00015635145,0.7204658,0.0010195395,5.0958548e-05
82aa9714c0624a02478fcca3f7e098c1a5a61513,0.5415243,0.0015121442,0.45069653,0.0057684057,0.0004986522
82beb10b4596758f4a7f7026962e218ff67d952a,0.031404644,0.95573735,0.0035390216,0.0039907033,0.0053282883
832cc72e0de7acae91cea6cfda292a0b29a2765a,0.20057143,0.00019204964,0.79793715,0.0012161641,8.324735e-05
8372eb7514a3de5ef20435e1aabf0808e7f25604,0.84567064,0.002921687,0.14022593,0.010338069,0.00084364275
83833f6832ba25805852cd145ae2a0a1c5ba0001,0.06715603,6.3059015e-05,0.9325084,0.00025432225,1.813742e-05
8421b52dfc2c73a5c1a5bb5492a9093f019e40f1,0.7060988,0.0008028866,0.28808936,0.0047669574,0.00024201382
84a12a8fb9ffb82c79899838ffaa32cce933a8f5,0.90541995,0.04231863,0.014309703,0.033927273,0.0040244297
84a84af332d8410a649bdd889722d90fddd46bec,0.004629646,0.9933994,4.70804e-05,0.00067846,0.001245444
84c6dadff44ba7c6d6daa7a2e59e0b59d46364a0,0.86202025,0.012624584,0.08572747,0.036193106,0.0034345577
851a6548977da40c3fe95f93c8fa63820618640d,0.12688567,0.00017471414,0.87220174,0.0006802947,5.76146e-05
8564e8dd4c184aa8f193e7ffd7a19529a2ada380,0.7610464,0.00042092285,0.23576117,0.0026655153,0.00010601105
85b739fb368731cd3a22a740d1b08dc8377200b5,0.33772358,0.00033560017,0.6599404,0.0018901966,0.000110237735
85b9380dd8658400eddbc561f13b9e2602d25585,0.006286463,0.9912288,7.434035e-05,0.00089073967,0.0015196447
85fc7c85ce292cf90c89ac9de6920fb23355dd90,0.6140124,0.002298196,0.37314543,0.009647462,0.0008964779
86b0edba7f83c164a8cb1b597e84cbaf473771b6,0.87296146,0.009482333,0.10851956,0.008063286,0.00097342284
87344c94ad76e7e284ae2c6ea21f2fb4af2d6e6f,0.0082839485,0.98451763,0.0004257334,0.002109907,0.0046627843
875b40e7c1a60b0df8559f1570f8f66691bb9cb4,0.009248497,0.98479146,0.00013218063,0.0021002141,0.0037276188
87681f25a07d0a804ce9e362e1567a0d587b4815,0.11848731,0.00010741521,0.8806544,0.0007073088,4.356953e-05
8771c61774bafb439e99f54fe2f1ec8a595f6a15,0.6868728,0.0016025597,0.30778906,0.003541573,0.00019403321
8799b775bb3366dfbeddbdd164c29abdef9d282e,0.3446278,0.00023814422,0.6539886,0.0010777622,6.769849e-05
87b2eec153fcdc330b4c1bd0afab63e028638377,0.76633066,0.10337979,0.103162326,0.022103045,0.005024219
87b3e02af79114d65b1f4b982d644dfa8ecd49f9,0.012529651,0.98087937,0.00018100932,0.0024528205,0.0039570946
880628b7c9df29b90860022f0ac69ed3cc1b4d29,0.77438205,0.0005247624,0.22143124,0.0034996092,0.00016224661
8817d1ef9dbe2964ee7ad49511b168e0ca188c34,0.9697673,0.0014551413,0.022281144,0.0062350156,0.0002614025
88265a7926dd85e77d10f015df7158e877b450a9,0.012878149,0.981447,0.00012447777,0.0022064212,0.0033439184
88ec6deb265592eacf5180b3720bfd69274b3a03,0.3257268,0.00032178784,0.6722756,0.0015654422,0.000110341476
8925998973a33a0580f4b36f6249793330e00448,0.3419894,0.00046541324,0.6553506,0.0020494927,0.00014502558
8927230a94cc87b5007f95b83a056838711a8d18,0.005657903,0.99135125,0.0001100963,0.0009604203,0.0019203104
8944fdc054984a2d284ab4b46cae71a7425927bb,0.0052332273,0.9921766,0.00012244431,0.00088292686,0.0015847838
8964da0bbf32d72667b4a8a7132c59a21efb5ad4,0.97239673,0.004565079,0.005437071,0.016807774,0.0007932917
8971560da841654042f221f023b57627ffb3c68a,0.26588973,0.00024579768,0.73271257,0.0010760706,7.584771e-05
897bf1448815e1b20b77416abcd4502baa854609,0.006662319,0.9897419,0.00011655048,0.0011991631,0.0022800607
89af600c262bf0f90467ddc60a798c710409ca5b,0.9118424,0.040555615,0.024961201,0.020562623,0.0020781597
89b3233697a364f36648f5cc762b8871bb796219,0.0044727186,0.9935822,4.5729517e-05,0.0006765998,0.0012227733
8a00e47d47f430d08e977673bb3aa1260773505a,0.75968,0.0025839093,0.22966188,0.0075723147,0.000501893
8a04bf8e4820320ed7dba53cf31d7346ac0cf6f8,0.9549041,0.0012969929,0.037498698,0.0060383715,0.00026196064
8aa6e6fbcd12d694dbdd004d64ccde6fc467e228,0.0040584398,0.9945233,2.4167743e-05,0.00052537926,0.0008687454
8ac57b97d3011dd06d76b12f98d6ba6e379a8583,0.24166283,0.00044255482,0.7560961,0.0016669256,0.00013158773
8b6d5c21a1cd3fdc808991200d40ed4216fb434f,0.18344802,0.0003966157,0.8141671,0.0018125664,0.00017565374
8ba27d258fde5d01ce3a01d3b32e3a77f5aaa01c,0.96874,0.0061859787,0.0093225995,0.0148901995,0.0008612294
8bac789341101abeb21ae2bc647a5ac4537d8bf9,0.032160815,0.96122617,0.0004459397,0.0031166677,0.0030504223
8bb8c2e76969a4d5dbf60a5d57eb04af8b20c4bd,0.80300546,0.0008428102,0.19129013,0.0046234215,0.0002381903
8c0d596e13f61b8f2785d18f7728cd7f59dfd91a,0.7223239,0.0014613324,0.26938608,0.0063353525,0.0004933241
8c399ef2d3cecd969018e5919f079602ec8592d0,0.37196144,0.00068651186,0.624136,0.0029820718,0.00023403057
8d71c5e43546c487adfe2376024bca4f71f13cf9,0.0075129387,0.98978335,0.00015350866,0.0009348608,0.0016152946
8daef43d6364153b91cdbc9ce110c9768d62c747,0.0036267068,0.99532676,2.4281935e-05,0.00038020444,0.00064203
8de16294c60318a5e14f3d75ff1c31efd33f4929,0.0042903703,0.9944342,2.770597e-05,0.00048348628,0.0007643538
8def6fa867c1f6fa018a75d9437c96da27ebc653,0.0055474783,0.99311197,2.3118426e-05,0.0005552069,0.0007622201
8e09bf48158e6e3f1895bedab209af94422a38d7,0.18160073,0.00022856746,0.81706345,0.0010404997,6.677726e-05
8e29e7517b9d8cc0bec21b841cf4bbc2dfb1f2c9,0.9300011,0.002477999,0.056592096,0.010276037,0.00065276836
8e5d659c8dce795ec6ab2ed7a1b61cd39688cb5a,0.5732304,0.0010354969,0.4218489,0.0036425863,0.00024261235
8eb1126142f953756615fafcbb2cc29557298c18,0.11213307,0.000109486464,0.887178,0.0005336741,4.5819383e-05
8ebd13d8cc5bf38e26fba6b558a3ebb6e425ac5a,0.16843928,0.00015754659,0.8307081,0.0006454046,4.9768263e-05
8eed74ac393a9c28b1553d8f19bef476e170be8e,0.081213735,0.00026025856,0.91771704,0.00071579544,9.316125e-05
8f157f16224358eff499e4d516646d594376bc53,0.0072650216,0.98991793,5.5387933e-05,0.0011038388,0.0016578676
8f21bba585efc8b1d70bbbce9453745a6f07fe3e,0.11569284,0.00011296222,0.8837214,0.00043727795,3.5545138e-05
8f6025914c3d077bae6b408315ada9c4838de506,0.0048536756,0.9932927,8.261981e-05,0.0006164733,0.0011545391
8fcfecacd3c47dafbddcbfaeb72a09f51e04b494,0.05999005,0.00012195984,0.9393191,0.00050947425,5.943848e-05
8fe33e7476cb5b7f63150df082a0f91bde079be5,0.68775016,0.024304274,0.268015,0.017488627,0.0024419592
9055ab4f12aad23abe3b5dafc2d48c5c293d17cf,0.21941546,0.00017935145,0.77941614,0.00093242136,5.6656318e-05
9066fc88715e33b69494562e2417356810a0286c,0.9823387,0.002236641,0.0064719357,0.008590684,0.00036192662
907fdc32fd896f08a94c5b27ac8913bda5e0aaaf,0.5074985,0.00039738492,0.48996678,0.0020299465,0.0001073733
90e0b14f284e0319a84dab9ba868a0201b8406a1,0.009689014,0.9858965,9.891644e-05,0.0017211033,0.0025944274
90eda08f48d3f894a1ec1e7e68ca42eec7b9ab9c,0.10657713,0.00017257691,0.8923594,0.0008137264,7.718116e-05
90f9f6236bf100916598e240422ed7143d336444,0.6124541,0.34121507,0.004532275,0.033155687,0.008642845
910dbff5c52c1ca9c7e90f66ac8ccb6fd9f61958,0.0070938882,0.9909725,3.5590085e-05,0.00082278263,0.0010752089
914b001550281785098ac4cb2fbf6f1d2ef65a41,0.004750362,0.9937469,4.3218522e-05,0.00056651933,0.00089300243
914d19fd563923a99daf22b5f4bb076be008a2fd,0.0063360906,0.99079543,0.00013667303,0.000954274,0.001777603
9153e54b3bc15a1e89adc3fdc502966689bf1e71,0.0044151414,0.99332255,4.536179e-05,0.0007755227,0.001441458
915ba928b81b61b9c0e562cd0d444499f382f4f1,0.44439352,0.00075855776,0.5509005,0.0036758655,0.0002715307
91fb902c1e4ec7acc975c5120a24a2d2cb500220,0.02087388,0.9729138,0.00034946736,0.0028112123,0.0030515422
92019adc09c1a28bb28b43afe1815e06f2fad72e,0.6344282,0.00052984734,0.3614863,0.0033882116,0.00016737639
92053977a6b28dde78f6becc7609e7e36ff8ef9a,0.9658174,0.008043698,0.006571489,0.01831805,0.0012493009
9228c551e38331bec7142222e3c95cb5f96a0247,0.5237642,0.00044344694,0.47318155,0.0024781837,0.00013262781
927e636fa2d50337331faf0a3d5173850529489b,0.22179207,0.00015874642,0.7771603,0.00083993434,4.8985625e-05
9299e6433f32a140e3b56adb2aeb3661afb103e9,0.9753817,0.0036365374,0.008822122,0.011531526,0.00062824355
92dce967653e37b0587255194db8191acff0bdd2,0.13194251,0.00021871681,0.86712134,0.0006632506,5.4230673e-05
92e0f406a48566b9bca344f49c38f8c339c657e7,0.9318913,0.014108629,0.03162397,0.020408003,0.001968083
9300f3171f0a4df9abcb3e456046f7562e8be257,0.0042020716,0.99414814,4.460843e-05,0.000573989,0.0010312715
93090a1272d6e9c4070b181a3dc61b17c6ad7c8b,0.004240509,0.994463,2.7706776e-05,0.0004935182,0.0007752767
9315a4e62cbf0be09064a1543983028800e3ec36,0.0048360294,0.99306995,3.8263403e-05,0.0007655447,0.00129021
93528a47cb418a0d319023602d2d1dbe22a14124,0.038736,0.00012819945,0.96074295,0.0003464463,4.6430763e-05
935df75fb21adc0c4008726e4baeb0337fc03307,0.9083422,0.002090498,0.08269315,0.0065023783,0.0003718889
9362cab7b1f02ae1e56b9b62b23f16bddc55b1b5,0.093971156,6.885433e-05,0.90561366,0.00032402517,2.2266579e-05
93e4e980d21e107163b60e3d56869b48ef0071d2,0.14367852,0.00023585663,0.8547263,0.0012601744,9.90908e-05
93fb42d64b30c15216541fa674a3a463d55b36bc,0.96323663,0.005671953,0.018322702,0.011914081,0.0008546659
94b0f94445627a400153dd2edd229fe138391de0,0.97705346,0.0021414743,0.012889544,0.007558895,0.00035648103
950827f1535e1865470ab879f625a407cfeefa52,0.27046263,0.000742076,0.7266284,0.0019512952,0.00021553507
950e83f2fba446a7cca7d0387f3ce3235a596ea4,0.040852882,0.950928,0.0010541669,0.0038409492,0.0033240647
9514ae4eeea6d081cd345c84180d44defe56eca9,0.0041904873,0.9938308,5.80483e-05,0.0006445175,0.0012761556
952b5f73d99ad910a2b872562ed92deb32f6c9ac,0.06725196,0.00012339864,0.93201816,0.0005573718,4.908459e-05
953dbdc2712c9e869fa8a37870fa62d0c2f12be3,0.003397862,0.9950906,3.3770022e-05,0.0005150082,0.0009626319
95420db42eb68eb218464930925d3a1c8086709f,0.0044284775,0.99389344,5.873626e-05,0.000586304,0.001033023
95a5a039696020101f02fc51d7d34f52fa6974ee,0.46460697,0.0002117884,0.5337159,0.0013918654,7.347858e-05
9613558b5ab1950db48f591e88863268163e7e97,0.0033974485,0.99496955,2.8378268e-05,0.0005639026,0.0010407266
9628e4a159ef849ea6afcde70f6358edd2c20bd7,0.9361216,0.0035313044,0.044526793,0.014780487,0.001039782
967e6d875a1dbfd2a8a4fa2aea7ead54b543d3f2,0.97894454,0.0031834303,0.003817516,0.013520441,0.0005340868
96a9bd9d745a09a0d645b2ddac4a447ee969b885,0.0039470713,0.9945305,2.8365746e-05,0.00055005925,0.00094394234
96b36be6ff419d2fb9b35dfc05503e7ed2aa4ec2,0.003875379,0.99426794,5.035697e-05,0.0005957614,0.0012105433
96e09eb3e3afac7a1ef3334f3df1fb2ce8e3b19d,0.9390474,0.0016897041,0.052899882,0.006067058,0.00029592952
96e14929c32c48d5dd271c99a0206edfa9a6660d,0.06887636,9.156247e-05,0.93059915,0.0004000665,3.277538e-05
96f1f0be06407ecf662270dfa3f793b51ef0db31,0.0819247,7.42692e-05,0.91765004,0.00032324143,2.7752374e-05
96f6511ac646fd5d6cbb923952aa3e7e275b230f,0.9636704,0.008232206,0.0060582035,0.020556025,0.0014831776
97180137e718b513c96960f856d97ed3b120d0c4,0.004556099,0.99349844,4.3292188e-05,0.0006765427,0.0012256588
975383d8f1bb6bf4370da455a59e567c5f7e7dbe,0.8268352,0.0019103622,0.1570356,0.013377603,0.00084112113
978051623d4f7910a4ddd55b99ad5569662e68d5,0.8393014,0.0027453639,0.14542204,0.01166045,0.00087064254
979d205d2bbf709301db8b70852bd10970113df7,0.0064325305,0.99124897,6.309312e-05,0.00089249935,0.0013628938
97b22e9a72b630f6de7d72e14f2f3000df7dad92,0.0059312363,0.991653,6.905221e-05,0.00086454785,0.0014821799
97dc0fe026418693904e4868702f331386900eb9,0.004891448,0.9932327,3.2861903e-05,0.0006924012,0.0011505301
9827223b6be2be42cff2387778ed07e4112e9a8a,0.0052629346,0.99270636,6.4937456e-05,0.0007181977,0.0012476175
9846d89eeae0d807b02a436e2fcf481b3bd7fb82,0.004544379,0.99385023,3.3400156e-05,0.00059434905,0.0009775267
986bdb07e65310e4ebb424903c153d50422d88b2,0.004328949,0.9941104,3.3935015e-05,0.0005790341,0.00094769924
9892cbd1d2a4328213ac714dfe24a46da3283dfb,0.93703926,0.011488632,0.0077206395,0.04046313,0.0032883352
9895f081172c758e065896489e2fd2af8eff7d65,0.0035361198,0.99445033,4.1918473e-05,0.0006269112,0.0013447836
98a70c388e03db2750c872b65b38f0e7c3b6f6c3,0.0038379116,0.9943182,3.1268934e-05,0.0006410663,0.0011716406
98e92cd1fd1062aeca09bd068ba00e465e9d0cf4,0.041702006,0.9472813,0.0006457005,0.005491522,0.004879494
9928f7fa825aff4637a52d48f5def4866d638c13,0.019121435,0.96648085,0.0006128594,0.0055186544,0.008266299
998feab6cfae08373049d3083ac990f902b93508,0.8351225,0.05257274,0.06611831,0.039810132,0.006376239
99aa4b7b310ede62a66fc6797801c10fb3f18f52,0.089994,0.00023561186,0.9089072,0.0007680282,9.51958e-05
99e05a1c511cbf76e64d3fee419ce7f5635deb9c,0.6255237,0.00058165396,0.36988738,0.0038002757,0.00020699044
99f84e3aecfc812d8d28677eb0ea9d0865961a4c,0.9694603,0.004359872,0.009416487,0.015936073,0.0008272348
9a3c2f79840227c83eb207ce1b65a9a3eadc47e6,0.96755725,0.0014920712,0.02084529,0.009682135,0.0004233312
9a87006903e08e379a9496f868ce9634843bea83,0.005113014,0.9921313,7.411795e-05,0.00090206,0.0017795654
9aca589737a4007b3036ce3cff316e22c6f47842,0.2677911,0.0002028396,0.7307806,0.0011469222,7.85077e-05
9afc1a2b4d9f515bc9c5fa39575d1cfeb5969612,0.0062318714,0.9908116,0.000112645794,0.0010089155,0.0018349558
9b6a30faa2348dfcec47c8384447f699507e711e,0.9628536,0.009247873,0.014492226,0.012359594,0.0010467422
9b6ac379b03b908107ae8df566ba259fb4a63d07,0.087977946,0.0001335675,0.9113954,0.00044484777,4.8186354e-05
9b7dab4354255fdfda8ce0c7e55237bb35f01b26,0.8806341,0.00560692,0.10134523,0.01143744,0.0009762415
9b866284715be55e9a191da635240dc1df63bd14,0.084737815,0.000111118636,0.91458297,0.0005158184,5.2284096e-05
9bf745ccb5a22910bb6557d9c5065e4f0b47380f,0.004087676,0.99340713,3.995693e-05,0.0008112241,0.0016539914
9c16c25eb1f2acb33ab0c5ef85bc7cbf4e9200fc,0.35396296,0.000606562,0.6421972,0.0029335802,0.0002996841
9c98d322f1e1c03867822cfd101c9c681ad4096b,0.9709438,0.0053919614,0.009284685,0.013495952,0.00088365865
9c9b00876222cd20f4ff9ae894ead1fa36526960,0.9406025,0.0019671754,0.045611203,0.011331374,0.00048775965
9cc0096196b2d9c6174e4e4ab12b6c05c519efc8,0.00539815,0.99316823,2.2584167e-05,0.0005887439,0.0008221935
9cc09294223581af49a0ef72482f6a4be9469b89,0.9148405,0.020360036,0.04391745,0.01902403,0.0018580565
9cd84cd14eb9cdf596d00a96d0fcf35c891b0419,0.012660378,0.9755093,0.001504334,0.00321907,0.0071070315
9d13cf231ebaa17077222150aa737ebedc8c50f7,0.72367364,0.0022898382,0.26622468,0.00731271,0.00049909623
9d7bf1ec92ccf34b91c01093b93b09cfaed588c4,0.0041631,0.99459356,2.3425837e-05,0.00046096937,0.0007588976
9d8f90ae8b33243294ce2c742fa466ed65c8cf3e,0.43598634,0.00041259872,0.56091195,0.002532415,0.00015660482
9def047c04147ddcac5d32b2b9638aacb09162c3,0.97988427,0.0032525088,0.009848674,0.0066541918,0.00036031788
9e8250f92f72775c8e508808f215cec4ac703f72,0.9690859,0.0056124427,0.0067303465,0.017585522,0.0009858296
9efa7906b28c4f1278f7b2b0736917a6efdcdfbe,0.9618094,0.0014152864,0.030557113,0.0059760604,0.00024212695
9f165429099303d27923c2de8bb5e2efa92f0845,0.124766864,0.0003263313,0.873699,0.0010804996,0.00012729494
9f1702b44113e407f4be693ed91b39c61b7a90a6,0.97062546,0.0037300333,0.0136906095,0.0112725925,0.0006812826
9f52d77cdae11505ddf4776ae95ac9c0437dd3ac,0.01930981,0.97267187,0.0005839605,0.0034300876,0.004004309
9f67c236515506f0e2a80cb122e08a3f2bbac8c9,0.074859224,0.0001154405,0.924526,0.00045479598,4.4506276e-05
9fff4a006d27b240f15195970433028b7c317d99,0.89460033,0.0014514296,0.097854964,0.005762982,0.0003302452
a0285ee2657b30b0646d27a10adc4df925397cce,0.0034371517,0.9953557,2.6255795e-05,0.000434644,0.00074624555
a07a9fc65276c7b3e66356369647d501687ab04c,0.9642331,0.0016077708,0.0259038,0.007855975,0.00039942496
a0c6401fb1c07118f4bb63f7ece49386769e1a1e,0.017187657,0.9781818,0.00026887108,0.0020638285,0.0022978745
a11113e50f5711a29925f618136065af9c3c2dfa,0.958655,0.0019470445,0.030175649,0.008798782,0.00042355238
a14d8bb64623087cc9764520fae4173e8cf687a2,0.76192796,0.0010050051,0.23192146,0.0048653614,0.00028017213
a19d4b56498ce7889ac847c466c870a987824926,0.6156431,0.00076434284,0.37854663,0.004774515,0.00027147232
a19dea4e11e86bff4b9a65ace1bb222f83a2398f,0.006245623,0.99154437,3.926369e-05,0.00084360386,0.0013271752
a1d391ad01aa22d793b176f1fb8e092e243b1ddc,0.91485965,0.0046803835,0.068442725,0.011260598,0.0007566265
a257be61549c231c125c084cc5e8ef087bfc5f52,0.78247225,0.00087593496,0.21266626,0.00376056,0.0002249587
a262992f34139d818076c787fc2b683521768242,0.9096739,0.0033129922,0.06997547,0.015906049,0.0011316006
a2983bc28b9bd42c33903e5a0a80d0c2494fb88d,0.005152554,0.9929924,4.1208088e-05,0.00070107786,0.0011126868
a2f6d6ff0f62276e425653dc834074230854ae79,0.29649043,0.00095478754,0.7002167,0.0021059134,0.00023215992
a2fecc417616647bc98aad030152301a46a1f21c,0.33339456,0.00033324526,0.6643304,0.0018191858,0.00012259408
a3400257cc6da250b6e3c02112201f12fe88d01e,0.8954069,0.052486848,0.024178455,0.02467942,0.003248319
a3c8bb81aa30afd27de00f07bc08ff1b9f957470,0.0065268013,0.99115026,0.00013355481,0.0007806579,0.0014087654
a3d534ba088759cd569f290427199dae40c00ada,0.032613877,3.875042e-05,0.96718174,0.0001508848,1.4708001e-05
a3fb0263888145b3e8a5213946f2f77a964238f5,0.27261332,0.00072496413,0.7238736,0.0025452431,0.00024283254
a4404b8b4c1efc887286ece86cc72b5259cc8b20,0.041798674,5.286642e-05,0.957859,0.00026379974,2.5664587e-05
a4ac80773e8734bb7afa1f1e6750d194980b37e4,0.9835496,0.002027083,0.005338045,0.008747395,0.00033776852
a4b429ed6e571c822ec3c642fedb7b54e37e1b55,0.859966,0.0029307322,0.12510565,0.011103758,0.0008938228
a51bf1fd150d83b6bab3f088f05ae1ad2ba331a1,0.005567232,0.99276274,3.336361e-05,0.00064382487,0.0009928029
a563a750d36fcdd1ebe1b64bc254675d689aa6ee,0.13505968,0.00024878696,0.86366546,0.00094074785,8.530939e-05
a599038bf7022cb0e9d0d9b9b901b3be58c0aca1,0.004211742,0.99327844,8.0704755e-05,0.00076795206,0.0016610606
a59a4ee43d81b5eebeceb3b53b8737ecfc87a63d,0.10869432,0.000108222084,0.89074236,0.00042304,3.2115597e-05
a5de11781e5f40cd401f20b475cc0051f06e0e3d,0.12970187,0.00026086668,0.8692079,0.0007592787,7.007432e-05
a5f0d36e3a2181a7c9399c83265993b63e4f7868,0.08417749,0.00020282884,0.91476727,0.00077298,7.942892e-05
a60c2d34fa4321a8f1aafc53adcc0bd77e696d91,0.11230752,0.0001501761,0.88682455,0.00066520146,5.251125e-05
a61b719feefe1e856ea6db2cefeedeb4eecf7837,0.004835752,0.9925282,6.9248264e-05,0.00088496646,0.0016818332
a6317e7e908c3743410f36809b05c91d0597b32b,0.8132687,0.0619668,0.05206674,0.06100609,0.01169164
a63c46f1c92fb53c522c6f26246a5558e86ba3fd,0.8832763,0.0018837178,0.10757295,0.006843412,0.00042361082
a641973697045ecb002324e5e94e194b5043f695,0.9633035,0.005328676,0.016716788,0.013680535,0.0009704241
a687352ae1f99b7ee12fb52db8d3eff7b5842396,0.9332666,0.0021731786,0.04929255,0.014492798,0.0007748707
a68e1cd072da13f6815d92b3427e65f18ce0d7a7,0.95111567,0.0013147562,0.03842281,0.008772313,0.0003744833
a6a82b5f5fd74c15ab95ee41d3b1bdb093dd6d5f,0.08082359,0.0002808764,0.91777873,0.0009822716,0.00013450302
a6ab6279c49859a309e7635bf5c9a58cb67cdb1e,0.7414177,0.0013108471,0.25127122,0.0055893827,0.00041086823
a6f9524e2d54f0bb869afdd4df7a74c6304c4781,0.87451476,0.011357964,0.088490725,0.02318019,0.002456332
a71160643f6e2171f2be2e52c11c8332e16b045f,0.006214971,0.9924764,2.4497804e-05,0.0005635892,0.00072048977
a73018ec3aacba5c1ca71831f183eda81f1481c4,0.11013064,0.00031115214,0.88852066,0.00091274246,0.0001247385
a76cc2dc5b6c59d0ffe466c8dd6f4be22c0dabbe,0.86064494,0.00071178866,0.1341936,0.0042717257,0.00017787167
a7a36eba4e6f2010f4279e58b313181c630cb8d6,0.97335434,0.005410629,0.00505312,0.015415329,0.00076664134
a8abcecf7e3e2922cdc49468b3f369f2ea295377,0.6434645,0.000996171,0.3512149,0.0040412517,0.00028318673
a921e2c4247025be7247ef32ab7b4bd02d5378fe,0.005304776,0.99232715,5.1350136e-05,0.00083280564,0.001483912
a9785f054fc51e55009da4c78d9826333c7baadc,0.9671153,0.0038608224,0.013334868,0.014850718,0.0008382293
a9a478475998201d18bb95e7baab0b799cea9809,0.2384223,0.0005084709,0.75918585,0.001713429,0.00016998411
a9d176ec1baea859c466ad74a87f3d06fc959e36,0.7595707,0.0024222736,0.22761948,0.009674293,0.00071323116
a9d9494484aee1a859ffc079838829ab27ede021,0.6864809,0.00038191307,0.3100261,0.0029574067,0.00015370523
a9e3bd5d1285ae5c79e16310c4712dbb0b2d4d0c,0.3315738,0.5847786,0.024113135,0.039465725,0.020068733
aa2e03ee8f11facdfec5c357e0fc987adc1ad8e0,0.8743517,0.0046332027,0.10716414,0.012893016,0.0009579846
aa2e45dc757c7fb476722a6ab0ab02d79d17f5db,0.947188,0.0024271088,0.04148466,0.008397312,0.0005028225
aa3d7d93c5d08b69eb8f0be7f58dd3bad595a323,0.018839374,0.97432977,0.00019139682,0.0030754432,0.0035640944
aa3f6951c32fe66db3ddcb4ac081606fb3ce5ff0,0.6555601,0.0011819085,0.33811313,0.004813514,0.00033142496
aa4fb0146659d0713351e5ac23315f549bca5389,0.67296296,0.017673068,0.28550756,0.020823963,0.0030323763
aaaa3de32e2bb82d4f724acec8cb146d3425f771,0.005543203,0.99137807,6.2244486e-05,0.0010819699,0.0019344792
aad3c9fa7e5abd75cd4fc4e76c44608a827cda5e,0.5071689,0.00042273925,0.4896485,0.0026406671,0.00011923908
ab0573c5fad77973d8032da5583ff200d6ded9a8,0.07896644,0.88624346,0.016928252,0.00834742,0.009514453
ab78de95ce2bccf7828f06f62280318fbeef83e7,0.8880857,0.0066689784,0.09023769,0.013750834,0.0012567404
ac2d59b08a60925d90bc6b874f55eb637cb91cce,0.7887451,0.001675558,0.20276442,0.0064042807,0.0004106132
ac37b67d868c42fe1f1bb8787f759efc13dc1f22,0.012411161,0.9840169,0.00021690867,0.0013952161,0.0019598992
ac3bb264d91b914866cce86bf407c2c014a44181,0.007710094,0.98908323,0.00027561001,0.0009925098,0.0019385014
ac4fe2820b4ce072f7a20c5858f93a06497624fd,0.08656662,0.00017858698,0.91267794,0.00052284996,5.4042095e-05
ac575d1705d8bdededf8b0937317c85d518b8587,0.6511883,0.00040415098,0.3458435,0.0024373424,0.00012667595
aca61929158a49a75faf74697df765aab9ee3ac1,0.007923966,0.98837656,6.815523e-05,0.0014297356,0.0022014808
acc1819eff732bb96d4ea17d2f12cc882e42535a,0.06132476,0.00018497635,0.9379744,0.00046141158,5.446573e-05
acf29144dcee2f39efefc957007b08ce509481b4,0.0066387397,0.9905826,9.0492525e-05,0.0009988798,0.001689225
ad1390e694ce72d24c9244cb97d3bfde4e5b807e,0.0040694745,0.9938246,4.3902546e-05,0.0006996128,0.0013624377
ad5cadab36e5f9bf048ed5ac77460c75a81fa6d7,0.18166716,0.0001325918,0.8173623,0.00078723376,5.072088e-05
ad8ea9231afb45add85e8d5f1ab90767090ceed4,0.96756446,0.002999408,0.016496148,0.0123475045,0.0005923513
adc859e0aced36905e67fe3747492b90dcb04649,0.9840789,0.0018323021,0.008703095,0.0051791235,0.00020658487
ae3baa6c34aa523fd2aa4de3c89448efff922311,0.86949694,0.0014812923,0.12380354,0.004890286,0.00032794883
ae53cdc13a51df53d1bfb022ab8cfaff9d86ed75,0.0633796,0.00013450802,0.93591523,0.0005056489,6.504383e-05
ae5922ef2aafcfc09e714f439e0abc8910acca06,0.00663322,0.99120986,9.179632e-05,0.00079299917,0.0012721688
ae8f2bf59b806326cbf5e9216764fc7c720aa0fa,0.09132777,0.00010486553,0.90807766,0.0004502082,3.9492727e-05
aeeb2f9f6202c23e51da33c3bb17aa94773b479f,0.0047853123,0.99278307,0.00012542462,0.00077965646,0.0015264932
aef83dc3b29a3f0b134e8d5e9caba49fe411b6f8,0.2994552,0.00023957361,0.6989792,0.0012479422,7.808257e-05
af0c363f7207e4199d3b5cea6cd5ca977ce58756,0.9363816,0.0019583479,0.053763844,0.0075512305,0.00034499445
af7fc5af7f0d17eb6053fae764c19eecb98bb0b2,0.74114656,0.00098142,0.2516704,0.00582696,0.00037469406
af9e220f6610cfa4ca22b2ec62261f7ee9e3148e,0.6197042,0.0053093885,0.3562139,0.016725551,0.0020469516
affcfab8fa5467f555ab9a19fa296ac7456bf9cc,0.91062665,0.031396654,0.020848408,0.033080615,0.0040475726
affd5449f7828ac42b1e735cdfa59ba404017f71,0.94482416,0.003488376,0.036265504,0.014508422,0.00091355894
b04dad4f1870c0532575b7649af87b09e7a6f36d,0.9363012,0.003080649,0.047396045,0.012467055,0.0007549455
b0a5b13388bc58286ae6e8dd9469a0d2c8f63d42,0.021342218,8.106086e-05,0.97836465,0.00018995034,2.207441e-05
b0f3bc798d6c3c45dc72a428d2cd9314697bb844,0.0054802937,0.9916803,6.275181e-05,0.0009720641,0.0018045634
b1807b0293714fd077c5a446e20d392e0c4263ae,0.9733353,0.0042467685,0.010536546,0.011254498,0.00062692555
b18229823538b034fbd2739a975e9649098aefe8,0.03225043,0.9545373,0.00041519472,0.005695319,0.007101796
b1e4fe5a56790c796878c91570eb55dff230bb4d,0.5278037,0.0031692348,0.45856383,0.009507899,0.00095530116
b1f0d046dc7745107c56d319dda1efa405694316,0.77734256,0.0009860573,0.21501864,0.006367415,0.00028528256
b20e138790e88df3b650c1ba95121414e3150d39,0.9752687,0.0032753474,0.007911045,0.012894301,0.0006506477
b210cb5997bb7165f8f299435daa3a42f0947500,0.004205466,0.9930097,5.891371e-05,0.0008188572,0.0019071567
b2370dccda5fdf4c1454aa048c6a4d295a1609b6,0.00519619,0.99263895,6.0642575e-05,0.0007592575,0.0013449584
b25eb0a5efe9cc31463e649667dd705b8303b1b0,0.009417441,0.985789,5.657531e-05,0.0018571225,0.0028798808
b29ab6ea95cca4231743f9a06772d8a81b63722c,0.014703227,0.9826131,0.00015479651,0.0012403713,0.0012885231
b2b02b5b8950666ca731e46ec0b4c1fe39652046,0.34721938,0.00018613311,0.65123016,0.0012945458,6.982509e-05
b3302479a4931ff9233a4505882ca08f82504338,0.6143226,0.008104303,0.36647072,0.010095823,0.0010064786
b3b7a564d7321ff2407d5ac41b1e6753f93fd66b,0.0045287986,0.9928637,6.635821e-05,0.00086984027,0.001671348
b47afab20f73e2fe129051737f4618558ca1fd4d,0.97433454,0.0046235775,0.006161241,0.014122169,0.0007584727
b4e7fb790004249f73da1aee9bc92a1691c8420c,0.68821263,0.0013054133,0.30598956,0.004213926,0.00027848192
b4e8cb26e7ddc0899002aa6f037dee20f7f205df,0.9626641,0.0037724038,0.017354215,0.015359976,0.00084916776
b4f615c200810e27c2cbdfa6e03f50fb48b6629a,0.65531826,0.0008215852,0.33997464,0.0036820897,0.00020331395
b5414650126c64991b9441abd834fc4510a279db,0.082041465,0.0001746242,0.91716486,0.00056149624,5.758495e-05
b5b953503542609bed3cc9a21010b122b498c5d1,0.23070258,0.00036993885,0.7668576,0.0019232566,0.0001465778
b5c79072d139d556a90f8f71f80fc88522219d28,0.0054679676,0.992353,8.4334184e-05,0.00074218016,0.0013524723
b5e06fb3570dfc4d48411bcfa9ae2e1e1a2e6632,0.004201124,0.99392396,3.1013296e-05,0.0006669902,0.0011769086
b5ee075917911a030fd7b05063111f171087ddf8,0.005232096,0.9931738,3.637265e-05,0.0006145963,0.00094311504
b5fae332f02bf756db6817cb67ff8e41dbcd1046,0.0813201,0.00013193645,0.91802204,0.0004779135,4.797124e-05
b607fb7459e29da0846b2fd549f08763599a5860,0.0055622826,0.99284923,3.110101e-05,0.0006265133,0.0009309133
b6382f05521a36b6f8f2c35cbe25bd2ae9e03cbb,0.97288936,0.0024687399,0.013897865,0.01023764,0.0005064769
b6ea03548c371a68e97e45a854873446c339091a,0.6199242,0.001153139,0.37380633,0.0047936514,0.0003227266
b741cfbb458532cd74f866755e1cc5f9eceea4be,0.8303147,0.0027053799,0.15464632,0.0114906235,0.00084301265
b7522ce8a3de8e4a5acc15c9dc8170c70d0f94f0,0.0116241,0.98393226,0.00048119162,0.0015916947,0.002370822
b75e1b6f971f0b6c238855dcf6fdc970ef114153,0.005187196,0.9923734,5.6731154e-05,0.0008304081,0.0015521643
b780884b569ad649ffc2fbe3ffdcb83796ab77e8,0.0048750513,0.9928076,4.560471e-05,0.00078349205,0.0014882594
b7d51ebc10df58e9ff0d81c7bad4f5ceeaed8d9a,0.9738722,0.0024954854,0.011558744,0.011522116,0.0005514068
b7e0f66356a10621a0df84622ee58ef7317a8031,0.82257915,0.0012270737,0.16859236,0.007207629,0.00039373132
b7f794d81866ce8cbdd35c58563e5d21ba9f3850,0.0038338336,0.9942321,3.5016514e-05,0.000678366,0.0012205895
b82a1963807ffd59c94e442c9a77b39427c6b67e,0.06731133,0.0002094789,0.93193054,0.0004889593,5.9666076e-05
b8d80e386622a5bfaf8fd9158c77fd90aae21d1a,0.8654699,0.052761786,0.005741081,0.06742571,0.008601567
b8e676365b693078c0084b5e9387a3842d688499,0.965556,0.0010893648,0.027257299,0.0058603655,0.00023697615
b91cf5580ab8fc273c333eb48d3afca51aed4e32,0.0064883293,0.9910982,5.834272e-05,0.00090024126,0.0014548284
b939657b3a7e388455f3a13cb84e0fcf5e745c45,0.70784414,0.008208685,0.2736989,0.009256351,0.0009919441
b943eb89823af783fbb796d245ec33dc463bc322,0.009985288,0.98622674,9.295451e-05,0.0016039985,0.0020909873
b982ea8f3c0ee1209e2fc014f66a5f465c8e1d20,0.004541954,0.99380493,3.7624504e-05,0.0006265043,0.0009890042
ba296ac966f96f1aa18952ccad689ab34c68a926,0.8466621,0.06841244,0.059292823,0.021847252,0.003785377
ba397f5338dccee6292878cc1506924bd3bde22f,0.004487331,0.9943975,2.7275424e-05,0.0004414946,0.0006464613
ba3ee9b441039aace1175fd4a4e6f2e68c76d75d,0.0762345,0.000118021424,0.9233004,0.00031707788,2.9957282e-05
ba6b33d571605f4ebfc22aa1de38eb440fd43cbe,0.24659376,0.0001942242,0.7521807,0.00095787394,7.343179e-05
badbe559bce1dc2504aed06e7cf35f63c701e620,0.0040665017,0.99406886,3.7561065e-05,0.00063903065,0.0011880512
bb2035965d75b96a01eb4ade932e13dd12643669,0.7798965,0.0025262586,0.20464373,0.012016849,0.000916739
bb56e256de6bb3e5a7d4566a6006a87a1e6495a0,0.35957912,0.0006173906,0.6372741,0.0023528733,0.00017654024
bb67f1ff3ad9a0ba9e732ad8a0daa8adab7e32e8,0.46171096,0.00035871853,0.5355941,0.00222332,0.0001128758
bb97ed6bfda31c2f3eca438dc751091299bdbe7c,0.0047907946,0.99343526,3.9492537e-05,0.0006544066,0.0010799882
bb9de2e1581f1f5b53149e79675bf150a689fc17,0.5773995,0.00071267394,0.41832924,0.0033147365,0.00024390002
bba94934f7cfa11228693491fb4f1dcc9ec60f1b,0.9090365,0.0021711912,0.07785637,0.010307719,0.0006281612
bbc26ef790f4a1a18993c52a2eb8c165c50691d9,0.3447967,0.00029363894,0.6530324,0.0017674139,0.000109724846
bbf28e2db4d0d47a1d4694f14846594ae33244a9,0.13083608,0.00012333492,0.86828786,0.0006892519,6.348737e-05
bc017e6bd7d83c8b6e0c74d446cd7ab529a9a280,0.004353177,0.9938338,3.445982e-05,0.0006682335,0.0011103718
bc04d5218726ad73f6e9612e384f282ebf405913,0.0052978345,0.9929662,2.766507e-05,0.0006722298,0.0010360985
bc2a6e6bb9a879525018c3c43c4adcbc8aa3cf92,0.1941141,0.00034724458,0.8045805,0.00087126956,8.694396e-05
bc2a9e9ee0b1745d4406c09077da5ac273991672,0.24038324,0.00023288309,0.7579913,0.0012989176,9.372644e-05
bc3f7e48c85170f013d828c3050717a5a494686f,0.1178834,0.00014808163,0.88131464,0.00060308643,5.077739e-05
bc435aa30b1af7355e1ff47fd9433062d832a3f0,0.2059879,0.7367374,0.013894989,0.025345534,0.01803421
bc59fbf035e5ac3069ee3a877e2c7d536ad397e2,0.084906675,7.287612e-05,0.91461736,0.00037227038,3.073739e-05
bca97783b475ffff043436fd01607984eb389ede,0.006311579,0.9913093,8.310153e-05,0.0008591991,0.0014367814
bd3ae5f62cc76de4546975f8b59f74d8b8e78913,0.94978356,0.0043556266,0.034330826,0.01081191,0.00071801426
bd65a7355c4891580917237c1883a7ec0447c63e,0.9823826,0.003505169,0.0042404453,0.009417031,0.00045486548
bd8706678fb86ea594ff6589406a400147bf958f,0.96111083,0.0057936446,0.010450034,0.021426382,0.0012191669
bdd900d7cdbbbc83616162e21fcb5770d338782b,0.97104,0.003749892,0.01368309,0.011005414,0.00052156096
bdf43ae46589b7b5cfbd0ef5832c0c03f8b9f6b4,0.9689835,0.0023600184,0.017772483,0.010382428,0.0005014965
be566a7ad37160a761be7e73d469acbe9b775367,0.05284396,0.00042949012,0.9458736,0.0007206667,0.00013227251
be7413153d0f555f0616d4606917167f2c8ee2ca,0.03424556,0.00013341448,0.9652857,0.00029197373,4.3313343e-05
bea74a5ec769faf97fab64087a4b5289a5d15041,0.005089285,0.9918761,4.8500413e-05,0.0010259047,0.0019601788
bed4cf019dbc672c9bc022f835928fc09d051523,0.0050177164,0.993328,2.6100153e-05,0.0006530592,0.0009751064
bee828e72df09d02d66c07c1d9f459534f35232b,0.004416637,0.9936591,7.5401054e-05,0.00064440613,0.0012044972
bf35626b5186ba5c90d24bc102099569e99f2c05,0.76619494,0.0030290028,0.22167277,0.00849505,0.00060821
bf89671f753e19f5467f79fb9ab2bb9e40ad0665,0.09081162,0.0002220429,0.90825176,0.00063874887,7.584197e-05
bfa451a648def2c224fc61df21474efaef897a31,0.4488673,0.00045484255,0.5478196,0.002689996,0.00016831052
bfcada19f8807fbee284f3b4a72397bc226f10b3,0.0051787985,0.9927039,4.732392e-05,0.0007373846,0.0013326255
bfd4b483a02b1d0b52e26f3b5497bd4f242513ad,0.076346084,0.8979554,0.0021657716,0.012640891,0.010891809
c0120e482e4c0f6c32d8105ce88c91324380bc01,0.053287882,5.872804e-05,0.94639695,0.00023731816,1.9140827e-05
c021db26b2e37b3f2a09404dd7a977ed10f9e0d5,0.0050096028,0.99317545,3.4707085e-05,0.0006802972,0.0010999263
c03cf0c5372f5da45dbbd8e266aeee554f847deb,0.0047731902,0.99317354,3.963666e-05,0.0007413444,0.0012722019
c05c34f3fda6ea06133fb099c75f6de4f25dba0f,0.97190845,0.0048713116,0.0075007556,0.014822647,0.0008967128
c084633acbddaa388df517640ec629295f8876a3,0.0045964387,0.9935242,4.4406628e-05,0.000677883,0.0011570659
c08ebda618fa715ddd15013c479b562f9c144cbd,0.17988831,0.000234972,0.81889933,0.0008989822,7.839892e-05
c0d6f9e76d5d1d7bb71be0fad0c707b2ee7b72d4,0.3764344,0.0005183281,0.6194244,0.003406433,0.00021649373
c0d839e08d58f05623136df040c86a952094ae6a,0.08385255,8.365147e-05,0.91569644,0.00034135018,2.611726e-05
c13fcf9178304e135f3e669820bba80bffafef88,0.1288662,0.00015147736,0.8703809,0.0005551644,4.6197983e-05
c1e54fa1948147cda67b7c5942eed3adb342d163,0.5638405,0.0008493572,0.43146798,0.0036039737,0.00023817256
c1eaa52ab811b58d7c793bcb8ee23627f62f236d,0.95776165,0.0026432807,0.032209612,0.006957319,0.00042814575
c250188cc8c62897d66a75f9cf6aafb4511d93ac,0.00452075,0.9940071,2.8130191e-05,0.0005401903,0.00090376555
c2dd1cb278640f47912c39b1f44ba384af0f10ec,0.52084035,0.00050066295,0.47608662,0.0024166848,0.0001557052
c30e757b47e395f6c3082add4c0d36d5aa90d38d,0.18823971,0.0020993387,0.80499905,0.003922081,0.00073982147
c32f70cc6884db6746e94f34ea7616a142bef90d,0.004746498,0.99342346,5.951665e-05,0.00064867246,0.0011219006
c3a8394f51b0b80d29717771dfa1a40d9925c68c,0.0056628925,0.9900477,8.463272e-05,0.0014010281,0.0028036775
c4415f7635fb0dc156e29649fbe17ba7e5682939,0.004343313,0.99352044,3.6385347e-05,0.00075993175,0.001339923
c45c169cb961154f721a52902b8a8d16b11b7459,0.16786653,0.00017931205,0.83112365,0.00076383085,6.6742796e-05
c48d70d817412e621643e01c8ddaac811b72a15d,0.0041436204,0.99429965,4.2655374e-05,0.0005451194,0.0009689376
c4992b42a931a21500dac80c7e3c1b4521e5b2a8,0.63362926,0.06613502,0.27573296,0.01951133,0.0049913884
c4ee26a3ade8064a2ec494996e836900fd32dd8e,0.96548533,0.012893368,0.004987855,0.015571366,0.0010619756
c5433fc034f8a897f01886f4da50af0343f17c59,0.0051861624,0.9931451,4.6429217e-05,0.0006309988,0.0009912474
c56b184a370262e2949e4394316b0eba85d24e9d,0.0063716928,0.99102545,6.246588e-05,0.00093329564,0.0016070879
c574e96247af7a6f91a52a8928319771b9c028f1,0.22009115,0.00049770135,0.7772488,0.0019916503,0.00017066246
c5b111fe50620ad97e28270b2899f7a2baa7155d,0.0047970437,0.99327505,3.623454e-05,0.00068236166,0.0012093344
c5f2231a19f4fc07bd3e00e76fd4f05da54a27a6,0.64412445,0.0010089474,0.34952107,0.0050198487,0.00032564357
c66c79a9e65198f5eebb4990cf76972f6bd6ace8,0.006088208,0.99237776,3.5640554e-05,0.0006524345,0.0008459636
c68c9d891fd782447aa4a031fd3179a4117823d3,0.35019884,0.0018198162,0.64411426,0.0035009428,0.00036612514
c6c76cebf43bcdf6d7a0354fca7a517a33137b33,0.62108177,0.001332333,0.37158993,0.005647808,0.00034823932
c6da0c74dd1d4f5bdec3e41d22dfa5a0ed9c055c,0.005112782,0.9925707,4.2002997e-05,0.00081610086,0.0014584132
c6f39cf418b301b3af64c02f844da9241d6a69b0,0.97806996,0.002203128,0.008282103,0.010934565,0.00051016937
c7895f6cb2b5db18f44b5b9120b3b5891765775c,0.08039788,0.0002766818,0.91830975,0.0008931399,0.00012253725
c7a9cfd06b583a9c4c52eeca895c66bf4902c751,0.0051968675,0.9927684,4.342969e-05,0.0007140465,0.0012772836
c806d79743c36959592a8d57788fadab3f37ec81,0.9448769,0.004179352,0.038885638,0.011261245,0.0007968648
c83e9738ae5d1790ee85b99863deb734e7614c52,0.967092,0.0015030504,0.024222499,0.0068724197,0.000310172
c849c5dfc1bcb2d2525595c792e5e12ec24288ae,0.0044326475,0.9933733,7.582234e-05,0.0007186802,0.00139957
c84bd2536a962f3330898cb4f19107ec0b580c7f,0.6786621,0.00062371354,0.3174619,0.003082041,0.00017018108
c8957a66453d3bf8c5d9a8dab3d7db47de8712b4,0.7735816,0.0014001483,0.2188389,0.005809123,0.00037027843
c8e49a700f1d664be60760fa1588c40694ca9e8d,0.9643792,0.0061943214,0.011986599,0.016399745,0.0010402419
c8e892c58980372ff7d5d4253f1ffae2318e9660,0.59091336,0.00052739,0.40533596,0.003023088,0.00020017466
c8ead25b9e3c3f05fce76e1f1d102964c5e038ce,0.8124583,0.00083951117,0.18128395,0.005162757,0.00025553687
c920cdde9b65a124de592bf659ff27baef9da5ab,0.06248673,0.00060016324,0.93543243,0.0012581983,0.00022251936
c92bba121202830c4f14119dfdcba813f390f271,0.9646194,0.0011767417,0.028108979,0.005877595,0.00021725058
c96036221d1bd893a7e51932123e8b03acba5757,0.9554345,0.0018087482,0.033920903,0.0084045045,0.00043129682
c9848c9c75b92481a9afdf7fea3578176468e817,0.23104785,0.0007368123,0.7665068,0.0015813039,0.00012729075
c9e22427f4c7aa646ccfffac8f18cf52d73e446f,0.97992367,0.0023359347,0.006818921,0.01048428,0.00043719803
c9f91af501aec7b0bb4779d58f74c551697bdf1a,0.7522077,0.17822933,0.03554382,0.027587103,0.0064320527
c9fde22724acdcb871ee1090ed615496ba205e87,0.91185886,0.0015779242,0.07441264,0.011642304,0.00050829037
ca02cd38409dd53ab400043d6f2cf12c9f0865c8,0.0048666885,0.9930421,4.1695923e-05,0.0007662712,0.0012832629
ca18d2404b1358d24da0aeb79cea4ebc842ea694,0.69154114,0.25942144,0.014592742,0.027449837,0.0069948398
ca2532ca69d48b19310c8f7e3ef90e2fa198cd80,0.9696657,0.0057042367,0.0066819666,0.017006854,0.00094124797
ca6f551f8ba46016386c7f4a13b7aa5d4821b3c7,0.0032127844,0.99523395,2.5544467e-05,0.0005392748,0.0009884937
ca8150df84803ae2614d5212c9955a5a994b4d21,0.9774864,0.0017726654,0.014386574,0.006079401,0.0002750515
ca967afa4e839aee8db005d7f1a4245103e3fbf9,0.72740173,0.00027275184,0.2702222,0.0020272224,7.6036886e-05
cabf893c95f15a2f07d9f520d21b10f056b43dbb,0.0051544667,0.9928762,3.7369737e-05,0.00073607353,0.0011959326
cad9dbc323820473785d6629d41d64c86f9a2ea0,0.004545501,0.9936101,4.6998506e-05,0.0006424893,0.001154908
caefdd4de6156e38ca33fcf4d4a5ce3dbd665d2b,0.09026821,0.0004906332,0.9081223,0.0009872423,0.00013153732
cb1208f8dbacecea218e0cec2d76fa1b4ac4d0a5,0.6502847,0.0012002002,0.3420073,0.0060772886,0.00043045936
cb21ab88bb966afd1a426ddaad8a8e0cba32387a,0.4074035,0.0036224404,0.5835786,0.004817736,0.0005776486
cb8998305b3b5c68ef7cae28ba51fc04cd86397d,0.97870696,0.0032933205,0.0072603184,0.010243691,0.0004957625
cbc4b663926fd8a24a60085869830b17103347ea,0.004805174,0.9935022,4.1068506e-05,0.0006443044,0.0010072193
cbc6e968d7f5931833b773f3e3c04de513b9e96d,0.3243667,0.00031119233,0.67340255,0.0017942892,0.00012524288
cbfacd101b49a5684864f5c4f2634f4fa4b8edff,0.006108591,0.991334,4.2445165e-05,0.0009492146,0.0015657546
cc0be3b0ddc900c3ef969bc8305f851a44de9ad8,0.045930423,6.973126e-05,0.95368254,0.00028846407,2.8729655e-05
cc177c2cd2b1d4af25745d9084dc24e7008d7210,0.36853436,0.0006144976,0.6281237,0.0025370915,0.00019036245
cc1ec6952a5227b4dc799f42536bcc4ec534fbc4,0.88614,0.0019882715,0.103686,0.007734293,0.00045151066
cc3864d11bd5e88a6d463d48ba99c2a437dd4880,0.0052935868,0.99265456,9.577908e-05,0.0006832686,0.0012727794
cc41b5ea1ad863f38e63cb94460ebffb9ffd9340,0.0026992764,0.99636793,2.6540418e-05,0.00032018634,0.0005860443
cc62e7b9e1a98777caa8883a4cc603e5104f2d99,0.15021752,0.00042110684,0.84772235,0.0015076045,0.00013147597
cd548c8c2d5b494e374b79688dbe2ceca2702b53,0.9449013,0.0026748492,0.039258666,0.0124410605,0.00072415656
cd667821afeb639c9365139b43854a9005098104,0.0060021873,0.9918242,4.573785e-05,0.0008202793,0.0013076063
cdcf6391e0c55304d97baadc9273c372a85cd0c6,0.7865233,0.0026595825,0.20160173,0.0086356895,0.00057968625
ce2de362a163389d83e83844a32d5cdf6363e39b,0.004281073,0.99421906,2.674307e-05,0.0005504242,0.0009226879
ce8a1578c0eb95557e98c1a651c5c054cd7c2765,0.00566688,0.991955,4.5034685e-05,0.0008784299,0.0014546646
cf15d4184bc43b05e11237cd90503368e41819c7,0.0043012253,0.99403363,4.0138617e-05,0.0005938785,0.0010311527
cf259ec891e9093c9c66a8c25a6eb2e1d607a9b3,0.00471982,0.9941303,2.780591e-05,0.0004693837,0.00065263
cfb169d1dab1642fde37e4151880d6d9b606f313,0.96918696,0.0036631834,0.012128987,0.014211415,0.0008094235
cfb84f64cb1fe2940b24dcf30a77897721483b16,0.009134611,0.9850916,8.807814e-05,0.0020703042,0.0036153577
cfe2db107b6edc3ceab4c5c08fd38a1069b98730,0.98022664,0.0020500454,0.006682569,0.010611146,0.00042971288
cfeb39e1ea90be9bacb1e6e739c1a90c2137255b,0.004143569,0.993802,4.2634023e-05,0.00072250963,0.001289271
d005feb68474379f5904014bd2b0720518f05e1f,0.112542175,0.00010242494,0.8869435,0.00037981232,3.210379e-05
d00f43ec6efe6e239fba779b331b4e0856bc93d3,0.77545077,0.16984561,0.011983403,0.03522118,0.007499023
d013a5976e3a95c6d82cf4dd528bacd57cbcd56e,0.8777473,0.0009883645,0.11468653,0.0062833643,0.0002944514
d0433b4a961d0b447b8adc7a01064ffb00890e07,0.11782908,0.0003585501,0.8809085,0.00080642855,9.7449476e-05
d05787a28af810bd7d7c20856fea4fef17b8f0bd,0.036069036,0.9541543,0.00043494574,0.0047940155,0.004547756
d05e335c896be1d68c0bd54cc29a25c079cec9f1,0.05950703,0.00014380514,0.93998146,0.00032788995,3.9777562e-05
d06dc92d4151980ea5fc69c70d753ea20c069b06,0.80379283,0.00043341954,0.19316801,0.0024892907,0.00011642568
d09fdb4125b7dcee205889074ebe3992797da98b,0.53690165,0.0006298762,0.45923635,0.003052293,0.000179759
d0a4732b7965d6da4efd4e12808c3ee5773ff34c,0.22305898,0.0002304863,0.77551705,0.0011060506,8.748273e-05
d0f6014f7cefd377168147483e5a9b89e375b468,0.0052650324,0.9921327,7.499172e-05,0.00087944575,0.0016478415
d112ebf682f1338aa5a84b25a9158ff3f318f47a,0.056731544,0.000115448,0.9428218,0.00030416495,2.7101833e-05
d11cb8cc53d729efc6236f7a97aba5d8504c6077,0.009210991,0.9855985,0.00011835169,0.0018522361,0.00321997
d16693fe7d8fa0fb9400a9550bd4a26fe3b2fa9e,0.06366954,0.00015782102,0.9356171,0.0005045015,5.1037227e-05
d1857540dbe5bcd867fe8fe5bd9e488f22c8a075,0.007824129,0.989358,0.00014814195,0.00095848925,0.0017111967
d18d4f31f5e03258882bb8a77bbc214763c6b73d,0.22108796,0.00058336667,0.7762076,0.0019353331,0.00018572828
d1a8295550eaaf3375cb2db5f38fd59b38d26fb2,0.006413121,0.9916415,4.0042025e-05,0.00078333647,0.0011220777
d1d0d8eb9e9b1dc3d0ba7ed86618268f64b57427,0.07628636,0.00014914884,0.92302674,0.0004861831,5.1544455e-05
d2088a09d9e2c875e2978a9f84bea689f4c028cd,0.10736642,0.00010669137,0.89197224,0.0005170116,3.7598773e-05
d211fc0940d5da1622d7745cb14bc6ccd913bfa5,0.9853241,0.0015524675,0.0075101964,0.0054080714,0.00020523659
d214443fbc8db6edf587ca299d2efe6714a57e4a,0.96822774,0.0030457543,0.015242691,0.012964761,0.0005190357
d23e4d425a8e18d559443275b441f7f74f6e6c2e,0.7745529,0.0040171277,0.2101031,0.010521891,0.000805047
d25c69f99c4b844ffab77f632920e3fa9032be92,0.005661078,0.9919076,9.132426e-05,0.00081635243,0.0015236585
d26afbd138ff96d9466388b195f7e183c0bff3d5,0.94156235,0.0015638488,0.048412945,0.008066946,0.00039386135
d2d8b08112beff69fb1336e2bb7d569bee31ed24,0.0039473455,0.9941141,4.5220942e-05,0.0006658161,0.0012276168
d32197f3db6bfa837d5d87797306a762a3d66d4a,0.0043344395,0.9939142,5.1231742e-05,0.00059496803,0.0011050528
d378367989d05bc8a20d1b5e1a86077a8ad768af,0.004360344,0.9940129,4.5304743e-05,0.00058067596,0.0010008716
d39ef556f489720d0b268f94aced549e0d89dc14,0.004757116,0.99370307,3.262161e-05,0.0005681565,0.0009390214
d3dd1bc9e20cb888169900832b4c67546c6a0a4b,0.17573614,0.0013762664,0.82057005,0.0020181611,0.00029938755
d3dd7b26dcdd412dbcb68496e4ce7b19aab014de,0.97216606,0.0034383626,0.011034327,0.012697333,0.0006639583
d4077d83a5359394178167ee288176a6fc960751,0.84492755,0.0006564522,0.15089658,0.0033796309,0.00013976674
d40b1b5d1d86c0923195cefdac86c4151418674d,0.8335621,0.00081707357,0.16080628,0.00458853,0.00022600857
d420024c918fe5694623a001408600a6da4c5b2a,0.9404935,0.0037766094,0.04673305,0.0084527405,0.0005440721
d42df34f8d3f5c2a1327418a884c4abe2bfb84ef,0.007954036,0.9872946,0.00013699045,0.0017370618,0.0028772464
d456ba6139f1e5678a8ab460d827af937d89f412,0.0058182976,0.9924414,5.026446e-05,0.00067056355,0.0010194961
d45e1d8ae9cc6007a0f77a7da0120c5d8a4f69a9,0.9532034,0.0018727472,0.036024295,0.008442393,0.0004571472
d4869bffbe66a36d9ff5e4e32e2f8b36d8f399e6,0.005376413,0.9925558,3.884584e-05,0.00077114947,0.001257826
d4af711bc55f07896229d6026413f2460f1b7562,0.95147395,0.006556607,0.02078097,0.020014161,0.0011743874
d4cbada67a83b397ebaf0740f48d1c041e4148d5,0.8962803,0.0011593535,0.0954875,0.006750262,0.00032257024
d4d02e73da889db1f4fbd9157ba8122d6b1d9ce7,0.96036184,0.0011399472,0.03143357,0.0068112775,0.00025336497
d598392e86af429cedd649dd7ef994031e6e58d7,0.36481604,0.00033989365,0.6328126,0.0019143787,0.00011700615
d5b4e18816472105d9a8d077a03032d35fe63ae7,0.17840344,0.00023348804,0.82010967,0.0011605468,9.2875125e-05
d62b245703125f2e5bf0708694cc53d7f2b0dbf3,0.0047029736,0.99397355,1.8885077e-05,0.0005364921,0.0007681143
d64370a40c913742fa0e76134caee5aa99fe2fd5,0.9174462,0.0026226155,0.066329904,0.012934203,0.00066699774
d682cf768640d3e80131ca8230dd5bdcb76a0191,0.0056324964,0.9917303,4.3130818e-05,0.0009412846,0.0016528127
d7e3f6424ffae44050202d881c995e7ad3ca0e81,0.92802876,0.0021907296,0.06043796,0.008861318,0.0004812394
d85fcaf4a3eec9b797c49c034145a877103cf5ec,0.004920963,0.9924185,7.284756e-05,0.0009076237,0.0016800059
d862361974270e180941553285c430746e607449,0.984626,0.0023655533,0.0053204545,0.0073615154,0.00032645708
d878e173af778553972679125cbecc579fa8c63f,0.12451464,0.0001724569,0.87449104,0.00075943087,6.245975e-05
d897658c3347a799c08c8a175499e041b13d270e,0.4544229,0.0006885556,0.54175264,0.0028989273,0.00023703073
d899d9750e073d928bee63a8b98bcacc71c19da5,0.21270458,0.00027729484,0.78567624,0.0012476132,9.434482e-05
d8a53489430e4a34f8de93aa599d5e4dd954b414,0.69776386,0.000918575,0.29602945,0.00495608,0.00033203667
d92fcd0792f47772fdfc7b553b26382218e5f2d4,0.24254374,0.0002812297,0.7558938,0.0011817111,9.949519e-05
d93722c9c7b1c70aadc0ad14da0c332eee58a4a0,0.0044962317,0.99272776,9.051154e-05,0.0008537325,0.0018317841
d95158fa1adbd3f9b284dda815ec2776c53f1613,0.26075855,0.00030472115,0.73705125,0.0017604124,0.0001250573
d9a08adc801c17e65c72f9158f118c1fd51424cf,0.60583484,0.32144243,0.009362249,0.049645033,0.01371543
d9adfbd38a7b1e1906801044e968e63f7d6e7ca3,0.8595443,0.008143521,0.11469107,0.016022284,0.0015988634
d9c9feada8b7a022f06510a07a6139875a0dfc0e,0.9378601,0.012852802,0.028320922,0.019228503,0.0017377395
d9e12fec63d883964d1822d69200472877cff3e2,0.9346396,0.033239376,0.0062607597,0.023507034,0.0023532235
d9fdf4c7b9b51b1b538a558379cb7656240dc869,0.6924492,0.00069349236,0.30250865,0.0041538016,0.00019484588
da058bfb9d85e11d0d012e56ebf0b1c0b09b418f,0.004191044,0.9944482,2.9957719e-05,0.00050030445,0.0008305206
da5e2fc2250ded2e30b7f4d7cb4602575cfd60b8,0.92054874,0.014170209,0.021292787,0.039799593,0.004188706
da69c1c34a12c895a3d0a52c57daca9fc3bbf82f,0.005215223,0.99287546,4.13645e-05,0.0007037389,0.0011642418
db4d1667675c0233d90ce7f0a3775f900006243e,0.97021455,0.0043040155,0.009595616,0.015048186,0.00083763717
db4d6126261d321e9aaa909a84c72fc968be8d2a,0.004464547,0.9937058,2.6212274e-05,0.00065458484,0.0011488321
db59ee6c47c0c7a46e5ab2b291c6cd47b98be4fd,0.87126976,0.0035260774,0.11372905,0.010588786,0.0008863234
db842eeeb2c95a8c129df97b9e9904dee2eaa21c,0.04347075,6.073994e-05,0.9561441,0.00029491272,2.9486873e-05
db8e26fcbdb5a17085dea03bc2491f481ad9a323,0.49935925,0.0031855924,0.48588988,0.010203193,0.0013621015
dbdabbad2e58692b8debea8756429438879927f6,0.9421021,0.008360383,0.029712586,0.01847601,0.0013488947
dc01fbf43d09af1ba655d5f30684a0735dc34f2a,0.9719363,0.005200847,0.006984849,0.01490654,0.00097150117
dc117ed4ce6c089a0ed328f271de10a2996b8c3b,0.78632456,0.00066444563,0.20957968,0.0032801116,0.00015118199
dc562be2f7e02c7a50c95b4df1081eeec758397b,0.9666723,0.004172632,0.013004115,0.015218203,0.0009328603
dc649b42fca41df09f2e9402845807aed2af621d,0.0052846097,0.99193937,4.7195204e-05,0.00095911504,0.0017696902
dca334b810b9021828fc7f227e784d99acf23a7e,0.004661484,0.9934168,3.404406e-05,0.0006993257,0.001188432
dcae6506c15134f10d6ae3733947eca0c59deeae,0.2969958,0.0002076488,0.70141023,0.0013072643,7.912306e-05
dd65788e513c2abebd1d6072a6f06212dba600d5,0.4088323,0.00071720185,0.5879173,0.002360818,0.0001723584
dd9a44d9a7c5c32955b9a4e9dee9c3789cf44b3d,0.12896176,0.83684015,0.0013872028,0.020122727,0.012688147
ddb6a2a4d384bc99867bf8128d51b848482af361,0.27506617,0.00022838138,0.7232887,0.001329736,8.7023065e-05
de165a1a543cc6b94cf0bab11618339367a0b223,0.93713003,0.0023229131,0.052176826,0.007935432,0.00043476085
de1eedc62bd9c4ff29e72a9dabb604188301c8aa,0.26851565,0.00023001959,0.72990113,0.001263056,9.007696e-05
de3b4ba7b7ec43cd2ff2fc819f79030e3ed82bcb,0.89144266,0.0009710042,0.10179074,0.0055280398,0.00026753978
de431a8b564be15671a1bb420f9c90885d96fa5f,0.95462763,0.0047059203,0.02060694,0.018762834,0.0012966173
de6fc0c6a7b8daae7c6367a623b538ab0db67ec3,0.93725306,0.0016668275,0.05300545,0.007684785,0.00038976825
de72e8c4c5a713eb29d2f3adfe3fbbf98d60dcbb,0.9478984,0.00085932156,0.04643874,0.0046228208,0.00018082857
de794d6f9a08d85f93bdf3bacdd6ada5971fbbda,0.95201975,0.0025022232,0.033186413,0.011592783,0.0006989255
dec4101b48d9e34b431fcbb507d867e58901e2b7,0.7295764,0.0013025698,0.26475164,0.004107344,0.00026206137
df347c2cfeae69ac152b02ce7e9bff4b90554983,0.008057787,0.98852044,8.701443e-05,0.001236909,0.002097898
df7f7188bfe99d170fe88ec509f980f59e12a9d1,0.9127297,0.03335186,0.034092803,0.01753662,0.0022890994
df88a4c1c1e5439bd0125622689edcb436d94621,0.0048336317,0.99281985,0.0001890286,0.00068874226,0.0014687857
dfcb7266c7b2120312a1dfc4721214e08fec2af1,0.052401602,0.00012202093,0.9471604,0.0002887383,2.722655e-05
dfdb44a7d8eb584ea06199cd2f34507b15949952,0.004489248,0.9938513,3.5973426e-05,0.0006054806,0.0010179579
dfe30cdde4cfd07a58f7c33a7bc7c02aff419032,0.5250853,0.0006660695,0.4716036,0.0024699199,0.0001751174
e006a3025eb8e44f71aa1ba48e75d944be23377b,0.006698091,0.9897259,6.550566e-05,0.0012864934,0.002223947
e12fc793103f1e2e1f3c7068587c5693f28a5b9e,0.9661518,0.0019243169,0.023690376,0.007875453,0.00035805465
e1371921331aa897ad9c9160010babc920ab08d1,0.12742391,0.84978247,0.0029416324,0.011910284,0.007941712
e16949b03e8b501dfd54090b527942dbbaef2bd8,0.006724078,0.99065924,7.847393e-05,0.0010038468,0.0015344251
e188c64871c9123794e44108d8f463a080147ecb,0.96435714,0.003420751,0.02263698,0.009074299,0.000510938
e1916779d87d289a7501d1733ac2a9c723d54ce5,0.004940169,0.99289227,5.127912e-05,0.00075649045,0.001359831
e1a18f02c3a32f6313461f114ac9e185a85192f9,0.0053340513,0.9929432,3.2852327e-05,0.0006663321,0.0010235041
e1ea2efbc36d9e9a53382bf485ecf6b0579d4afa,0.95542246,0.0061909654,0.021693166,0.015670847,0.0010225605
e257f539c35e8adec6a7ddac6e144508fc221ad2,0.8841741,0.001673844,0.10365824,0.009899325,0.0005945006
e2ac0a206ac6f354714408942e7c3f6c2b850b24,0.91183394,0.0009096474,0.08188385,0.005138427,0.00023407346
e2e6df05b41fdac7c6c28ec85514191bc58b2752,0.06474492,0.00047400524,0.9339291,0.00073991163,0.00011214717
e2f02773f1aaf733cb4aba40fa2d045cbc2d25ca,0.016894097,0.97471005,0.00016249977,0.0034155257,0.0048178392
e300ea5c80c5e07a80b6a3cd61cea886d9133e37,0.82901937,0.0018492399,0.15977381,0.00883085,0.00052672083
e321d86da5ce9207dd04aaca4740c43e55febcb7,0.14917363,0.00013629468,0.8500926,0.00056272326,3.473097e-05
e3223e9ae357fba1ab47e00abf6354fa84743887,0.033066656,0.00017659497,0.96634936,0.00035742903,4.990828e-05
e3738beefd228afcd86a4e82983be99c3726f90c,0.5830813,0.0016864464,0.40944847,0.005333409,0.0004503686
e37486852ad48c993fd7b2be6dcec4e82f790f85,0.005372684,0.9923517,5.185534e-05,0.0008567493,0.0013670775
e3aae02d6b14d4bced0547ed664fae2cc387ac19,0.46011966,0.0005723718,0.5368848,0.0022815294,0.00014164223
e3fe10749268fa621ca1e067c0150b290f722747,0.004867021,0.9926252,5.248105e-05,0.0008428756,0.0016124354
e4aa6d284907bb7de6ee937eb4ad0b4e9447058b,0.5332493,0.00043503052,0.46420082,0.0019959067,0.00011893073
e4b930664b4ddd4edc29b4c467ab1d5b7a18a3da,0.0360301,0.00018058678,0.963418,0.0003213026,4.9951635e-05
e500162e1d3e1d6bc81d435bac82983a32f9e0a7,0.12554939,0.00029986879,0.8731892,0.000884813,7.671244e-05
e591b3ed99fb226ff688c2d687b12dc08a2619e7,0.6597725,0.0013906702,0.33110717,0.0072298865,0.0004997478
e5aa8c2c7b65a053ccd0572328dbac5b2c423c44,0.041790977,9.798081e-05,0.9576826,0.00037780608,5.06336e-05
e5aa9b439d8d134f5afcfa2f727775a099f018a2,0.9195294,0.0024838245,0.067560405,0.009804548,0.0006219061
e5f6ad37f86b76e0d0c75fed1366143e83ca34de,0.0048696334,0.99315804,4.5442943e-05,0.00069505896,0.0012318376
e61d77d94952b728dbe1eedd0a106687e6365e69,0.0072365785,0.9908688,6.8594505e-05,0.0007389022,0.0010872382
e648c02982810cb9e8d6c36f5be6f719ae4aea20,0.13399403,0.0006631206,0.8635714,0.0016157941,0.00015566996
e69431b75ecbecf075f1fcc5bf20b0dd0255e80d,0.122201465,0.000118388685,0.8768835,0.0007424167,5.420229e-05
e6c7dc5975120947d85b67e82f7ce7ba3451d117,0.97502804,0.002116267,0.015698418,0.006841408,0.00031578616
e6c7e1db8488bd55bf436e8f4cd545ddb5610b2f,0.079456195,8.306969e-05,0.92004687,0.00038261284,3.128433e-05
e6fd4e67adc0b7ca945bb6dab199a076ad7dc110,0.9637986,0.010822471,0.004476368,0.019575443,0.0013270943
e7097af7ff806e11fd6426650d7c3c5d159b39a0,0.97841644,0.0029311315,0.008862544,0.009292402,0.00049755507
e72f916f832c1ae41fd57ad9509b2a242fb6bc73,0.745305,0.1429402,0.06273628,0.038135182,0.010883316
e73af8457a4f14cd9fbca401184bac2de84725e8,0.0038770335,0.9946924,4.9888884e-05,0.00047891206,0.0009017429
e75a4ade4e43162bf822d6fa9fe0656ea1ec4e28,0.0043876716,0.99367094,0.00010047839,0.00061851746,0.0012222857
e76ce214e699936abce9910a859e8d6cd9a5bc43,0.005378416,0.9924407,5.456152e-05,0.00077634904,0.0013499528
e78aa3a954b093085f487fd4eaf89fcf1df84f0b,0.9215766,0.0030203804,0.061591227,0.012998779,0.0008129244
e7b2c425a23fe0de6d6f46bbba77ec4b9f982d2e,0.005955043,0.9907836,6.160263e-05,0.0011271447,0.00207263
e7beaaa052746a44db673865d1d17ba1ff872191,0.03851726,0.9515932,0.0008745465,0.004887365,0.0041276487
e8020af78e466c61d20ed26e4ab654dac3eaf8f4,0.006074229,0.99155056,7.082062e-05,0.00086868985,0.0014357284
e80688b8b17b2261f7d51d27d865fca6bec84f8a,0.111101136,0.00020950731,0.88763964,0.00095187186,9.781128e-05
e8583580fa40064ae071da9a0bc97fdc508fda8b,0.8885733,0.0017457693,0.10087033,0.008271859,0.0005387056
e880cde7d5226b2adc9e4c4ff0eb6dfa6e00e78f,0.20127848,0.00011285644,0.7976282,0.0009357524,4.471618e-05
e8eb073082f6465208ea2e254f0e30045558687b,0.12259219,0.0002408554,0.8762577,0.0008292527,8.004863e-05
e9d4c66bbce9778e148aee25d1b53129aedecf40,0.8627027,0.0017182739,0.12735572,0.007708293,0.00051491265
ea27a85d79cc6ff80972bfc23bdecdef40ba8cb7,0.005481824,0.9924418,4.0231178e-05,0.0007778677,0.0012582956
ea706674fbaae9551b82344b31b55ce556517e8e,0.94532514,0.005254822,0.029943712,0.018260706,0.00121565
ea7aa889f54e92ed4b00f4fc9db56ec8141d6739,0.0033694452,0.9949936,3.4974953e-05,0.00052665535,0.0010753629
eaad3bc3df9ac172818db9f14cfcf0e9e6662c00,0.8860085,0.07297702,0.007932008,0.029593555,0.0034890072
ead39aa4bceb42944d932dad4a6a79891f35c332,0.9110631,0.038519323,0.017099107,0.029587917,0.003730586
eb34206bd75b4b14c0a683375fccbbe2c8a70d3d,0.004803446,0.99314487,3.8868897e-05,0.00071991974,0.00129283
eb852fac37dc757ca931882db56983b5d54bba7e,0.97127986,0.0014717132,0.018572938,0.0083418945,0.00033355487
ebc0e56934c13deb79e35123979264c53f8c7cda,0.9487066,0.0018932648,0.042734306,0.006354989,0.00031088322
ebcd63f41ae689fcbd70ab70a603f10b42a33904,0.005980307,0.99159205,9.364293e-05,0.00082571263,0.0015083714
ec03498954ca9c39330e1915490eb04253cdb7da,0.2744597,0.00048715156,0.721694,0.0030549327,0.00030425683
ec476f53f999ad8c6632c829df4afc927e7efc53,0.0043178406,0.99349797,4.466641e-05,0.0007315168,0.0014079715
ec5209f2abdc6f20f336d9b4130ce9b81edbfc49,0.004602651,0.99341065,4.819743e-05,0.00069184933,0.0012466752
ec97d5e982ff9317f872c8be79281574e4ca37fe,0.047060214,6.0046586e-05,0.95264316,0.00021708237,1.957057e-05
ec9d2cb08c81b7a4ffaeea94fea338e223c660a1,0.9448128,0.0027920275,0.041138873,0.010624832,0.0006315614
ed5996a2b94dd61d228197de899d405f6ce122da,0.77923924,0.0020925768,0.21075599,0.0073467325,0.0005654138
ed5a10b4df0e2625156ae899979d7921228a2843,0.44497928,0.0005535377,0.5516267,0.0026356282,0.00020483181
ed687138aa65a945c4c16dbc02025eb2cb7a8e2d,0.1394748,0.00023807655,0.85940754,0.0008038311,7.579717e-05
ed6e6e201b01f90f3a197fae08f3d7ad7399e103,0.3313431,0.00032478888,0.66672206,0.0015106341,9.9442696e-05
ed8f028ad0bd33a4633c0af204c9cd518a0f61c4,0.34341428,0.00042970505,0.6542364,0.0017915446,0.00012801679
ed8fbbfb7beb57d8d8db7710cc484db60c9b2450,0.93364936,0.0030066294,0.050359085,0.012250967,0.0007339337
ed95bfe5d2e2552bb71581187b600752afc10cf0,0.0056043766,0.99112505,5.4382865e-05,0.0011209457,0.0020952253
edc7d7a099d7237c7858c199d36bae3b0a5aef3e,0.003921541,0.9939042,3.5695375e-05,0.00074843905,0.0013900993
eddaf8862dbd3127a856e2308b5cff614f1b4700,0.037071124,3.9948292e-05,0.96263504,0.00023350673,2.0324045e-05
edf68af41a6b9d43d8bef6bc884b65262805b0bb,0.26924628,0.0013092501,0.72619164,0.0029332037,0.00031959472
ee1bc8402d7fb4a05e02abd348cefd4ee24052bd,0.9784468,0.0021996764,0.010084658,0.008888821,0.00038001323
ee3bb82f6852c5817e957792157f482086711345,0.923718,0.0013174163,0.06763658,0.006990959,0.0003370214
ee855eef79ea68e30d6bad50e48dd886d096fa57,0.0063289395,0.99161196,5.0222454e-05,0.0007979829,0.0012108517
eeaf22cf43c18ed2e4775acfc776d788cd80909b,0.005330515,0.99276966,6.233186e-05,0.0006734108,0.0011641177
eeb3f46451687820864a52e947b0254ffa119b1d,0.45750162,0.0002590376,0.5401225,0.002017688,9.9090714e-05
eefa998949eb0f81c8a09fdabe4f01edc11944ae,0.38753513,0.0004792629,0.6096784,0.0021605298,0.00014673901
ef3d6339deca5a9f8ab0f7603061bf84b08032f5,0.13580528,0.00018195201,0.86335975,0.00060127693,5.1724448e-05
ef401d8f6bc700e007740b081b0042a2a231a943,0.013581816,0.9809457,0.00040004813,0.0019442653,0.003128239
ef7246bfe17afd6bf195f046c49f0cf923e0ac9a,0.004980597,0.9932278,2.4708637e-05,0.00069239776,0.0010745033
eff4265676b9057d3bf0389ddcee6666642ba8bf,0.003910287,0.9949308,2.389597e-05,0.00044824966,0.00068684464
f0140c66a9e641ac587e754b76288b66473314c8,0.06077589,0.00010589091,0.93870187,0.00038132785,3.5055786e-05
f0638ce4eb4a8439a27cfd0c58449e40a4997873,0.0045571607,0.9932448,3.457419e-05,0.00076642766,0.0013969997
f0891b93ceb5fd96ad45dfaf844732d2eb85237c,0.018068498,6.384239e-05,0.98170125,0.00014499945,2.1301152e-05
f0a3241b265d196ef31a1e3ac9e634bff9598fd6,0.00478425,0.99353254,5.7242887e-05,0.00058209826,0.0010438005
f0b2d119f56cb62554b0d4c1cc8cd3428331a749,0.0462798,3.6451274e-05,0.9534587,0.00020976258,1.5314328e-05
f0c847341dba78b37d97647546e9f76ea7b7223e,0.8534701,0.0015089588,0.13703124,0.0075295987,0.0004602064
f0efc079737afc79cc7a64983a7c4d0c9b8183fd,0.0052120034,0.9927471,4.797746e-05,0.000751961,0.0012409855
f102d2906ae65a7f7b26e7b9ada0ee3563a9fe0c,0.31559527,0.00033777236,0.6826246,0.0013569532,8.540223e-05
f134dd31dc6dfc74578a8ec7528166271df04e3b,0.3487849,0.00073087454,0.647809,0.0024628772,0.00021228161
f15b41713d6addb3efe05f199414ea90d4556d16,0.005498067,0.99198616,7.267374e-05,0.0008639942,0.0015790731
f162424b52b6ac892463728376bc106bc114837b,0.0059405793,0.99224573,4.0380663e-05,0.0007108882,0.00106249
f170d81723bcd79533a7cd7dab303f6969610815,0.14262167,0.00011657975,0.8567654,0.00046379148,3.2626936e-05
f170dfc1da299cecdf2576577d6f01f777b5b609,0.862257,0.01260341,0.09790683,0.024857678,0.0023750588
f19c681417273371191c2bc2b11106c3e4f9e83d,0.0057759136,0.9914854,4.754359e-05,0.0010007669,0.0016903519
f217464dc5d9b52290742385e671ad257a9da152,0.7311968,0.2003867,0.031783283,0.028462544,0.008170598
f258bcdd72e3ca83fc9b6dd5d3cdd1214cdff164,0.9657756,0.0050530992,0.012222794,0.015902657,0.0010458255
f2a1424b0af3bbe1ef0cbaa8aa2edac6c332f783,0.97228336,0.002496285,0.01407353,0.010597354,0.00054943305
f2c0420b2c4187b04721620e49d833d07e18c638,0.0049857665,0.9923185,0.0001068131,0.00086428365,0.0017247183
f2d8f23c36282f00b4bc1ecbb96534420cc0165e,0.08048362,0.8962415,0.0063286372,0.008684077,0.008262163
f2eac9ebe106d83690d3e9bb49f5a52873948624,0.84405553,0.084351756,0.01227727,0.050844405,0.008471061
f34418e595f4e6e13c36aa5383e3302cb20308f5,0.9209183,0.04559309,0.0054121837,0.025246605,0.0028298255
f345dd03b7a1b1626696b726d924ecea157e1740,0.0042226496,0.9946359,2.2266891e-05,0.00044506392,0.0006740181
f37987ce590d1a8cbb9073a6d99bd4819d1b54af,0.9448977,0.012563103,0.024074538,0.016823158,0.001641496
f37f3e61afb7593223b6daf35914a45555a613c1,0.30685467,0.0005268638,0.69015837,0.0022930661,0.0001670853
f415febfbe939d60168894805874ecbe2ab4c556,0.9334813,0.0136178555,0.029048016,0.021889152,0.0019637549
f416d7d29a6f7d9920133443d958c40689224bed,0.070187695,0.00015489034,0.92906696,0.0005219444,6.846421e-05
f416ea86f0a10199ef8874552936e08645507057,0.06544184,0.8726144,0.002475047,0.028115276,0.031353377
f480517dd1d148d87687a50a8c9e558cb31b144e,0.8707043,0.0006952317,0.12555939,0.0029042563,0.00013689924
f521c5d3a221d782cafd51c2f60e84563862de3e,0.9602839,0.009115739,0.009469616,0.019813621,0.0013170997
f6299c79fea98f2352989ecb51b16455009b7473,0.00417156,0.9941847,4.053867e-05,0.0005678769,0.0010353457
f63e3d1d5e4b965b3b004b47f8a4ae3d1e27dcea,0.0030209688,0.9956832,4.263138e-05,0.00040487046,0.000848367
f647f4bedb047ba56eb1fee1ff2ced5c9ff54464,0.5306557,0.0016210884,0.46104166,0.00619004,0.0004915156
f701545d7209c336fa3de1c09677dbd702e6e354,0.0107777845,0.98594475,0.00013760709,0.0013378465,0.0018020283
f7256f787a44fa6b2f1c763b54248f77456e507c,0.17005463,0.00017198213,0.82890373,0.0008061844,6.351632e-05
f78a1e78c1f5e1e6defb5cdba1b6e3c4ab04368e,0.97496,0.003516255,0.007051196,0.013830875,0.00064160954
f7ceb05475f9dbc5fb03757f267015753f73672e,0.33236057,0.00021240755,0.66616195,0.0012010228,6.402593e-05
f804bf88bb8c36c9c43cda946d8eae32bfb16b55,0.9584746,0.010189908,0.0058859587,0.02370454,0.0017449909
f8683bb62ef0932f883eafe899477d3579bc6410,0.3061206,0.00016410138,0.6925534,0.0011062017,5.561501e-05
f88dd29020381d3e5a08bd5d74a5bceaffe75c3a,0.1962575,0.00019350587,0.80241877,0.0010501771,8.0037506e-05
f8a787deefcb60af0876c9d7cd565f8a971a6946,0.9605651,0.004693754,0.019036898,0.0147645455,0.0009397272
f8c25f6f9f005b6dac3eae76bad8c77a5c4f5a14,0.3987296,0.0003369272,0.59856397,0.0022229392,0.00014661872
f947396a25fd49d8dc23960e17ce749db4f65841,0.879797,0.0019856398,0.10947615,0.008214189,0.00052717084
f948a1fa1ff3a6bfb7b654ee672d7ce1cfa5ecb6,0.0047104824,0.993618,3.5407393e-05,0.0006053385,0.0010307216
f96fefc70c2a918d4043028e4b3c8f675ec2df36,0.18506642,0.00025883853,0.8133679,0.0012062443,0.000100573816
f97c4493db2a81b0887ff0c0e4025eb896113453,0.8902825,0.001211585,0.10037585,0.007778041,0.00035190338
f99ecb8f8a7402f194f1be29acf0e099a265f250,0.006719629,0.98903745,0.00011200572,0.0013914217,0.0027396118
f9a70cb56054490c7c5833769b94f5e1fc8b9614,0.016860925,0.9761269,0.0003385091,0.0027958155,0.0038778165
f9e5c8ba26def6b138155b99caf13629472ad9a1,0.08797598,0.00011787029,0.911375,0.00048665403,4.4564098e-05
f9f6428b55eaf0222f5de2895f304c56a6ea6779,0.0046983846,0.9939739,1.8232691e-05,0.0005492148,0.0007602786
fa0d2384c45d1928905ff94dbfaf40debf0d4253,0.00735636,0.9897187,0.00010821092,0.0010822706,0.0017345379
fa50fa69d3ae1e883988b98d3b6384362440bf20,0.68781054,0.0015614622,0.30224797,0.007822083,0.00055784505
faa4b306d93fd9e4b1a6303ba9c7752b30afb12b,0.009834221,0.9827555,0.00017070082,0.0026096287,0.004630071
faa9fcc129f5cc6f215ac5f02cb26eeaf5ae27bb,0.069682084,0.0001624183,0.9296085,0.0004925274,5.4403314e-05
fad1b1200b49dbbfe413c52b0fa05f68e24ad73c,0.6304461,0.0014284414,0.36062324,0.0069899578,0.0005123195
fae51efe623604c00002e037903e85e696f42748,0.7041531,0.0012280572,0.28898385,0.005344866,0.000289985
fb8af0fb2929fd10c1618b398351b3f3f20a2e0b,0.52107155,0.00032656942,0.47629797,0.0021715008,0.00013246242
fbee24aaeb8eb97751d8295e2ebdf1487796e59c,0.0055684205,0.99297464,2.5586227e-05,0.00059965294,0.000831723
fc280ce20d6b5d89f549c0487e855bced7e2b6e8,0.0056076613,0.9921904,6.9089634e-05,0.00077463884,0.0013582065
fc31d3ffa3a4852631c65578752d35c6c0d078ca,0.37654746,0.010005295,0.60348654,0.008507985,0.0014527044
fc4307ec4ff10f8eee99f8243c2acaa35bbcdfea,0.760738,0.0007984476,0.23474687,0.0035229162,0.00019376648
fc535d928b58ec844cab4f6a6f9eb7b80e5c70a7,0.98219544,0.0016831207,0.008946872,0.006891699,0.00028293065
fc7c9c0b93845f43503478592f92767e7434cc7d,0.006028775,0.99039745,0.000109561566,0.001146126,0.002318066
fc8cea28fb0ed80f8780c06712f4fba1c53c2bdf,0.47747156,0.00047539713,0.51930374,0.0025549582,0.00019434196
fcd6260c1c048340bd64fb57bb8db78e15a4c831,0.004268044,0.99410146,3.697995e-05,0.0005916036,0.001001939
fcd99bf3242a74a46bea2a8716360468d09f7aab,0.0034521185,0.9953063,2.254455e-05,0.0004350471,0.00078393135
fcdd932bc76a2bf31fd4cfeeaa522e9d64aa055a,0.0046484713,0.9930651,4.66983e-05,0.000803064,0.0014365178
fd18f4bf1d2de2ee3dcffe3f662e5b86f5870fee,0.03286054,4.458907e-05,0.9669129,0.00016502259,1.6858121e-05
fdae06bb3e1e2a55fa58224cddc2994635cc77dd,0.96822125,0.0038389051,0.016789827,0.010455628,0.0006943538
fdbc31eee97116d2a8c8345d96f9f96f396a44fd,0.67674315,0.104423665,0.19742489,0.016958486,0.0044498825
fe0883f1212cc257918826af706eb607aea73de3,0.0038655743,0.9946622,3.1772335e-05,0.0005474525,0.00089295255
fe5316ca33eda434a08bcd5d34a5a7683f36a6d7,0.0061753057,0.9909691,0.00011784017,0.00095724163,0.001780521
fe57ec17625aac3c9d4ec1069685945a9680bb18,0.005451925,0.99234456,4.199343e-05,0.00081432285,0.0013471883
fe6040d0d0a8da5c4d394655fe9a6e02d40ba25b,0.85256577,0.001481095,0.13972227,0.005886517,0.00034431348
fe665cee17a0a93d27d4b80cab32f5886694d33e,0.009220764,0.9866442,0.00024309955,0.0015052484,0.0023866615
feb4b0ae88524c9cee3e50f2301d84a235f3c607,0.9501771,0.0015088321,0.039855547,0.008085294,0.00037338378
fecf3f14f47237e02721ed4baa4eb6c11abd239f,0.004673178,0.9934803,4.2870684e-05,0.0006589253,0.0011446524
feed09e13586d12139cd59bc20996a4d29706606,0.0047786813,0.99334574,3.0874413e-05,0.00072500453,0.0011196239
ffc0bca6fde8fa0cce1ac3a7b0d746603d441bf8,0.0058166506,0.9926449,3.0137931e-05,0.0006343872,0.0008739054
fffdd6f356ed5b8dba21717f60c53f6520e650ab,0.94755965,0.0048618983,0.031234909,0.0154812895,0.0008623766
