swahili_id,kitaifa,michezo,biashara,kimataifa,burudani
001dd47ac202d9db6624a5ff734a5e7dddafeaf2,0.96361655,0.0009688453,0.03453869,0.000840105,3.570618e-05
0043d97f7690e9bc02f0ed8bb2b260d1d44bad92,0.0005603628,0.99940217,1.0464267e-06,8.150796e-06,2.828287e-05
00579c2307b5c11003d21c40c3ecff5e922c3fd8,0.03966094,0.0002226286,0.95995873,0.00013958979,1.8096876e-05
00868eeee349e286303706ef0ffd851f39708d37,0.7356206,0.09266003,0.10226527,0.06236106,0.0070930324
00a5cb12d3058dcf2e42f277eee599992db32412,0.15523075,0.00021374364,0.84410095,0.00043771774,1.6873004e-05
00a93e174866089d7f4b59b72645573f963da555,0.0008334419,0.9989213,2.0719572e-06,1.8721368e-05,0.00022453703
00caee8b79f36cc0a5ae4fe86b8abbedeef6c705,0.92167807,0.033539355,0.0072604814,0.03370352,0.003818539
00e72e69de296484ccacd96e38240844ac61be23,0.054732006,0.9449022,0.00017850523,7.6474826e-05,0.000110836416
018effc3b6ce812c825fb01d244f4b849658ef3c,0.00055532233,0.99939966,1.247523e-06,1.3075881e-05,3.0640786e-05
01996c3787dbce345ac122a8912dc9ab57334e2e,0.44934374,0.45641986,0.046308577,0.032582153,0.015345695
01a58fd93c05d8febbd10824b162ba00f51a9fcd,0.5946178,0.00021610236,0.4047029,0.00045481595,8.34653e-06
027063d6cb270ff8b60a4ced0c7d3835628286d5,0.83114654,0.03030409,0.12954275,0.007639659,0.0013670429
02824fb4c78d076c52d71f21f50c7e33fac4a530,0.14441547,0.0022035665,0.85325766,9.738692e-05,2.6007356e-05
02c1bb0911f056f18e04a9e831b405cfa721b62e,0.9449743,0.010254538,0.043399107,0.0011709301,0.00020110657
032bcb8f892f50c0f4698d550e140474cc0a2e25,0.0004737665,0.999501,1.0183019e-06,8.609809e-06,1.5681968e-05
034185c116681f9afdefd8445f0a9896b9673f9d,0.66465586,0.24439386,0.07493733,0.013343992,0.002668966
0355be98526df7da1e8da43c81f012551fd53a74,0.9703096,0.0116096195,0.010145887,0.0074519413,0.0004829445
03817b4b8fa61ee0176ac9c5cbf66fec86f2ed3a,0.026130157,0.0007618039,0.97289634,0.00018094426,3.071501e-05
0388b907e596357c5bbee251003dcdf97d679c89,0.7941698,0.00010638704,0.20515825,0.00056070404,4.898646e-06
0480c08ce9059abe99336f4b39a41f4562150848,0.17597525,0.008071278,0.812907,0.0026331868,0.0004133884
04d7e75611796f3ce8ec460f1eb6bffa9da15676,0.0004645327,0.9994717,1.2973122e-06,9.755905e-06,5.2637017e-05
050e737c0998f7ba049bc0f02d5a4b64e7f0625e,0.0018070121,0.99739933,2.2858265e-05,0.00011563129,0.0006550958
0516a757aad1d09f893091602ad05505b5e88401,0.106581345,0.00036393537,0.89239466,0.000609477,5.0618644e-05
05d499508761de20c4ae1f9fee1e204bd435edd9,0.9351074,0.0020615824,0.062183525,0.000615383,3.2234137e-05
05ea491371ea5305802da17a93f27ecf8e59bb49,0.005541912,0.99405503,0.00013109918,8.18797e-05,0.00019000452
05ee92945a93072bd98b56eaa9917e73584c0d2f,0.670636,0.0039722007,0.32240376,0.0028891459,9.8861135e-05
060017feb4ec0ef7415dad6cc02e33842dfcfbb2,0.1165398,5.9264094e-05,0.88326335,0.000135128,2.4846422e-06
0689b40d0a24ac5152e62aad9d112138e7aabe11,0.009613956,9.497696e-06,0.9902738,0.00010210986,6.9340695e-07
06bc918b17a76ca6f18a3341f7da78d1fd02a326,6.868286e-05,0.99992657,3.4587934e-08,1.13853346e-07,4.6466207e-06
07556b566255f261f362d7b6dd317cf7c8722507,0.25641948,0.007029637,0.7340466,0.0016278244,0.000876432
075bbea3663e0db97fcd4a2687ef2d47236dac28,0.95161974,0.0035410225,0.044315394,0.00047829023,4.5542918e-05
07ad07b3e6307bc93b4abf80011e4630058b665e,0.5575423,0.0015357321,0.43933278,0.0013793126,0.00020987833
07e372ce107507e12c04bcc938f1014a190c4912,0.0139248,4.00981e-05,0.98530257,0.0007233601,9.19512e-06
07e92959da333f858fffbcb3d9598ccfe7d2da34,0.118133225,0.00021633625,0.88145906,0.00017519442,1.6168806e-05
07ea328f3b14346960dc9ee5be834753bb1261e7,0.90581983,0.039143674,0.032881904,0.021872006,0.0002826841
07ec88b88bba066163e7aa27228b6263ee506390,0.74564755,0.0048790774,0.24540868,0.0039744168,9.0240384e-05
081412e435970d66e6a60e9406148323605d7171,0.67643553,0.0005978515,0.32140324,0.0015326425,3.0710125e-05
08275ea9ddafd22b968c99f94db32c366a9b94d8,0.0005515189,0.9993631,1.7050995e-06,2.4523679e-05,5.91172e-05
0890a8acfb73d35080feb74458c9792b1d57fe6f,0.7037998,0.0021043234,0.29281494,0.0011553282,0.00012563613
08df63a437025893af3ef60b87a702ad20dac5a3,0.011606468,0.9872486,0.00017866092,0.0001701468,0.00079602475
0943b6968f97bdcdb50614734e04244199588da6,0.00966938,0.9877494,9.642923e-05,0.002158584,0.00032621584
09b4ed7da8e5f8780ea8d3123478d6b42be31dfc,0.6134106,0.00021024515,0.38611832,0.00025860596,2.1600883e-06
09e50d9ada0f258798d3a9ae312d4783589e5fc9,0.0028643596,1.2544556e-06,0.99713266,1.623386e-06,6.494361e-08
0a0c86c5a3e9253c647297a0fdf9355262620f8b,0.08275953,0.0006772431,0.915307,0.001131956,0.00012430247
0a223acab39e9b37cc0ec89b241874869c79cef9,0.81204706,0.004716754,0.17699489,0.0059277005,0.00031354366
0a25a12bcfb1bcee66a0fd936b305251082736ef,0.00025377132,0.9997316,5.0618576e-07,3.2878772e-06,1.0717552e-05
0a6152dbcfdcc0e8f2980179f6319d511d86e258,0.7987289,0.013152031,0.17030849,0.016805286,0.0010053013
0a8af0671430846c40524d56d374035793d03247,0.0004293943,0.99955076,1.2723206e-06,4.764321e-06,1.3839976e-05
0b01e6d23ead0ce43ee3cb719a84694cb634c84b,0.025183838,0.9735874,0.00035176438,0.00049220683,0.00038483142
0b39b6b564a36e71f36a9b2da87e1d8b0edc1926,0.74207246,0.013406973,0.24044558,0.0037084678,0.00036647156
0b47e2144dc890d150c60a32986e2b130fa1e6ce,0.17038363,0.00050153973,0.828887,0.00021825226,9.589336e-06
0b556c8ed912121e0574b62a5e41d68e771ed380,0.95412284,0.0010291787,0.043262515,0.0015754524,1.0030767e-05
0ba0156e5105e73cdc1c9c6e0b247be99c8b8be7,0.6980401,0.00058754557,0.30081028,0.0005455176,1.6537677e-05
0c272f5d8f6746d7b77b3d8dfff502c55b7b6612,0.8659695,0.0035252222,0.11583085,0.0145831285,9.141e-05
0c970a83167a984294a4f45f714cc117adca3b91,0.91021264,0.00063887885,0.08760674,0.0015147353,2.7047792e-05
0cdc764a2cf4f38e3b734dda222498daaae7762b,0.017027948,3.4753328e-05,0.9829124,2.333228e-05,1.4915828e-06
0cfbd5179035e5e22964b1fa9c764337cc816bc4,0.2999573,0.0059810802,0.6899699,0.00377222,0.0003194718
0d15d685fd32390bac5ba568a7ad5cac59313f78,0.0023385994,0.9974642,1.7188173e-05,6.299464e-05,0.00011700191
0d1637e139b088cf1d9a114ca48a5676abca4161,0.25989822,0.00082397414,0.73749465,0.0017752869,7.890832e-06
0d2e3cdfa1c479f93d7d19008616c7331df1d4d1,0.04977182,8.201087e-06,0.9501955,2.429339e-05,2.3173995e-07
0d33de20de638919329d55c90d8eeb6e6c05d8bf,0.04040534,0.00031612295,0.95906043,0.00020291189,1.5165481e-05
0d8e8bb5db320bc6c7c048d0bed7b17a4e52fd4c,0.95442563,0.0008601839,0.025028031,0.019673523,1.2585393e-05
0da943ec51a642a6c551c33e260fac9702db1261,0.007505088,0.99213433,4.8702914e-05,0.00018669735,0.00012509809
0dad250b74ae3fac96a6ea95da3908cff18481e3,0.99567455,0.00071543775,0.00288542,0.00071964203,4.8205816e-06
0dbb48e484af46a1567888ee8cad187011cffe91,0.6814443,0.0026264177,0.31198794,0.0038891821,5.2115076e-05
0dbff8419b10d05274f9ae806c3a80f4182e9533,0.5926006,0.0043982216,0.3970769,0.005253711,0.0006705487
0dc7aa83d132722c26c404bcc4c3beff84a4f6a9,0.94510925,0.02677144,0.015993766,0.011701289,0.00042414333
0e43e7f0e72fd33f0fbf9cccf323f5075970ebb1,0.05429317,2.3987774e-05,0.94560057,8.0518075e-05,1.7650327e-06
0e9ac91411adcd07930eec2cb5aca10edbcb5baf,0.9636843,0.017841121,0.011989664,0.006392585,9.22602e-05
0ebce7758de01efa31f6cb32923137d89af0eea0,0.009696785,0.99006546,2.9825691e-05,2.5913008e-05,0.0001819922
0ecd111de63881bf6a1a5737ab588f514c96c70c,0.8731402,0.00658884,0.11897722,0.0011184457,0.00017524404
0eec26a488ff8052197a3b5390b418ac1c12ba6f,0.64937407,0.048439026,0.051537905,0.24840772,0.002241317
0f3cbf200b1576ec06958663630b1fe0296dc147,0.8491877,0.10990348,0.028719075,0.0114348205,0.000754945
0f549457628a1f540d3d5940ac5d21ba5f258533,0.14222072,2.7828846e-05,0.8577008,4.980445e-05,8.1450327e-07
0f5bf82dcbb81f6291a8dc85ed6e306e15a1cbea,0.2260909,0.00061550457,0.7723616,0.0008396535,9.238439e-05
0f5c284178765d0a6d07ce07bf4fe33f92e06202,0.5067556,0.00037276206,0.49116436,0.0016969118,1.0410505e-05
105b495562a154cbbcadcffad1064e8118242c74,0.00014572554,0.99983263,6.7856035e-07,1.5900742e-06,1.9446887e-05
107dd7197b90fdfbe1a98b86dadfa8bfac9bfedf,0.110065036,0.0027127056,0.8862588,0.00073154224,0.00023199538
10b03eaffdc3304770628c87bda11e0267eed7eb,0.0018820789,0.998061,1.9526506e-05,8.123976e-06,2.931276e-05
11066cccc8556d9216650f0e9b8a11bea7bda395,0.7619272,0.0055618403,0.22566558,0.0065279007,0.00031747628
1146d6b4b5f38d1e47599fc43dc2416ab09a9c6b,0.41338757,0.5756157,0.004230644,0.0055610775,0.0012050185
115f11eb5f7d4ec8c9ed994f7a613024d7495529,0.007974318,0.00012120192,0.99174726,8.1849306e-05,7.540312e-05
1166f416e9abde5e66f0073ad84fab41e55d2f5f,0.059596125,0.00027437243,0.93955195,0.0005685004,9.117445e-06
117475559a39a6e0c91bc8146d3af16441445958,0.66699576,0.06597706,0.19394101,0.065463625,0.007622497
11cfaf6f1cb4d9e912f67fc7bba2dd20617a54e5,0.3942873,0.014382967,0.4947886,0.093720056,0.0028211323
11ebf20c51938edb9f0bb485fdcb764dec79b720,0.20626073,0.0038863148,0.7891354,0.00058388774,0.0001336333
11f2336ac02a445727c4c70267c96c26165e5160,0.00048590126,0.9994623,1.3177296e-06,4.4231306e-06,4.6090077e-05
12bfbc98cc72f5b4325559a389d68642841bb352,0.9255091,0.0005545613,0.073489375,0.0004404111,6.622302e-06
12d9b3e67591a19adb213cc10fce955b95975b59,0.022826651,0.9748887,0.0006206104,0.00023786878,0.0014261516
12e3516097ebeb561a648ed3b80c84831b2373d5,0.040509917,0.00016362598,0.9587298,0.00057784293,1.8793684e-05
1317a6c2be8b08e66c44be5fb0fa0abd95dc1122,0.39372936,0.015720421,0.5824628,0.0074040787,0.0006833271
13299c54cb74ce4c8714de5e4a9bccbb9a556f96,0.00030185803,0.99967086,9.237167e-07,6.9328785e-06,1.94058e-05
13451413c35a1bcc624706c98bcb353fd910f62a,0.006791946,0.9928711,5.5770593e-05,0.00016012172,0.000121102516
141df8d7c9720327fef3166a4946149d4597520a,0.15788478,0.0013136416,0.84028447,0.0004785653,3.852323e-05
144800063ce42c96dfa9cdddd36d622159cef6fa,0.8501472,0.013073729,0.1271988,0.009261613,0.00031877737
145d0710b6bb3db5a6f1bb4781468967ab8f363b,0.5068896,0.006706639,0.47571394,0.010107261,0.00058259594
1490e2b0c8e2ce49cc21aedb335c55c4b8df719a,0.4412507,0.0009652321,0.55670476,0.0009766098,0.00010273307
14fcb47517af5bcf9fefb157fcef1ba616a7c081,0.9895427,0.0008797234,0.009202807,0.00036887836,5.824246e-06
1531d5b6c12ec1d135669ae9484671aea15423d6,0.039202046,0.0008136125,0.95909923,0.0007932144,9.182123e-05
15881754e95674ca3089e2c229cf14ca385993e1,0.006639429,0.9928646,0.00026245203,7.431774e-05,0.0001591852
158cc5c81fe5b29eacb35b95b6e0e56d09d8e758,0.0006666241,0.9992161,1.7589664e-06,1.1425184e-05,0.00010404302
159224fc313fc2d9b3ef32df8c20c53fb98725a2,0.9773446,0.0013857556,0.020981744,0.00028318778,4.667583e-06
15b073c6c1159056affcb7b1d5fd094d2fa178d5,0.002489932,0.9974234,3.9651077e-05,1.1140497e-05,3.5821766e-05
15e01f45d706c15014d706a000efc2548eb33980,0.83218193,0.0031638367,0.16434713,0.00028859073,1.8593684e-05
15e5a9271c80e1c7161e468adfb58a694c737ae8,0.067748494,0.0014268234,0.9306836,0.00010255441,3.8471768e-05
1641eb85255f102592a85d3cba2cb9cacb8b4051,0.0011717745,0.9988116,2.9560465e-06,5.9249087e-06,7.772948e-06
167e0483268b98bf5fe1a5aad41cd95eac382f0f,0.16270855,0.0009846576,0.83604234,0.00024847462,1.6009035e-05
16a0e237108278566224aab63145df19b683c705,0.05821019,9.555541e-05,0.9413015,0.0003868913,5.8517307e-06
16a56f26b6f696151809e0cb26b75093ec47a58d,0.0009708976,0.99899024,5.6767294e-06,1.4271296e-05,1.8832687e-05
16b770f6de7ce9481b84051fc4e124b792695910,0.8845061,5.9347476e-05,0.11534413,9.01413e-05,2.7163145e-07
17aafba88458bfd29ddf9b7cbd159c191f7a1118,0.96617293,0.02344349,0.005790134,0.0045358604,5.7545873e-05
17dd7effc40752af58e35c37c5895d4ba5d84269,0.0005109481,0.999371,1.4698992e-06,1.9211448e-05,9.7373406e-05
18595209cee4049feb8c24a6fd25aafd9d0d755c,0.009950866,0.9876375,0.0003118506,0.00032617888,0.0017736688
18a3d479d214f7c41b65ecd6abfbea8e124d5ea6,0.05946883,0.93115795,0.0011425972,0.005640561,0.0025900141
18bbb303cb556aa3dd69b6705893649b194b875f,0.148746,0.0017901838,0.84931284,0.00012917488,2.1756603e-05
18fdf5f0583fe8b0cd324b2324e235a7cadc9143,0.0024762554,0.9972869,9.75361e-06,8.055705e-05,0.0001464409
197baa2e7a1a9b5e091c5dda305922b912b5f000,0.0071835793,1.6070962e-05,0.9927797,2.0078916e-05,7.088724e-07
19f510e2874c0b863f7b753a1fd624e1cf7f65a7,0.74704176,0.026789127,0.21613145,0.009168103,0.0008695857
1a17c80adddd2c806c7c006c1c6664551f639945,0.9591055,0.02150208,0.010907369,0.008217249,0.00026777916
1a2945de7db7d664a6a47aa9d4ca66f32f70b007,0.57461256,0.042156603,0.36865023,0.01248583,0.0020947584
1a434697e5ed37622d6e242b2661e1b5f15fa4bf,0.98750895,0.0019212923,0.009503221,0.001058968,7.5954567e-06
1a4ea72aade16ffb2a8a5482d687c49f28e5748e,0.9749263,0.013650924,0.009642215,0.0017136264,6.696564e-05
1a8feb5bc2c7f920cc90e2d48e1aa165756d8e40,0.5553285,0.0011568856,0.44188258,0.0016219389,1.0127006e-05
1ae7db637de02c1433a216bff407f1e00b7746ed,0.15217239,0.00017068171,0.8470933,0.0005563742,7.2685034e-06
1af7c0ced692824637718b5bc494b3f369c27ae9,0.04012617,0.00076458626,0.9575635,0.0014256481,0.00012003368
1b1dc07761bcf39e979dfb1718967a78d0aee790,0.42410833,0.008148555,0.5662589,0.0012930713,0.00019107501
1b50390e6648cebfec8fe3a6aef61a0b066febf9,0.98199964,0.00014391476,0.017672554,0.00018335217,5.011073e-07
1b5736b3ac4f1db6c28a7818835cdf7a9574658a,0.079160385,0.0006266349,0.919311,0.0008014783,0.000100512894
1b5e71255db35337b4ed41409ad2a02e2631eb7f,0.9517596,0.00038966464,0.046867575,0.0009796168,3.4647144e-06
1b9efa38da384b10eaa53d56a07a9094febd5c6c,0.89798254,0.0016380558,0.09793758,0.0024303645,1.1432058e-05
1bc2142fc267f7d22be3b03f1d8b96791148b0cb,0.0001026971,0.9998671,4.083789e-07,1.0387664e-06,2.8713572e-05
1bc5f88ecb46e60f0f63bef176307d245171062e,0.0076974025,0.99156195,0.0001844158,0.00011295151,0.00044325538
1c3ece194677524c78a9f91716667bce5fb9b7eb,0.06853468,6.5102404e-06,0.93142426,3.4244727e-05,3.6585072e-07
1c626c21d45834c3cee43ec7ec17c73629afce5f,0.9693598,0.010716162,0.018104618,0.0016676267,0.00015181646
1c73a9479849e76c9269bf9f1542e264493cd91b,0.03662855,2.1230913e-05,0.96329457,5.50688e-05,5.999266e-07
1c7e51812e18ca91b75484915554483ce2a55119,0.31740782,0.003652251,0.67722255,0.0014080682,0.00030931152
1c9268524736398ee3e60880113cc4d92f934989,0.9349099,0.041419465,0.02246446,0.0010568512,0.00014930898
1ca667458b92c09852f3e4a2d3be77fd0064c069,0.109588265,0.85089684,0.0059152925,0.002666231,0.030933438
1cb82db6885a902029c17c04ae7511653a1d23b9,0.0002539831,0.99958926,8.6092825e-07,1.2382345e-05,0.00014351892
1cca7897a49ff7f29aafea06ccafc2ab7f050d9e,0.0014746827,0.99814534,4.665601e-06,3.612885e-05,0.00033911844
1d21046991eae6f767d0af4f3e2df0c41d57376d,0.0045472616,2.3530797e-07,0.9954522,2.2896093e-07,5.19863e-09
1d3892ce2970b5f0ab94bd5d6df178022b82fb75,0.29384348,0.0012269503,0.70351845,0.0013475412,6.3519656e-05
1d3b44ab1c7acfdf3850e0f32c81ac0733875299,6.911919e-05,0.99991167,1.4336086e-07,1.3548673e-06,1.7707991e-05
1d7c293d74195e673ba22ac413866beec98ca7ba,0.011652857,0.9873302,4.5176286e-05,0.0008700756,0.000101806334
1db409415257ad5afb7d1a4301b5bdd7e4b23a4f,0.000112225585,0.9998491,1.5140978e-07,1.29546315e-05,2.556287e-05
1deae0ba27a1dff11ac59bca2da59863dcc89401,5.8287693e-05,0.99988043,5.9526858e-08,9.721844e-06,5.1413597e-05
1e5f02f3348efc9deda3149c6dcb24262b68e0bc,0.026278682,0.97366047,3.5380534e-05,6.4181536e-06,1.9011955e-05
1e6b54269bbced15cb129fd99873927aab30fd92,0.26885146,8.77569e-05,0.730814,0.00024325291,3.62216e-06
1f306e0c91d64cf18674974f3520900b53ae60d0,3.3679054e-05,0.9999496,2.4913328e-08,1.3339125e-06,1.5400585e-05
1f8ae4a40785fe5619988e033a6bdd897823827d,0.33233038,0.00014885122,0.6674037,0.00011279855,4.255702e-06
1f91a15048e3ee430b307e0d25298ccb4d778c78,0.0018643545,0.99812025,5.9905997e-06,4.021899e-06,5.369939e-06
1f93a643487d5fc6008d958f25d7ee0ff54a7d11,0.12001531,2.6095966e-05,0.87989867,5.9734262e-05,2.3476818e-07
1fa318e91639e14ded7d95319fe5e497b89c1c6b,0.388786,0.002123505,0.606294,0.0026843622,0.00011210289
1fec12dabcfdbf1509bf3c4a94af4f3be401a957,0.93389124,0.04439631,0.02104956,0.00054768973,0.000115251336
20514b3a900e6865ddbee4dc7f3ac9a494c3982e,0.8364721,0.000943729,0.1621575,0.00041796008,8.657559e-06
20db7329999438154327e166b1e270010149814a,0.3888597,0.53882474,0.05659793,0.0035430088,0.012174594
2186342b9a2ac3d8370cd188deeb4460adc17368,0.0016403467,0.9980124,1.956373e-05,3.73436e-05,0.00029030815
219c4fdda89354527ee17ad814be82a051c69f85,0.13611197,9.116211e-05,0.86362106,0.00017232086,3.520958e-06
21d98fb6b5204400522e33450b68f43377298c45,0.049958218,0.00053581345,0.9481819,0.0012074742,0.00011655875
22133cda28691ae1c52d81796c20644a27ad65b5,0.7655588,0.0027664339,0.22986242,0.0017447681,6.765201e-05
2232f3e8f9147b183adc5e5922031ada4617fe49,0.98757577,0.00084434013,0.011410099,0.00016789201,1.8290374e-06
22650528be024b0ae698b5211306bc3732636d13,0.56396633,0.011647735,0.41300973,0.010793454,0.00058274507
2271fe2c21330c061b949ee2ef4e519280852b13,0.59584993,0.10095959,0.30078483,0.0014640401,0.00094157015
228a29757133e396c6f0962ee01ecd920542a044,0.7226229,0.08434691,0.14032216,0.04715289,0.0055551385
229d4fe6fec882e0612a7ceeda6ac8204de18c82,0.8264695,0.0009771927,0.17138642,0.0011514145,1.5580374e-05
22a7967c345454212d50c6f8b35414ca1947cfed,0.82998335,0.006959835,0.16168718,0.0012724407,9.716656e-05
22aa78381e31b43c9ae7f2a931d04e5fe3a9e2e1,0.0011261913,0.99876094,1.0438706e-05,1.7345503e-05,8.504469e-05
22c65d35241b8783cbb04b57e5d8bbf67b18466d,0.00015077386,0.9998311,1.2503149e-07,3.268994e-06,1.4823311e-05
22d51c0b65218f37924043f86cad2836c06750f4,0.79383594,0.007183586,0.18818466,0.010731313,6.449987e-05
22d605a5ecf7c468fa8ca8482cb4295a0c6622f0,0.9586151,0.00068478455,0.03945102,0.0012399846,9.176119e-06
22da997d2d5a443d57cc82b9c0b996d4444012aa,0.00015073901,0.9998441,4.925876e-07,4.8875427e-07,4.2387182e-06
2331aed1ec908a42e14752a12d2ff6db43352185,0.11873756,0.00012708132,0.88079244,0.00033942366,3.56302e-06
23432f8e81eae4e9d012a18339e19ab9076f72b2,0.14177477,0.0019543546,0.8558467,0.0003409451,8.3226456e-05
234503eb2811a7bd940e16cb63e858165b824b02,0.0009612682,0.9989104,4.21825e-06,6.662213e-06,0.000117400625
2389fbac7e9352ec0de7cc8775f2efc4b4cf6b5a,0.00011236744,0.99987626,5.122266e-07,4.1806717e-07,1.04096225e-05
2396eedfb4b784c10e02b5ff30b30a67b2b43c8b,0.7561924,0.0015907941,0.24192978,0.0002737521,1.3209985e-05
241de8bd14a3c5059ba72e47c9c7d81256740add,0.05281065,1.3012031e-05,0.9471255,5.027143e-05,6.503664e-07
24951db6a078339cfc92582044799ca6e960669f,4.1965213e-05,0.99994373,9.853355e-08,4.398751e-07,1.3684113e-05
251bd51aa700823c7d36d58b331cdc110a1701f6,0.24755204,0.0051127532,0.74412334,0.0028679946,0.00034387375
25222836d355cefbeb28dce0331b511c5504d970,0.39831522,4.4495573e-05,0.6014558,0.00018371,7.2201874e-07
25310ef53a4af995ebd5cd6ebf505eb496bd1f82,0.94757485,0.014027439,0.030311376,0.00786868,0.00021762098
258ac68db6c7767d8e8ba2c49921e2c329aa0f88,0.0002345027,0.9997447,7.5988476e-07,2.1311496e-06,1.7913735e-05
25c7ddcde232773eeb3487aa8e6cf929750416b8,0.9757289,0.00022940095,0.023942742,9.751465e-05,1.440743e-06
260a4acadfa1c8e2a5b405b858b556fb841b39c2,0.78309155,0.016476275,0.18590975,0.013513367,0.0010089929
26498a5987dbab32e9e3841a04434d9d6216f7e1,0.0064339535,3.2231936e-05,0.99340653,0.00011836097,8.915591e-06
264fa2dc9c98b37c6db6f1f7c8b7f54fce27c993,0.934471,0.0046155625,0.05938972,0.0014354308,8.824859e-05
267db0653386b9e84e4130fd216b57a77289b54d,0.010686828,0.9886651,0.00013718061,0.00038173856,0.00012912121
2682e0c1a27de26e0649f196994225173d6323ba,0.8964679,0.023313869,0.04160207,0.038120326,0.0004958224
2683a7feb3b17d27344244cb210cd148d35223f0,0.0025959115,0.9973578,9.907912e-06,3.8648673e-06,3.248679e-05
268b71f045246efde4ea467a4ccfcea2c2804b51,0.0075176237,3.2704258e-05,0.9923368,0.00010956191,3.2255357e-06
2691ac6f3a6e113168f145237d836b60df881924,0.5963319,0.014399083,0.3831454,0.0059673637,0.00015625391
26b702a06ae1e864430330d015aaaa35f21d4eeb,0.9950375,0.00085071963,0.0036451789,0.0004634325,3.2469732e-06
26bf62e344aaec65d875ad14fd562aa40b49408f,0.27289015,0.0033654494,0.71826804,0.0052636634,0.00021263948
271825ae352bcae7618044ca2b5719b6f67c6e07,0.004754732,0.9951468,3.099087e-05,3.917612e-05,2.8327944e-05
27234421a1cc225bbf6d4795f3488dfdf1d2a1c4,0.24148157,0.001052582,0.75700605,0.0003940901,6.573057e-05
27559809240c440f0b528fbc1af7e5cbe1b8fea0,0.014498401,0.98370254,0.00010343285,0.00076277985,0.00093275384
2799426ff8c1dda3701fbc7dcbb624bdb230cae3,0.0010035231,0.9981072,8.0297e-06,4.976769e-05,0.00083154376
27ec30c7c2416334df93fd818a58e3d9554913b5,0.017882328,1.0466804e-05,0.9820795,2.7361757e-05,3.7534255e-07
27fab48d0e16964ff46d6c5b904ebdf9e81e8747,0.88255566,0.007733157,0.1087522,0.000915512,4.34085e-05
2851c1456c5a6737c8594631348781c2ebfa30cb,0.19841695,0.0009993552,0.8002322,0.00033343703,1.8125951e-05
28667773b1bcb3baf526df79f8f3296c0d4c9674,8.3331804e-05,0.99989784,1.2406677e-07,2.2956901e-06,1.6376987e-05
28a78ac3fea8a67371457536a90b0e9567273865,0.87665343,0.00409955,0.10368382,0.015441355,0.00012187643
28dc3ee972f8779bb4b14107db268c8409f50219,0.008098909,0.9916264,6.679531e-05,7.054991e-05,0.00013732303
28e36096ebda6cb2169943384d6c1fa8180fd9c0,0.93113923,0.009632277,0.051148668,0.007884703,0.00019508999
290c85dac0aae4c60fc1f957f7b17b380e049c23,0.0055428203,0.994218,4.2568645e-05,2.8916122e-05,0.00016770589
2949d2d118a3240ba3c654d7c7e93169307176b3,6.667548e-05,0.99992716,4.0279765e-08,6.654987e-07,5.4430743e-06
2957893c8d9481ae20b144a940ea8a293d90d18d,0.0005563168,0.9993579,1.4470914e-06,1.4758531e-05,6.958873e-05
29a252032b84ce882412cf07189c50cb15514eeb,0.795152,0.0060769925,0.19715732,0.0015470436,6.6657645e-05
29b49407d4bf17d71f7bd1d4f4e47c4a899a28ed,0.17522821,3.6713383e-05,0.82461554,0.00011758998,1.900665e-06
29c81c827ac7170ca7898afd9b27347ff592bdfc,0.9153463,0.03035777,0.028213773,0.025069358,0.0010127423
29e5ea1ed4816d8687114bbb13162d9a074e7eb8,0.002367841,0.99731773,1.1052631e-05,0.00021643231,8.693567e-05
29f93cb4ecd517363279aecef84e97875d5545a6,0.88097084,0.04698706,0.04351963,0.026629006,0.0018935369
2a84a5008e52e2a6656bb548d835335011aaaf74,0.0027012846,0.99710923,5.89175e-06,5.927258e-05,0.00012426064
2a9af38c7e7210b6ba6c72cf5864052629eb3b6f,0.46972203,0.0046683843,0.5250373,0.0005521405,2.0229905e-05
2ab0ef31dad96da6e0da678339f3f4f045ac1076,0.77279896,0.0007256523,0.22621892,0.00025274564,3.8227777e-06
2ac85346f12429c41daf50490f042007dcd08c83,0.049796324,0.9488083,0.00061471894,0.0005934833,0.00018711289
2ad94bd023bc1acacfed6a3352a100906678b109,0.8398452,0.122033186,0.03784914,0.00018988937,8.26331e-05
2b48e2cac369ea2abb17921a610162bd33f74d68,0.86017585,0.07078013,0.03578216,0.029867927,0.0033939034
2b95c79271040f8a030d774286ad44053ee16b9d,0.21256267,0.0048594074,0.77222496,0.00953286,0.00082005793
2bba32730836833faaeb1a263ed29ab4df5735a5,0.9087091,0.004658006,0.08472972,0.0017102413,0.00019301136
2bd8ed9333cd7b9864725f1742a689df365ad51c,0.71452594,8.060259e-05,0.2853312,6.0368555e-05,1.9943377e-06
2be0d207f3a86e11d08edc1188508e1af1d63fb0,0.4891732,0.3159882,0.09464551,0.07203768,0.028155316
2c498e330e035ae446ecde1a08bbf4f9598ea178,0.059518375,5.6989586e-05,0.9401607,0.00025640923,7.5931275e-06
2c6451ee38d8ba82c2d43d23ada828a269ca4116,0.0010524249,0.9988111,3.259287e-06,2.7130245e-05,0.00010605208
2c966c3f4143d9c68580bf1c3d404a59137ae609,0.0025308134,0.9969863,2.4039056e-05,0.00019168467,0.0002671694
2cada7f16de01df9295a1b644efe5c619ac8a2b2,0.09272789,0.00082449283,0.9059338,0.00049232715,2.1547012e-05
2cae18f86c326b0eb16f03b0aa9c75818a977448,0.087014735,0.00050100003,0.91115254,0.0012868667,4.4902652e-05
2cc876deb0920ade25c16884bb57a0aa8359c43a,0.0011105508,0.9988593,3.1223562e-06,1.0750111e-05,1.6359978e-05
2d2fe22b39e39e7bb306d5e84dc9f9c4d470114e,0.00051576237,0.9994717,8.343422e-07,6.152972e-06,5.5370756e-06
2d9c99c1154e7e7bce3b3f191f4d828672ea27a6,0.084182635,3.2631404e-05,0.915717,6.46423e-05,3.0709714e-06
2dff481ee72ac1bcde6262b26c372a9e8b7c7497,0.8717118,0.0020298436,0.124970295,0.0012554451,3.268146e-05
2e543d501ac8b6dd450fef9425cae55ff7b50a73,0.32890418,0.0006693159,0.6696157,0.00076737447,4.3461747e-05
2ea80316710f886c245ae2e2d45915567e548c7c,0.64442015,0.0010015552,0.35449517,7.1010305e-05,1.2053892e-05
2ebfaa78df27a0a64d26bf6772757307c9ff975a,0.01046558,1.4131768e-05,0.98922324,0.0002963064,6.7662563e-07
2ed11ec456a062d53dba7f7a9d57534d12acdb95,0.8692089,0.007834986,0.072154805,0.049494464,0.0013068026
2ef825bd7e0591e0e7cb78dae66ce5a2b6c40f5d,0.03186011,0.0014806882,0.9658184,0.00051673385,0.00032399598
2f011c8fb460b9dd5e28275c0362745a010f4ca8,0.92660934,0.0026128413,0.06955909,0.0011325829,8.631793e-05
2f508eb79e87d75611f3ddba309163ce9d0835c8,0.0050518946,0.9941299,0.00037642426,0.00025519932,0.00018670784
2f79ff4c3493a02edea1636bcfcf555b1bf7d64f,0.8612362,0.00298711,0.13181715,0.0038959258,6.3589745e-05
2f85f84d5136cdf6e1ede869b0015b7bfea6b800,0.001458453,0.9984308,1.9802637e-05,3.6280628e-05,5.4676835e-05
2fb671633b2e8316879cf56b830a57c8b33983fe,0.9339749,0.008840058,0.026109552,0.030824715,0.00025077313
2fbe2ccec11883bffc4a999febefd5f09b871424,0.0001555974,0.99982774,7.0558775e-07,1.6534076e-06,1.4311186e-05
302994572385583073738f971152dc77783b528d,0.9203218,0.053726323,0.017408349,0.008199066,0.0003444172
30bdb11d5166101e7dbb5634d71c2575b6e5f54e,0.9005445,0.0013020462,0.080949046,0.016955417,0.0002489857
313225e9af2ad60d37829216caf4bce04f23ea92,0.00022467005,0.9997571,2.6884007e-07,5.603108e-07,1.7396746e-05
31964043423a074f2a221988df0c76b5e6b8f5b2,5.2456668e-05,0.99994564,2.3403814e-08,3.2307966e-07,1.5353179e-06
31c938d5ecab1bf0f1c4e8082776f0361a50f27d,0.027579421,0.00015863756,0.9722081,4.9047725e-05,4.8563825e-06
31f73e02023dfa2d1e29e8ff41fd9b18c79878c7,0.00046985166,0.9995042,5.2528176e-06,2.268051e-06,1.8405894e-05
326da275051ca238a24ffeaf166b24c00be6216f,0.41231102,0.00027668857,0.5871578,0.00024133206,1.3196134e-05
32f27dc369df8e68abab72fede10e6a6ed9ffbfc,0.16302243,0.0006662354,0.83602077,0.00026656748,2.3938099e-05
33892ecb8c7c790fcbc2105f390c491c08963ea2,0.98468137,0.0030975125,0.011564988,0.0006244006,3.176219e-05
33a7bd491294f9bd4db119b53c5ad00ed70bc6c2,0.8462274,0.018441733,0.13330552,0.0018047056,0.00022065276
33b2fcf2f8546fae425948d41785c784da14d6f9,0.76673615,0.0012709936,0.23179506,0.00018203426,1.5782194e-05
33c00e4613dc29cfd313ec0b072111e354130d9a,0.1828426,0.00041105406,0.816249,0.0004576692,3.9679475e-05
33c58ca9d55b9898c0c1d86a2321bf4da5e1f0c3,0.20778011,0.0001160477,0.7903041,0.0017941424,5.5346727e-06
33c989d20b0b8cda8a03f2f35a54c9f20d4358ed,0.06691455,3.6222747e-05,0.9327918,0.00025589456,1.4950914e-06
33e428a439707970edb08701626948e828fdcdd5,0.27035853,0.00012156791,0.72919154,0.0003159396,1.2418944e-05
342f45fb99ca21761635a2554f6874290379264f,0.643529,0.2588691,0.024469703,0.06224197,0.010890225
34c01b50cfbf61b078e8b418bbdca0a04a3748df,0.6108472,0.0018407246,0.38337997,0.0038363999,9.566795e-05
34c47b3aa1a1f73b6c8b2ef6ea2c5b9dc18feca9,0.969914,0.0027349514,0.026458671,0.000874143,1.8320297e-05
3503923351a4e5b9f1526ebe2bb91828008c7ba0,0.0016873828,0.9982375,2.9891721e-06,3.3286527e-05,3.8764178e-05
3515161f7bd3c88c82fc4880721c119c8b65b6a2,0.12817812,0.86067563,0.0022621406,0.006879983,0.0020041454
352512f17d97d8c2ec89b553c49d9b66b73cfd29,0.29448894,0.0032874898,0.69889414,0.0032302064,9.927358e-05
353f1104abb19365f64a32a062aee01bb7b736ef,0.54421806,4.8849586e-05,0.4556002,0.00013226926,6.1014015e-07
35cc4d648238374926f5b1c5dba18f64a62aa3f7,0.00023884315,0.999652,3.3716555e-07,2.7419552e-05,8.138142e-05
35dcca283f314298e197346f79866e31c4c9a806,0.0018439036,0.9980767,8.284337e-06,3.0067027e-05,4.1016567e-05
35df43cc777af342d62d49720a39d7cc544672db,0.91977537,0.019599356,0.056754164,0.0032657993,0.00060529314
35f111d0e97cc60de6b2295b0dbb3bd3c185cce6,0.00019154215,0.9997781,7.2228437e-07,5.023449e-06,2.4678036e-05
360dacf49e0f34b5d7ca48bbab59ed497f667a1f,0.04312197,0.95125544,0.002841426,0.0003003628,0.0024807572
3616b750238fde10f0af92b39f8642ed04f4292d,0.01002303,5.803953e-06,0.9899545,1.5900518e-05,7.264499e-07
361806eaeeb8e109ee70a5a7682afb4c62db6a6b,0.0016153429,0.998307,4.070069e-06,4.3928623e-05,2.9665594e-05
3667780549f63698b6bcda210f734afe6f00b6f5,0.34896883,0.0015270563,0.6481506,0.0012439152,0.00010954458
368581ce89aa3d42dd5da5b819eaed2a7518d5f8,0.23476607,0.0014069187,0.7637779,3.549777e-05,1.3632254e-05
368e350eda45f3d79eee691af6eec3b5ac67734d,0.6150167,0.0008635444,0.3826191,0.0014718104,2.8920796e-05
36a25b2cd071cd97e370fe277ecc4ac8143298ec,0.0028934176,0.9969728,3.0626135e-05,2.5639123e-05,7.744656e-05
372a5ed3b413fac23455e6f6c7b06707653d3d73,0.3430773,0.00073740183,0.65359443,0.0025587487,3.2084317e-05
376e988ff1fcf958808647649e2cdf3d01ea4602,0.11545321,0.0002069344,0.88361514,0.000715253,9.417391e-06
379e9ff20a7faf7614ccfbcc1157a2ba9c1649df,0.0074453484,5.115581e-05,0.99244106,5.5855424e-05,6.5675554e-06
3885298536c50c15602b994f492a3160010dee2f,0.0003602835,0.99960345,4.6808523e-07,5.9644512e-06,2.9820378e-05
38dc25352f81252d7e3e6510f383867dfac5c1c2,0.30746916,0.00040005366,0.6915404,0.0005798054,1.05781055e-05
396d208d43ce393a6dccab5756f7277841766af2,0.13135144,5.0617815e-05,0.8683096,0.00028620992,2.105633e-06
3970b66161631251dbe027dd83cece64dd0de64f,0.94350344,0.026479155,0.018831624,0.010471146,0.00071466115
398a4144007d77ecf3ec1c1deebee3b6f4cea7e1,0.9846154,0.006595527,0.00534122,0.0034017237,4.6210615e-05
399d32183389be62b9e3e781c566f30a35c0aef7,0.019127669,0.9801047,6.5250075e-05,0.00039892524,0.00030348633
3a1253a00f5dd488cf15f8679bab5ef457a3a969,0.12637264,0.007341417,0.864444,0.0017557003,8.622423e-05
3a3f9fbb047cfee35b1f0fd80ccef2c4f6fd1867,0.002622093,0.9972613,2.7568514e-05,3.526067e-05,5.3766093e-05
3a4658180642cbe2761195b9b7780b1fc18b0766,0.0009870498,0.9988882,3.6221015e-06,2.1589576e-05,9.96344e-05
3a5d3d3191b1a854703715c46186fb9122eef2d2,0.08454743,0.0009156895,0.9143121,0.00019269016,3.207622e-05
3a6f248cd6c1eac31bf2c6ca7d6686f08a259b94,0.89929646,0.04994217,0.046432044,0.003168237,0.0011609853
3adef46c0ad4a98d53de3f6bcff7507e9adaa103,0.003658006,0.9961041,1.8925557e-05,0.000120081364,9.896934e-05
3b0a48a292ee2314e553b3ae0e9fcfe5acd82924,0.4389108,0.0019319211,0.55809575,0.00094707625,0.00011444546
3b2fba8eab2d0c87c14342ab93f9593833a58ccd,0.38751733,0.00837122,0.5961096,0.007358774,0.00064300245
3b4fe73c7a6f4cd4809eadcc3a8ddd5c26a7b329,5.9150658e-05,0.9999287,1.03664874e-07,5.023456e-07,1.1545533e-05
3b66c5b3641287eb6bcfdfaf1432db339d636699,0.0029017199,0.9969087,1.317129e-05,9.4513496e-05,8.1954524e-05
3b99fb4e5cdd412fd4a195cc34cbdb68f95023d3,0.00076745625,0.9992021,2.7564156e-06,1.032165e-05,1.7319302e-05
3baaafacbb8a56cdbf2f0606aae30356237e7a36,0.041448213,0.0002603137,0.9582126,7.400073e-05,4.8240136e-06
3bb07573a736eb7a159fc4266b7cfab3e2caa588,0.99302447,0.0008984743,0.0059860228,8.227548e-05,8.705712e-06
3bed99a322bab956e678483c2ed0338635bae020,0.06347239,2.78795e-05,0.9363706,0.00012866197,5.4144454e-07
3c194dad83f96a132dc193cb478b44cb3461480d,0.69916147,0.2735283,0.0044602025,0.021424392,0.0014255665
3c2d132307838479da9a7ea2aeaf7b49bb1f0e98,0.05886979,0.9390411,0.0002556042,0.0014145512,0.00041895805
3c2fbf3e89cf8927e65c8c95dc1f965f97088d1c,0.001187834,0.998752,5.331522e-06,2.5987643e-05,2.8821938e-05
3c49e11299417669bb889f53ee69a9eac81f3c00,0.0003937145,0.9994711,1.2330771e-06,1.4446472e-05,0.000119549615
3c63bba60c34b790de86d559d5c64bf24983e7d8,0.0016973135,0.9982461,9.352372e-06,9.801202e-06,3.7498536e-05
3c9fe40cd16d06c217583aa70ff91ff98449a19b,0.18050483,0.0011237328,0.81610787,0.00218304,8.045455e-05
3d1d32fa2c804524e6be92202fcb61c9c6f6e6bb,0.30309013,0.0011523052,0.69242644,0.0032254143,0.000105725696
3d27f4b78d09d18c7fdab658245b1acfcdbb1ce2,0.0253151,0.97389495,0.0006068001,5.766692e-05,0.00012546509
3d7646aa97f7a6fd4d5d7962fe039ea0267ce82e,0.4260876,0.279913,0.016929522,0.21258299,0.06448685
3d7b8c6d5faa987683984b2e13370fac13d99bce,0.00022571778,0.99977106,9.8132446e-08,1.9746017e-07,2.9358598e-06
3d7eb9ce8727645ee4ec20bef250e766d937bc33,0.00041117205,0.998912,1.1264931e-06,5.9962465e-05,0.0006157373
3d968ff12649d5fadfc7bb51a998e81141b6af67,0.0005615964,0.99915993,2.7562994e-06,4.8287377e-05,0.0002274601
3dca37fb5b222754452768c19679c0a1e6350aa8,0.91376793,0.00057717436,0.08540968,0.00023872967,6.5127997e-06
3e2708a682dc263246f9339ad8336ecb8ebab0a1,0.00017140016,0.9998161,2.1772617e-07,2.3683692e-06,9.893611e-06
3e4a810a0d73e508de6c53ecdfcc3db19b6defc7,0.03347267,7.4301635e-05,0.96587455,0.00055224536,2.6184412e-05
3e75e226e7455e797ba49e7a71bdfda5584c345d,0.9846468,0.0037434862,0.0109491255,0.000630506,3.0012106e-05
3edc14fd83dd2a5a168cb887b108488e39d07676,0.70367396,0.030378558,0.2591201,0.00579785,0.0010293953
3efab5e77da8308ee9d10d8377599e04f4541b65,0.80908,0.14702103,0.02680722,0.016841188,0.0002505291
3f21caf8ed997cfa7908f309bbc09978d7fa138f,0.29763398,0.026262186,0.65263677,0.021942878,0.0015241707
3f991b7a289f5c96810a62e767d9e8e4a8506c89,0.94943196,0.03136547,0.006080474,0.012985999,0.00013618438
3fb4a05a1d41f82013c9b5bb2162253d7ddb8041,0.9363451,0.0037820467,0.051099822,0.008539637,0.00023342585
3fd93c73799d370d5fdd697bf21bb51a46ffc60f,0.84148794,0.033680193,0.1093332,0.014649269,0.0008493653
3ff07631c53fb574981f8a8566ad1df74e9b38fe,0.12208932,2.4938543e-05,0.8777916,9.393343e-05,2.6435546e-07
406e2d7535778e94393ce2e5d838c09362780035,0.000612422,0.9993723,2.1470642e-06,4.49238e-06,8.6255295e-06
40aa2348315c7f16368b4f6a53455fe9be5af037,0.027764132,0.9673169,0.0019761822,0.00065040414,0.0022924114
40e0e34c64479a19963ba2b3a4ca66ad2fce2a0d,0.03380712,6.381357e-05,0.9660452,7.97281e-05,4.1925523e-06
4139d0cd9dd188d32c4bd09f1f615c9f8f074a78,0.25532508,0.00085497653,0.7431493,0.00062307564,4.767253e-05
419f3484c1d4d86a847a90dd8b750219233fc02e,0.97475827,0.0056068352,0.0044094594,0.015004668,0.00022082415
420d57cb8b69cb097e553a18b2ae5496b90fe177,0.9503308,0.004957744,0.043545324,0.0011302457,3.5908415e-05
425fa2c3e26db62deeade6a465c14fe6ba7a5769,0.00013237861,0.999843,1.5621508e-07,2.9246246e-06,2.1483964e-05
4266cd82b4012f07076553cbc7637904c4434738,0.00043857784,0.9994722,6.998478e-07,5.0226616e-05,3.8285096e-05
42748c8819059ab2e3e4a11e49b4904d18f6dde7,0.04409622,0.00010128694,0.9557974,3.6893762e-06,1.4618113e-06
429b3c1cc70b8987fbb65cc64ddbb2ac4af2e413,0.95186657,0.0046923095,0.019716814,0.023690294,3.4052344e-05
42c2f1c46d8cc0e1e53d3ee5a982b6b6b134cb11,0.10880408,0.0018720778,0.88816565,0.0010583767,9.979954e-05
42c69bfd2bdcd6f298cfd1d2c80a28ac3b11bb2d,0.00021482207,0.99961215,1.3386814e-06,1.6662649e-05,0.00015503303
42d72fdf8b86e46185455a13c498c706f024f0d0,0.9050418,0.0022433745,0.0920055,0.0006696478,3.974696e-05
42da4b38de50486157849b2a650b7450582f1538,0.0116073545,6.427078e-05,0.98828864,3.6907604e-05,2.8238612e-06
431fe08349f4b79dfda06907dede71aa34837c5c,0.47909623,0.38988304,0.11763712,0.0047615506,0.008622054
439d7e5cc85ec84ff8c5b289de3cc9418bb25654,0.7757311,0.0014345298,0.221817,0.0010053827,1.1912365e-05
43a4f680a89759370ccdb4593b8adee125300d3a,0.0012247975,0.9986344,5.6525837e-06,3.544741e-05,9.960909e-05
43f86b4839c0ec3eb2d84e81a856e227a90dcb74,0.012590839,0.98443687,0.0012056172,0.00017884934,0.0015878521
43ffd5ed227791dd5c9851f7d905e9f82d8143b6,0.13840827,0.00026719083,0.8612052,0.000106281164,1.3045351e-05
44223f4d8c80798db4c67a3886f9998440e8bd36,0.063806064,6.842326e-05,0.9357937,0.0003283474,3.4333118e-06
44a93f93ec30d799bea904fe8a6c590449bfbbc1,0.016134432,6.472556e-05,0.9836864,0.000111182366,3.2604814e-06
44ac3f9e2b4857633860cbfb643520d2531fb490,0.00053315953,0.9991991,1.2547896e-05,8.5082e-05,0.00017020012
44f5d1ed2fc82b23b06512ed53b1b98d9b274abc,0.29701424,6.942223e-05,0.7028252,8.983905e-05,1.3221639e-06
44f5e18fed1a59fde38b7115f238e5fc874979d1,0.0014262042,0.9985318,5.393179e-06,1.7172999e-05,1.9459554e-05
452786c6035f1b0993d6df134bc1c59f80bafac7,0.07542456,0.00022861974,0.924259,6.250117e-05,2.5351588e-05
454d211c41b771239334065bdf189c9f96c24f7a,0.0006554977,0.99923027,4.9719047e-06,2.93471e-05,7.992965e-05
45bb6098cebfcadc5640c6624b3fcb9631ac2b68,0.00060973107,0.9993631,8.2453226e-07,9.021756e-06,1.7288296e-05
45d0b1a2040340f9781bdaee64f3fc6c7901bcc1,0.0008131526,0.999178,1.7520421e-06,1.909267e-06,5.210239e-06
46d17d2861e55a2d3a7dc177936d3ab6cd60812e,0.92159265,0.038150277,0.027131967,0.012531579,0.00059359806
46f7d99c5024a91169d68f7a9001524b7aabc64a,0.12898922,0.006334792,0.8585429,0.005813132,0.0003200447
4718fa12fbae9140868d4fdbdba755d1b9b1196b,0.48446906,0.054170452,0.45913422,0.0016207002,0.0006056115
475bc2d8c167d10a9866a5220a35adf48ac6a4e4,0.0020697066,0.9978765,2.0822645e-05,1.12329735e-05,2.1736869e-05
47732d84ebc10d114f7343b35b8c819ced7ecc7e,0.83417267,0.030444141,0.11678983,0.017245205,0.0013481133
4844cb02f7be947986205fd1be1e54359d5babdb,0.03814553,0.00044409515,0.96099675,0.0003896229,2.3906823e-05
48b701e4a229a02017217ed52c9b8e224e7e46f2,0.4060206,0.013651179,0.5748219,0.004736186,0.0007701467
48cbaad2e505e5ff8a6daf0e65ddcfa7b9dab801,0.03310811,0.96661645,2.3952876e-05,3.4177145e-05,0.00021727558
48ed17ea7e5054a02febfc7c5ab01ea3963d49f3,4.0535404e-05,0.9999465,2.9240537e-08,4.7561966e-07,1.2423112e-05
4924991c24da1d29571b87e46a77aa26629bf211,0.0012401827,0.9986665,4.21722e-06,1.3720124e-05,7.53383e-05
49332e6f1f7ababfd0fc18e396eca6de1db6b11a,0.028539829,6.829931e-05,0.97130877,8.222394e-05,9.2962387e-07
49740fefc32e31129f8c9dc2aa6ff7f84f0ecf12,0.22138049,0.0006529277,0.7772346,0.0006991223,3.276231e-05
49f5d3d270928177b9704551664459ecf50ee002,0.013583324,2.9367231e-05,0.9863381,4.602102e-05,3.2820665e-06
4a3c5532a96ee5d9cca5495b0c891b5b65b2b18c,0.03339253,0.96638906,3.637282e-05,5.354597e-05,0.0001284501
4a9a5b9ce7c49ef6d3025a1a36236ee187311423,0.44727498,0.002252764,0.5437481,0.006293401,0.0004307881
4abffcd8cff043da06735cf2de74fecaf0708e43,0.5280556,0.012166591,0.45565718,0.003561487,0.0005591239
4ad2d58e8d4159b492758479cc2ca008a2a8160a,0.11413221,0.88207704,0.002896576,0.0005954119,0.00029880772
4b1b9aaa2431e1fd6c17d0b7915989bfe28c9b22,3.268297e-05,0.99995685,1.2924958e-08,1.3287217e-06,9.169273e-06
4b316bdcd74d1c4cd61a2f73940cce36a3e38775,0.21678348,0.0055557676,0.7738361,0.0036329026,0.00019178614
4b6eddb260cf69fa0ec1d343699edaa3c91de592,0.00028898157,0.99953413,9.641408e-07,1.8406443e-05,0.00015759678
4b7f4f3ec8977c4bd930528c5a16f614edd59433,0.017949458,3.1243133e-05,0.98192316,9.1649505e-05,4.465973e-06
4bc882e9e5a9a33ac6310e9e66234803cb51b2b6,0.0014135217,0.9983889,8.3519235e-06,5.1061907e-05,0.00013825952
4c5fec07ab429a07e915617d597778e7d7b3bc83,0.9209461,0.0501476,0.022920737,0.0055841533,0.00040136676
4c7aadef8f8567eede8cb0690f090afe1b26c815,0.9539873,0.0001719686,0.045654383,0.00018521746,1.149698e-06
4c92d992f539b1c7935a2ad8919ea143ec457bd5,0.17214581,9.228182e-05,0.82770294,5.7299083e-05,1.6836109e-06
4cccc9422b54fc433479e10306a5293839cd1891,0.9946173,0.0007063517,0.0039551333,0.000714678,6.5562963e-06
4cee51b2788d75bf3cc62fe90ad2c44c35b96b8a,0.000598558,0.9993012,4.3880023e-06,2.0449053e-05,7.538618e-05
4cfa6e5fd96a7e01e57d3112ad22a99bea040aed,0.00019943905,0.99977356,4.3980023e-07,2.9016635e-06,2.3686222e-05
4d243e1434da227f8f665bb2f3f42e3e9a240197,0.07310156,0.0012788372,0.9251312,0.00047693413,1.1482404e-05
4d30e5726e84c02fae86f224a0bec2b2f27f0997,0.0023527297,0.99738497,3.2234857e-05,3.185931e-05,0.00019823527
4d4b0b920ca88db835c48891e2bc915ed37ddb2d,0.001233891,0.9987072,5.248629e-06,2.4651603e-05,2.9046687e-05
4d991190f7265ce225ec8e954110adf7812a9fb4,4.0604875e-05,0.9999498,5.5057157e-08,5.538897e-07,8.965555e-06
4dab277070219a9e560f549a49f8a6b5c78bd86e,0.8336558,0.0027056762,0.16335696,0.0002737161,7.887005e-06
4de4d5dfb2f1584da96dcf14b1b38077b284a9f4,0.9157586,0.002392855,0.08048833,0.0013240435,3.6121317e-05
4df59854dd007fb1ab530e4f2c592afbaa6c89e2,0.32031447,0.010520098,0.66498995,0.003817576,0.00035787487
4e5bd6e8961e9c4799618f589d470f6878326c06,0.025801528,0.9634792,0.00043407967,0.004996972,0.0052881734
4e6c10248378a0d05b5a65f983463c558e52070c,0.00019444223,0.9997906,2.5956155e-07,2.7099813e-06,1.2003797e-05
4eb936b5f5f9af34bce71a68a663708d05d7c160,0.9136464,6.474856e-05,0.08590017,0.00038820246,4.8479956e-07
4fc0752c514347b8d2143130e12894fc9dc29341,0.007602505,0.9923341,5.0259026e-05,3.3540173e-06,9.781291e-06
4fdd17f3d722646d7523eba88c70d71bc581b121,0.92961276,0.003294288,0.062646165,0.004381303,6.549518e-05
50092d4f78944002cd8907b6f0e18aaa47e38681,0.0011809367,0.9987878,3.0737287e-06,1.1945005e-05,1.6263235e-05
501365960bedde7040ab68ccae6c1fb3a9fb8162,0.01578445,1.5052638e-06,0.9842085,5.3995295e-06,1.3256006e-07
5016b0996b59b836fb5b7212d0e75013495fadd4,0.033021413,2.4242676e-05,0.9669137,3.9503757e-05,1.0946759e-06
5018c43ac36a275028ed9e1048fca60e68f1e7b8,0.13059956,0.7926315,0.06689739,0.0026283967,0.007243076
501b5e2676faf018e4737f586ec6e62fc385f168,0.27497408,0.7244602,0.0004134068,0.00013213274,2.0184216e-05
5026edc3937dc8e12639053066b8a7130746c56d,0.0007612914,0.9991935,2.7888832e-06,1.4442458e-05,2.8056911e-05
502842bf998366359620b9486789f1e85582c4d4,0.39511558,0.0014166841,0.6024793,0.0009492608,3.9180675e-05
50619271d55a78bf05f2dff89cdc893c8291f74e,0.07213657,0.00028295867,0.92639023,0.0011614333,2.8793353e-05
50a8b92b597491939365a098c448b79c8d283334,0.96282953,0.023169242,0.0066025406,0.0071950406,0.00020370934
50e24045ab34f9a06798545f90b82d7faebbab6a,0.46131897,0.53253275,0.0017954605,0.0008648431,0.0034879846
50e33fbb7c515474bb684b8312b877f75c64d5d2,0.92474055,0.01638408,0.04751319,0.011096855,0.0002653417
51613eb8ad494addcab281bb55bcfa4d1362935a,0.0062776133,1.8332187e-06,0.99370754,1.2875059e-05,1.8654497e-07
52004be06c1495c8a2e8d3af7be60f4a3978f103,0.9769925,0.00044448744,0.02167964,0.00086517987,1.8132449e-05
521947b7254043afad5321488b45bd86bc9fa9e4,0.9143793,0.009257851,0.074218616,0.0019653442,0.0001789199
52389364131fc64749e056382f21e7ab23096fb7,0.9004507,0.018148694,0.07772589,0.0035736896,0.000100982536
52488500b9cb9ad27efd3e9c7e1b6069d76f9ed4,0.0015543089,0.998365,1.0935334e-05,5.3503154e-06,6.442081e-05
524ee4d9cd355c91d4dffe1725197af0d6918333,0.002774897,0.9971398,2.2763224e-05,3.9254577e-05,2.3303039e-05
52a9e8ca172d2bde982c97193a5ee5f7a6a97c15,0.09968459,0.0018027546,0.89807475,0.00037935685,5.8632533e-05
52e207a7301dbed444e95437b27b36f9c739fe13,0.9593535,0.022440974,0.012533047,0.005507459,0.00016501662
52eee36406e8117cf59be7b9906e0dd085b70f49,0.084903665,0.0020202799,0.9110194,0.0019390931,0.00011759439
52f3116321ab77268a26b15caa4b5977934d21df,0.94669527,0.010957157,0.039074782,0.003213724,5.9091784e-05
531188121a60a5fc43d8ad724fc134a921e73659,0.35477093,0.00249538,0.64115363,0.001481354,9.866472e-05
53175daa7da6c12a02bb5d43fe53bb144d52c844,0.5573394,0.002591095,0.43746066,0.002536021,7.278939e-05
53332d2e0363433b554581a07239a648c5bccaff,0.94823027,0.0027053256,0.04361913,0.00540124,4.3984488e-05
5369aaeedb5bc24f9ef3f1bc3030397a5eee1ba4,0.8833666,0.04093408,0.06946142,0.005002371,0.0012354987
53ebd8e93dc6ac7e39f636449ebc6bcb84a7eba1,0.21136048,0.0043482613,0.78300214,0.0011726067,0.00011655819
53fd639b02e2f3b268a5f0258e0ff0945f01f3dd,0.010218008,0.98969203,4.484428e-05,8.182716e-06,3.6960013e-05
54067c7a878c3b58fd11de9198320fa4b253e3de,0.00074847235,0.99905735,6.741736e-06,1.6751264e-05,0.00017067527
542e0fdca9eca8f1a8ac3f759f2320f897941e3d,0.72142917,0.0077829645,0.17567514,0.09459338,0.0005193933
54c6327ea2d922515d7163f6b7d440651e35cc17,0.00056185253,0.9993716,3.7097914e-06,1.4221083e-05,4.8676404e-05
54c6903a8b969096bb76ec66c4a13b6e0b79c7cb,0.0021739877,0.9977168,3.7326965e-06,4.26351e-05,6.2887644e-05
5503e470d7193f77e462e47a43d9f9b6b66bf91b,0.7399039,0.007904702,0.24375625,0.007997881,0.00043732728
555ed405d478feb0d94588bbac2b59a51f6fc4a5,4.3594482e-05,0.9999473,2.3312609e-08,4.3816175e-07,8.56333e-06
558bb6fa5f377c6c25426487db900d7fda9bbeb2,0.1819415,0.0035646576,0.80827,0.005780363,0.00044356255
55da7de7ff954cfc1a71aea496f4ed5b9cdc8bc9,0.002675422,0.9972541,1.2921009e-05,2.3719002e-05,3.3843444e-05
560fae6ec45faca058217fe528498b8f3f60cfae,0.93286484,0.0026202255,0.06360636,0.0008407521,6.7810615e-05
5617a7b9fb9683f0d8f9252e693e44b0f056df7b,0.0021535011,0.99752635,1.2575919e-05,3.836011e-05,0.0002691477
562784ca558a3edd53d16967c5c8289e67ac2b31,0.2420928,0.002184339,0.7435168,0.011947619,0.00025834682
56b8911bb19bc8102fe4fd245f0de4a221bdd5bb,0.08597523,0.0001812188,0.91355217,0.00027310642,1.8261286e-05
5732dbb50d3e1063ee48700c04b4ecd8164ed3b9,0.59238166,0.021767983,0.37949395,0.005717469,0.0006389813
57453b728072b8f4ac1a990da4c20fac8ae2bd17,0.698719,0.00914595,0.26990685,0.019879287,0.0023488742
5745f26be877d7bc6841578e9976b7975cb0a50f,0.5980643,0.14201805,0.11509398,0.12842798,0.016395692
575669e9a06757b33795350edf2ecc3dc7c55b5f,0.0011072159,0.99859875,7.0070782e-06,2.426678e-05,0.000262682
578b9b45ee51e49001a85f9d4c2fa417109a2d55,0.9879253,0.006072742,0.0050492506,0.00090616534,4.654743e-05
5799cd2160dee3092a53dc89f8bdf4fb810a2c80,0.8781238,0.031767752,0.083370574,0.0061644767,0.0005733856
580f1261670fc795dee645c261a1c8a14473b21b,0.78674287,0.00043090648,0.21278544,3.992429e-05,8.35101e-07
5818195dc82ef1b86aa03ed7644cb973307a2f9e,0.85351664,0.002107408,0.14152692,0.002802789,4.6286703e-05
581978bb76e9d205671c4fccd7ca5efe25afc973,0.46722165,0.0024374304,0.5294315,0.0008506198,5.879697e-05
583018a3e6b001d56495e5b2c5f0af165905c0c5,0.9401337,0.022239754,0.02440175,0.012696605,0.00052816165
58797486ce63157a998329605a155c6226ec4cba,0.0033826681,0.9960978,2.3923998e-05,0.00023695038,0.0002587187
58aee3aa1d94554ff57e6a053dbd60658e4890ff,0.0025917103,0.99720335,3.4576653e-05,6.115987e-05,0.00010924241
58b15b8d9ba8a56c867a26c0598bd613a57cb77c,0.013273353,1.4095526e-05,0.98668635,2.5374587e-05,7.859507e-07
58bf4ab284faea337a0d32107f98fad33ca5ae72,0.4730002,0.00044937903,0.52561265,0.0009329349,4.848017e-06
58e14980924abd6531656ef3af536852284084f8,0.00062908814,0.99936646,6.755997e-07,1.8150752e-06,2.0091047e-06
5959fab7b3f173e06a13ced0f5aecc60cbde40c1,0.6657865,0.32069814,0.009665349,0.002410599,0.0014394344
59aa58b5a39079b7f52fbb08f024848e4c2a1edc,0.93447924,0.00089652475,0.064404584,0.00021294328,6.818365e-06
59ccdd7b9de47214adaacc2b67ce9923dc382f62,0.6448724,0.0031053144,0.34788257,0.0040343036,0.00010543111
59ee593b27cb3b792b3f4d9c7ff0509265409521,0.00047282196,0.9994585,9.0565794e-07,1.0204017e-05,5.758431e-05
5a2d56de8f4035ee0f63b1eb158fc1474ead5633,0.966411,0.02381854,0.007560999,0.0021181486,9.1264905e-05
5a6e4698b3f6b34fdcc3f4cea46be02316337834,0.010268333,0.98899746,8.3557985e-05,8.194183e-05,0.00056878896
5a772ebe24a1a88a37e93bb5d5e09f527a31d14b,0.0770613,0.00037839942,0.92244077,7.763093e-05,4.1878746e-05
5aa9f42e2997030682037a7545035c07b2f9d10c,0.010765832,5.4268526e-06,0.9891888,3.9170416e-05,7.7876416e-07
5acfc258efd4d5fa8756ea3cbc7a25bac5203274,0.0043623974,0.9954527,3.0341469e-05,6.177216e-05,9.2731e-05
5b17d138a5aa1cf2c6016e9b0aa92a893f2bc3bf,0.9646699,0.002386512,0.031825013,0.0011033472,1.5343825e-05
5b1ad0ee8439755707f2651b62a58eceba714a1e,0.12120091,0.00019511014,0.8782387,0.00035606977,9.179049e-06
5b32610d9fb1e6c06c9a759c9325afe1c580bcc6,0.9471192,0.0033826495,0.048390515,0.0010832734,2.4404657e-05
5b5467b06ed20a92a9137215df91d48e80aa33c4,0.00053812703,0.9994398,3.4989055e-06,2.8669006e-06,1.5773156e-05
5b8bbeb9a7ca0e754c4d54d25d164f9ad29f592c,0.010198139,3.2490152e-05,0.9896987,6.7319685e-05,3.3451097e-06
5b8dbd2f3e9a7a2bc4281d4cbff969b8fc191e86,0.6581677,0.016917134,0.32296556,0.001300693,0.0006489399
5c16246513e338b4ebe14d84ecc16ee1f87447a0,0.010371124,0.98943186,7.961097e-05,2.121877e-05,9.621689e-05
5c72a46844f5cb42829a1f1845c3d60d72fbf310,0.07578387,0.8948316,0.0005741142,0.005522027,0.023288365
5c86228fe34314d82d5db352632cf55f9d450c48,0.9552033,0.0022548786,0.04090652,0.001611489,2.37627e-05
5c8cef625915c6a1220f0cd86ce0ac0dd78a6e6d,0.46279994,0.003578666,0.5259596,0.0062684994,0.0013932382
5cbeb23ec37cd92586317894971a58371c66dd5e,0.5475824,0.0321231,0.37051278,0.045522567,0.004259141
5cf8576037a8428434adf073dfa7fcdc1d4b91fa,0.014252277,6.587236e-05,0.98559433,7.391777e-05,1.3646732e-05
5d087f02d1541d434bf4a32e539c1d0d1868bffa,0.028515171,0.96857595,0.0006537997,0.00071247044,0.0015425611
5d5311827f2cfeec7edfe2f8870a2b865a07dc1f,0.83897,0.0010274674,0.15918477,0.0008127935,5.0452436e-06
5d5634590701455990abe734d362c5d5c7bee90f,0.8971171,0.094995074,0.007478834,0.0002271684,0.00018182331
5d8ea177728d8ea79812d96a27219a7d5d2620c5,0.58376247,0.40594307,0.009528238,0.00068753236,7.866042e-05
5d96d8e3f4ed7494a97ee83502cae3f3f87d7b9c,0.43264166,0.003201629,0.5228857,0.040995587,0.00027541802
5dc9d7f6d10704dfcb4fbdc56e4bca75400ab27f,0.060448363,0.00024202402,0.9391296,0.00017432334,5.702987e-06
5e3775e6cd75950ecfb2dd52d44c0e40b59de390,0.0042035067,0.9955201,3.7177662e-05,8.200037e-05,0.00015713643
5f01334d1c0dbfe04ccecfaa6eec1cc5cc534e3d,0.98323464,0.010250959,0.006433707,5.3009866e-05,2.7716851e-05
5f23900038a99e911753e9c154bddadb5d15508b,0.00031015332,0.99968123,4.004057e-07,1.9027816e-06,6.3002058e-06
5f75d7ccb5d7641dfd0c6dba3dc61942ff643b72,0.023151556,3.282609e-05,0.9767684,4.3657707e-05,3.597669e-06
5fdef434a2b49463e5cbb4a729574345647a194b,0.36115152,0.054286633,0.58335143,0.00094737357,0.00026307616
5fe829f295891aa0dab6a838791b576c5660d6a9,0.013311835,1.3930825e-05,0.98665214,2.1159158e-05,1.0330767e-06
5ff773a6eeb3180c55f96aa7c5e4eb6183a5273b,0.98680997,0.004724117,0.0021798217,0.006221874,6.417462e-05
604802030b06eeae31f0f9f9f44885a00a60ca5a,0.026401212,4.0239018e-05,0.97343576,0.00012013152,2.6333967e-06
605af423115f4f3a1242799fd315157efcd34729,0.0016678204,0.9982951,2.002736e-07,8.0772026e-07,3.5993395e-05
60a41d7436e2647a15c7d57aadaf1d6fb7e37974,0.9833667,0.002762075,0.012709495,0.0011116284,5.0097533e-05
60e112b51e98a607921c2a29cf2e46d57df95921,0.043234304,0.00014777319,0.9565317,7.863518e-05,7.5169687e-06
61023bd78d026327e80ea3a76d8231e54c72ce55,0.6143054,0.027175833,0.31070733,0.034252975,0.0135585265
6104898c110df931c113d79fe356470934a27d28,0.0004970374,0.9994783,2.164133e-06,9.163517e-07,2.160233e-05
614fd786adf4a1876a5d5b7c43897e7fbce29c06,0.7927854,0.0034623886,0.20083942,0.0028648204,4.8056158e-05
617137f0bd56b49da4ed41bc8caf9ac0eae9eedc,0.9338138,0.00869301,0.05733973,0.00011412184,3.9285693e-05
617227c2d4b80a8f4c20b82535aac34dfadcfa17,0.56204367,0.36252847,0.07392911,0.0012009849,0.00029778332
618ceb1dd4ea60b89c8c921896c37f3dcf45714f,0.025181869,0.96723324,0.0029432601,0.0015631536,0.0030784917
618d36b105582d3ceb1bf8b194f99d9bd3bb2e02,0.3823372,0.58527637,0.017096624,0.010481619,0.004808217
61b4d23253eecd6cf2fe1a8ffd335d2e5f937810,0.1623412,4.7593207e-05,0.8374197,0.00018750092,4.0149857e-06
61d337198d7bc3441d0a5ca14d17c32a2eb922a3,0.0027914958,0.99627054,3.922036e-05,4.9001566e-05,0.00084969687
61f0326e3ed61b418db3656ec18884cafa1e705d,0.0039653783,0.99573404,4.916686e-05,2.545766e-05,0.00022601704
624320fff44f833c1c8296fb299ab6825c2c5b42,0.00029550932,0.99965477,4.1797455e-07,3.2493224e-06,4.6098954e-05
6263d9a1596e632b0e35af422c6c7b7c19319d34,0.21841048,0.00063294376,0.7804055,0.0005403291,1.06589205e-05
6290717e64a93dca3056942ef52034b12e2e0891,0.00093352236,0.99904066,3.7669647e-06,1.1557831e-05,1.04824985e-05
62e30da20c6583c451115b772c017f0ad8837eb4,0.0023985484,0.9973853,1.872913e-05,2.4522993e-05,0.00017290394
62fa2d435fe7c8fd8c397d9203b0efed7702eea9,0.40533394,0.5044462,0.0024867118,0.08249951,0.005233613
633d378a5ddbb5f2b7cc63788a66ba8cd43591ab,2.6897626e-05,0.99996495,1.3866568e-08,7.5708897e-07,7.382182e-06
6357380f249a669fb4943a25c1f519152b9c3bf4,0.0012399419,0.99871635,5.0083227e-06,1.842734e-05,2.027804e-05
635df35717a0191c013fc3eed105d72f350f89e9,0.9109656,0.012159357,0.07390544,0.0027397443,0.00022977582
6360d3db5c148abb44efb1722f91ee852935b23e,9.881355e-05,0.99989223,2.438603e-07,8.1535757e-07,7.827087e-06
637dd71e973595ece26e0c25f9b2a93f4bc494b3,0.00029995275,0.9996867,9.987917e-07,2.1815615e-06,1.0246293e-05
639cd49dede254f5fa9b8b5e95f15a6118eadf03,0.04145929,4.9889513e-05,0.9584687,2.0715965e-05,1.3717138e-06
63bc19b4b88d7bb78c33368241e3ecc8617012c7,0.9230077,0.028256103,0.042833697,0.0055152685,0.00038723266
63f56c8cad492e08f889b57e038a78e5557e5254,0.8362199,0.0075229183,0.1488319,0.006984793,0.0004404596
6424e559f393310c073f4d6fe7c78eec68a2e4b4,0.34947097,0.0017193862,0.6465528,0.0020780303,0.00017876118
64871a0691cddf644392c9d099016c4580e226fb,0.86818606,0.020258887,0.09478037,0.016262583,0.0005121484
64a93a8c68b5deb4b10a11724d4168953da105d8,0.00046825432,0.9995167,1.3178013e-06,1.9937697e-06,1.1699644e-05
64ac267142e26e3b5fe2faf8d8a52a92bec46034,0.22699268,0.080385335,0.688683,0.0025057048,0.0014332954
64b3100a90d7b579b4f66545e43c10fe9c0d8d42,0.038280793,5.1842555e-05,0.96158326,7.7824894e-05,6.2646964e-06
64b8e10e63d628388b011950c876f16442751bca,0.012793427,0.00022435503,0.9864833,0.0003823869,0.00011662141
64fa4e7b5eaa2a99c56443b65507159d60e1e960,0.000114483875,0.9998746,9.7378866e-08,2.0739346e-06,8.800075e-06
657815adacf02df2786a40af37c538fcfd4888c9,0.83305895,0.006536803,0.15961437,0.00058701314,0.0002028663
6619b1412033a3a2101a83acc0886e7e5eb4202d,0.110603616,0.00020938544,0.8888577,0.0003106628,1.8620349e-05
66233feabe9d6522180481e341a021a46f43ce61,0.9951336,0.0012427543,0.0031090658,0.0005110224,3.5525425e-06
666d159ddea5ec0bb15462f9c781fa72fc2152ad,0.22375794,0.75474894,0.0009994322,0.00360613,0.016887616
66bc5c0a87bb4f42fc38fed7345879c55cc91a6d,0.5570815,0.014290939,0.42671233,0.0016640177,0.00025122912
66e3665d6c0148cc17e299050f744290b8a3d093,0.016880352,5.586668e-05,0.98299444,6.725659e-05,2.023055e-06
67739262a5ab2475ae7180e250e62e8d3e7e3db2,0.20298111,0.0011054166,0.79500407,0.00079155015,0.000117883435
6785befb8d46eba5ab121260b0712c1a47d7f5ea,0.002975387,0.99671113,1.0215795e-05,0.00011090796,0.0001923818
6789d7f08729f9f8fa244f46b6a7bed62f5159e5,0.00017425959,0.99982077,3.0110576e-07,1.1497564e-06,3.4662235e-06
679aa28fed2eb1a03cbed1fe216be4df18fc1712,0.92507637,0.015540515,0.056333665,0.0028315203,0.00021791735
6882c98a5a411b163d838e9aea148cebd5aab5c4,0.00040715674,0.99953496,2.1558185e-06,8.797086e-06,4.6910827e-05
68cfb4cefd190d64520200428b1a773d5ac65853,0.96250486,0.0009144383,0.03622516,0.00030990902,4.5527206e-05
68cff36caed2898f19953a94b3aed78b29116044,0.00018474935,0.999681,3.167469e-07,7.19506e-06,0.00012680587
68f2fa12b2724f34f4a5eb70f9a9d61d32cedd5b,0.98122036,8.824757e-05,0.018651124,3.946675e-05,8.58416e-07
6921316307f25e1f070c18a393f61ca57040842d,0.0026258675,0.99711335,1.8870875e-05,5.3863223e-05,0.00018800111
6924a0be0cfb962389189d06d94520969f1edb6c,3.9616058e-05,0.99995446,4.8398572e-08,1.3311175e-07,5.8056085e-06
697fe27651f3e320d31b68f340d284f4d1ceb3a2,0.016038286,0.9835707,8.277552e-05,0.00010382375,0.00020447161
69bb74d66efe6e02fdc08fd29a1ccdd84a09db62,0.36895716,0.011185148,0.61909497,0.0004809954,0.00028166024
69c800368874c2c6aa0a05203ca693b518288bfc,0.1541209,0.0011054333,0.844639,0.00010546545,2.9286693e-05
69ec582506cb25ebc18e901e321f06fd9013aca8,0.00014691916,0.9998115,1.3361363e-07,3.3529925e-06,3.8186055e-05
6a1392c6a0d3ebddd1de6e260b5862d1a572896c,0.76982373,0.16583699,0.061501525,0.002274915,0.0005629629
6a274eccab7892485536c065854a6da4b496a625,0.88334554,0.0024859866,0.11385074,0.00024566572,7.205353e-05
6a58f97d959a1a061cc94e0ee613986c7d017ad8,0.0006896136,0.9991856,1.879681e-06,1.2114261e-05,0.00011074985
6a8a58f0394fa1b8b9fa401bdd88d3d103fecb47,0.97284085,0.0031023927,0.022890197,0.0011324247,3.4196262e-05
6afc6c4f1d14d5569ca59ec6a8366f24617cdc49,0.54597515,0.0005786625,0.44561195,0.007818398,1.5910344e-05
6b0cf9f25c17d4548d4efab83260f8038a6de4ef,0.00730266,3.824607e-05,0.99262017,3.5096567e-05,3.8615635e-06
6b262ee93120e0a1644994735fe7b346a3a2225b,0.10629289,0.000993369,0.89084905,0.0018164109,4.8311264e-05
6b9453518b7e7749cff874b821f8d104f0a1ad7c,0.91154623,0.024482409,0.040226936,0.023636654,0.000107762404
6ba8844ddadcac56422e8034a0425e7747265d9e,0.013519388,0.98409504,0.00074105244,0.00023136787,0.001413154
6bbbf6f199215b285ef61d9aeeb1c93e9c560864,0.020447467,1.988702e-05,0.9794582,7.2460105e-05,1.9309962e-06
6c235a74119d55dbd3559b0b7d1bbc04e9f787bf,0.8869377,0.0018084358,0.109719925,0.0015198841,1.40799075e-05
6c923170e43107bf80cdf29d092a8e2fab805c30,9.81319e-05,0.9998975,1.6825945e-07,6.3748985e-07,3.5625844e-06
6ca7be5ba4e89977b21edcdbed449805b7588524,3.879251e-05,0.99994326,7.794642e-08,1.2482016e-06,1.6717071e-05
6cd87e2b10f1c509ad970c519843efd4fea963fa,0.016979063,2.3886896e-05,0.9829662,2.70674e-05,3.794248e-06
6d2bcb3ddb35a2d843625a75e0b35b3d4e334c54,0.8905953,0.000104058985,0.10920832,8.4599356e-05,7.777289e-06
6dceade8d897ae6d1a852562410c6b3696125d05,0.08185788,0.91065514,0.0012836545,0.0047600493,0.0014432516
6dd5e61f60beff3e1b431d679dd5854f6fd8dd7f,0.11750099,0.00035755173,0.8818939,0.00023864648,8.968634e-06
6e21bfa733cef237f87765595749641afce188eb,0.0016971038,0.99812275,8.349697e-06,9.011905e-05,8.1734426e-05
6e7c9c3cafdf89e02fa3b4a3d5615574bf778123,0.75329304,0.023862446,0.13139899,0.09066258,0.00078295014
6ea294001b6f78003b2e13e85b0252dfe7105302,0.000104265586,0.9998878,1.5500636e-07,1.7193751e-06,6.0364755e-06
6ed4417d3de4a939fdb48b3e110d9e5e8b47bde4,0.9584472,0.0136982445,0.020603701,0.0067546847,0.0004960435
6ee12308a614a08079b7e7884e9b154437eced0e,0.00086636434,0.9990883,3.1846694e-06,6.259684e-06,3.5811543e-05
6ee3c1053c82b37f43a87086e0496f11a1cd9fcf,0.020478591,0.0001764838,0.97903514,0.0002978728,1.196305e-05
6f1c14f17352c43f8f613478bfa9094fe6081c95,0.8147208,0.009540823,0.17516635,0.0004488526,0.00012318973
6f1d449838e0268bcf3f98b1f75599acb264606d,0.0010866143,0.9987985,2.3659588e-06,4.120073e-06,0.00010835384
6f2b7f26b1a1f59e014c572ee6f38802da8e5974,0.22854286,0.0007682895,0.7701363,0.00053530594,1.727473e-05
6f487919066078ae5e2d08c7e2b4f593eca6b3d6,0.0003201404,0.9996358,2.1476303e-06,3.5825824e-06,3.8291368e-05
6fca45a91078b43e391fa3181c2d12643fdb713d,0.9114141,0.0062255966,0.07783165,0.004475379,5.3338525e-05
6fd8d72582414959b81f736ce615be6460be48b8,0.9209354,0.0077754855,0.06893091,0.0021194806,0.00023872987
70c478677047b4b00cecd462c30b55ace1eb086d,0.94957894,0.014167358,0.02411126,0.011976805,0.00016558376
7141cc0565e4ade59694dea1fc763addd0248c49,0.0008676326,0.99908626,4.5263187e-06,1.2497567e-05,2.9057712e-05
71a2a1345d8a2c4f0207ce2a3dfa51f4b43a58cd,0.9592712,0.008903873,0.029921686,0.0015173344,0.00038589668
71b9276ee4c3ee28476615bae7af34d619ab1650,0.31273475,0.5515532,0.12282803,0.0050548865,0.007829162
71bd90d681e50bb0e10723525ed6c5ac126503e4,0.01663619,0.00013350518,0.9830715,0.0001506914,8.09629e-06
71fd4d43438e740869f1302716a03863d57bc88b,0.008195591,0.99177355,1.1184429e-06,1.2773021e-06,2.8508972e-05
72047c2ecc3dd679c4f0cd8276612934114ac56e,0.77061945,0.010509429,0.21441166,0.004221386,0.00023815429
721a31c9ac2b94a4e71f0680efbc0a8a48388f89,0.00013558213,0.9998287,5.346906e-07,2.8125437e-06,3.2250784e-05
72239f6ee95fc60332e5551aa9210cb7a412cd08,0.21092041,0.010622299,0.4108503,0.36010402,0.007502972
72562d5df82cf681a20660315014691be110e15a,0.042958442,3.7306232e-05,0.95694774,5.449269e-05,2.0082934e-06
727432189a618542e8c5f0279d02042fbf38627e,0.9552143,0.024242507,0.009988045,0.009309881,0.0012452765
72b0721d459d10fa5f3fbdbc54890e7fc4322857,0.07617281,0.0006819384,0.9216528,0.0014074696,8.502184e-05
733b492f2dce7e6a7431535c9ac2bff218ae7310,0.9732194,0.0009842505,0.02509378,0.00069657626,5.9796666e-06
735f520a7acfb1da864d7ed41eb9ca907018a02e,0.021381613,9.587642e-05,0.9782581,0.00024530766,1.9101728e-05
73758ef1f2c1c88bfa2460e56c1014d9cdbd5bb6,0.9420968,0.0138784135,0.03772083,0.006021724,0.00028219042
737e9bc0682fa0c1da5460a75c38d5b5fb9f626f,0.95625234,0.00024547594,0.043475673,2.4163413e-05,2.3738833e-06
7391478a4a6cd67e15d01e0de0280028935012fa,0.62905604,0.21256746,0.12918468,0.022958161,0.006233653
73b484b59fe8ccd1ea387781cfcb307f64626a04,0.097153544,0.005597325,0.8955912,0.0013101484,0.00034783344
740ddb0b1253eaf5a8f694c1561aab3898f94236,0.97869384,0.0035090998,0.01585004,0.0019265873,2.0462287e-05
743280d1f3d59a6fd96d6bab8633f94eed8de854,0.06296886,0.00019963471,0.9362279,0.0005936756,9.86188e-06
745d2597fff1e7faed78b9bfe5fd7078b2e8ae76,0.95887625,0.0015405943,0.039384767,0.0001832804,1.5103456e-05
7460c0dc2c2b4409c875dd838a8ac4d0e7640c82,0.28447187,0.62286246,0.081781596,0.0049017835,0.005982376
74d4900964a84fd9af5d4f67a4d7ff23486b046d,0.83621895,0.004991801,0.15681429,0.0017150416,0.00025994598
75174185e289225d5ef42a17ff7541d79409d81e,0.5362886,0.00018060893,0.46321353,0.00031084762,6.4012306e-06
75380a38f0bd7cd8b49565a6c79ac63a7e7a0d64,0.990235,0.0009298231,0.008744719,8.598175e-05,4.556866e-06
758cb430b7a1813d360d9183978d8317773815ce,0.8895739,0.0051670666,0.10358079,0.0016258896,5.2366315e-05
75c582ba616d8f7bb3bc0cbe3a0f2d900d3fe25e,0.0024176678,0.997512,2.3357312e-05,1.5169236e-05,3.1801195e-05
7631d2a4862b8696d037be74ae03ca6783d2d02d,0.007329626,0.9921591,0.00018524908,0.00012657588,0.0001995211
7710932bde4ca0ccea17ce889cdc9a97eff2947e,0.3765522,0.00032446295,0.62204343,0.0010535342,2.6426276e-05
771992f1d27f0aa23708611b5733980796971e89,0.9857597,0.002114633,0.011031302,0.001073739,2.0690683e-05
774e3340401efb155d9fe6b6335d82daa423706f,0.6396528,7.215647e-05,0.36021706,5.4893753e-05,3.1090144e-06
77a4a170e752706645ab29dad6fba028607ffdcd,0.8590397,0.09572498,0.012967625,0.030685304,0.001582396
77c028788501d4cee3d89bdbc6df7c88355db164,0.75224274,0.00014406542,0.2475793,3.3165743e-05,7.501028e-07
781b31cc1654baefc49002bd7f5f20fd6f06ece5,0.99584526,0.000160288,0.003826951,0.00016602335,1.4086012e-06
784a31a5aa4c0a985c8a57178b4f926dd0d2490e,0.0014702427,0.9984255,3.0372701e-05,2.2881783e-05,5.1063776e-05
784d5231d4e9490ad83bc2d0e437e3b2ffd388aa,0.0952569,0.00026034014,0.90377235,0.0006792392,3.121489e-05
78f5d6ab6b21bf131c81d2271eac5f741b454ee1,0.07393595,0.0025672817,0.9229852,0.00043835308,7.3256146e-05
790bb0e9ee9dc366865dca419180d5ccd5f4f0d5,0.9515308,0.009210801,0.03707544,0.002033248,0.00014960744
790ddca5decc331d39c21cddcdd8757fae87c86b,0.0908805,0.00016067924,0.9089407,1.7202163e-05,9.4799844e-07
7920d21b1ccca84da6df5d6510aa6d30300b7fd9,0.7977951,0.014121127,0.1867374,0.0012472166,9.922794e-05
794825ac8ea36a584d28ccca0e5f081dcb149b53,0.0006761612,0.9992611,1.6524705e-06,2.3720364e-05,3.7390324e-05
796c2db2137687c4114afdf82a60921372160764,0.8945487,0.0034952238,0.10115276,0.0007723108,3.0956722e-05
79b06459a66f92a021e085710b3cd44c286c6013,0.027108751,0.00022955152,0.9725628,9.31102e-05,5.8372066e-06
7a5152f7711ca295a3f854a8bde2563c49e398fe,0.67406744,0.007159272,0.31562066,0.0029554253,0.00019722924
7a6ff39cbdda2ad3b37cff9702af218ebde5ed34,0.969697,0.0019926862,0.026779272,0.0015012235,2.9846486e-05
7a7fbfd1cbe94d882aaa08cd5cd244fab33893a4,0.038316894,7.0581715e-05,0.96155053,6.037174e-05,1.7193175e-06
7a952147c1ea570c66008cd1dd170227c064403f,0.004376919,0.9953583,1.8764218e-05,4.4750046e-05,0.00020134074
7ad9326bc9500287e796d0f23f529e2dbc2282b5,0.64416903,0.001499994,0.35228676,0.0019411364,0.00010307759
7ade65877708417e5d7e0e781209c4147029c7cf,0.03458343,0.963923,0.0003586268,0.0005248653,0.00061004475
7aed818a1c94c2d05baf2b2ee73b12803878e0f4,0.9510748,0.018025229,0.029158002,0.0015827363,0.00015917997
7b281087a160effcf89502a1789c4a61edabbe83,0.0007919794,0.99916184,1.2521077e-06,1.4107453e-05,3.087375e-05
7b431d5b6dde0737aa12f92435e0fd3d7306051b,0.0002047876,0.999749,2.194191e-07,8.781801e-06,3.7190035e-05
7b57ec1a95b89697a7eacf7247674a332edf3a44,0.0012279026,0.9987249,5.0476465e-06,2.0159745e-05,2.2011794e-05
7b6d3e6f1a05874adc5f5929c4d6d50931fc6494,0.33170357,0.4770031,0.03561605,0.09559315,0.060084123
7b877dccd9212dff93e51b26105ff48d48d40786,0.97174734,0.004899126,0.021822756,0.0014215561,0.00010919127
7c3b0de651ebf290fca93f600a03a59de64ef5cd,0.0012301257,0.99830663,5.628699e-06,4.843497e-05,0.00040912107
7c6fec764798444ba48b9e29c28907b52a9f7461,0.9115893,0.0016085705,0.08595823,0.00082318357,2.0810234e-05
7c9c60384f852b1018b03d72d522bbd5f47c30eb,0.07667204,9.0831956e-05,0.9231746,5.661959e-05,5.8294195e-06
7ca1b27aba0d373e72143b6d4829b1766cab05a4,0.008486325,1.044388e-05,0.9914795,2.3398145e-05,3.730603e-07
7cf05f7bef40f282ee3505f13f7c8c9400c065e4,0.121388696,0.0005749103,0.8770262,0.00096845144,4.1727784e-05
7df19dbbe38fc64abb38dbf77823f33eff95a0ff,0.00030788878,0.9996773,4.3804343e-07,4.7929257e-06,9.663084e-06
7e2c139357e1aa60a9eb5f8b55704e9b8c99aaf2,0.86823726,0.0314715,0.06982683,0.030089019,0.00037545044
7e628d0421fcb4bb226d1e96075626288b65c711,0.0015779241,0.99830747,2.3930284e-05,1.597217e-05,7.472515e-05
7e6b5bac0cd7dc4a049dd244f3ae5d3e92e645b9,0.1779339,0.0019460215,0.81635517,0.0035722973,0.00019268223
7eac2bf5cda2744a31d4344ec96acec36f0a2a54,0.0006092104,0.99936336,9.753392e-07,9.436274e-06,1.7053544e-05
7ebce418a37093c4bab86409c3c2e0f428e88175,0.92117256,0.015710955,0.05696541,0.0059110248,0.00024019463
7ed93ef2f8f44850ba66eca3f0e7cb75f0057af6,0.00020089696,0.9997328,1.2848487e-07,1.692709e-05,4.9219903e-05
7ef98c43fe16c30a6ccc0740ea9125f15bca547d,0.0006160181,0.99936754,1.4756472e-06,4.933891e-06,1.0064541e-05
7f09297fc1b6574f88998b31c1d81b3e91a18c48,0.9045993,0.010177582,0.08361864,0.0014308566,0.00017358261
7f9997156d9570ecaffc25844119687e0163c182,0.00037244437,0.9995968,1.277359e-06,5.8834216e-06,2.3682032e-05
7f9c782a3bb19fc187af4483ee8853f27d7ad88f,0.9754068,0.00012227039,0.024371186,9.8247016e-05,1.5573002e-06
7fa086a2728956870a846a86da4e02671eb25a7d,0.008808189,0.99014354,0.00039521637,0.00019641202,0.00045667167
7fa49d935dcbc001b9a575a44b671de14baa5812,0.00047990773,0.99944085,8.023543e-07,3.7537818e-06,7.4664014e-05
802bb47bbac63060cc2a31ea488a3e88e898fd24,0.20177315,0.00011029742,0.79802835,8.358273e-05,4.6423092e-06
80657bbb29eaf7a9bb0e49ed7e8d6b3f7f5930b2,0.0019154324,0.9980494,7.72164e-06,1.3083743e-05,1.4341644e-05
8073e0fec4423f60bca714433d608d84f98043a1,0.047777787,0.00020204608,0.95124507,0.00076251396,1.2567976e-05
809931de28ac84cde391bb4184fe3cbb8a8fb3d2,0.011551951,0.9866981,0.00028589796,0.00018896701,0.0012750648
8099b0a0e3cc5f9932577b989819453fc85d4930,0.9583945,0.00083229487,0.04037729,0.00037734924,1.8495844e-05
80a72a4970ce34d789d3bde3bdcc1897a4d96d74,0.8164453,0.01959879,0.15521382,0.0070774457,0.0016647042
80b72ffb6209c77a1b6317a35491a2ded6b52321,0.75763327,0.0054023825,0.23516269,0.0015208387,0.00028077795
80be339d9c32080b162f55e76cb3d04c646f1571,0.06699548,0.0005887522,0.9320977,0.0002914535,2.6585054e-05
813c5ddd13ccdd76a16ecb6ecbeefa0477e6471c,3.8369162e-05,0.99995637,1.7392425e-08,4.556203e-07,4.7107255e-06
8157913bf8aed60ca8bb93efddb90d2803aa6a6f,0.117899984,0.0010826449,0.8805784,0.0003944123,4.4598903e-05
818f42973d933924c2459d0a3051233e8b572558,0.57338256,0.0015579175,0.42444053,0.000590165,2.8814275e-05
81a21083e49c2c7cb50a59102453bc94da5dc661,0.57321054,0.00028418723,0.4259739,0.0005216805,9.724354e-06
81eee390bfa2ba4a6783bf742d7c1f5577872727,0.51850647,0.45624176,0.0145801855,0.009942822,0.0007287458
81f4e7e4447feb07eeace7a9e61165191bc5fbe2,0.8649516,0.004021198,0.13097131,3.9192124e-05,1.6659938e-05
81f5fc093364e94b8bd6e20ceef313e89e5a307f,0.29870173,0.0005364295,0.6999494,0.0007958943,1.6550555e-05
81fb4fef951ee50c5311c6f270321d2419f27e6f,0.7633603,0.013538043,0.2206371,0.0021651634,0.0002993865
82402665be55b87f84aca36ef2f01139a704e6af,0.19541611,0.0019045996,0.80210584,0.00053199625,4.1506715e-05
825097219ff0a24995bd0c1990e7aad327633d41,0.18187608,0.0008843996,0.815112,0.0020562906,7.1191804e-05
82741a528f701adadc471d3025bb9781b5dbac08,0.12000802,0.8764151,0.00067166984,0.00062851555,0.0022766723
828eb52539fabb6f2a63b32d3f2ae8a783f0e924,0.9453639,0.01907254,0.03180044,0.0035246215,0.0002384522
8295a1111aafc032d6aac0577cd2ae74f2d6ef18,0.7162329,0.003795329,0.27667224,0.003195987,0.0001035406
82aa9714c0624a02478fcca3f7e098c1a5a61513,0.47887042,0.004479695,0.51375294,0.0028088025,8.819727e-05
82beb10b4596758f4a7f7026962e218ff67d952a,0.03848734,0.95924807,0.0016893653,0.0003005294,0.0002747061
832cc72e0de7acae91cea6cfda292a0b29a2765a,0.09703873,6.398487e-05,0.90287036,2.5751438e-05,1.1226343e-06
8372eb7514a3de5ef20435e1aabf0808e7f25604,0.28411222,0.0023454898,0.7128644,0.0005759108,0.000102052145
83833f6832ba25805852cd145ae2a0a1c5ba0001,0.0090460675,1.5730371e-05,0.9909055,3.177622e-05,8.4350626e-07
8421b52dfc2c73a5c1a5bb5492a9093f019e40f1,0.6321309,0.05920065,0.19954112,0.09948187,0.009645383
84a12a8fb9ffb82c79899838ffaa32cce933a8f5,0.64424706,0.008794592,0.18487301,0.1609136,0.0011717658
84a84af332d8410a649bdd889722d90fddd46bec,0.0011919013,0.99875224,9.069227e-06,2.2978858e-05,2.3754636e-05
84c6dadff44ba7c6d6daa7a2e59e0b59d46364a0,0.56129,0.036376014,0.3555603,0.040978614,0.005795001
851a6548977da40c3fe95f93c8fa63820618640d,0.22471444,2.8724256e-05,0.77519274,6.34791e-05,5.96153e-07
8564e8dd4c184aa8f193e7ffd7a19529a2ada380,0.5107794,0.0012735358,0.48548892,0.00239326,6.490923e-05
85b739fb368731cd3a22a740d1b08dc8377200b5,0.32951134,0.0021858083,0.66563123,0.002386616,0.00028504062
85b9380dd8658400eddbc561f13b9e2602d25585,0.008013757,0.9915555,0.00011722105,0.00017734978,0.00013624465
85fc7c85ce292cf90c89ac9de6920fb23355dd90,0.78831714,0.08124258,0.120465145,0.0087403245,0.0012348088
86b0edba7f83c164a8cb1b597e84cbaf473771b6,0.8996612,0.0012315435,0.09740463,0.0016800357,2.2600603e-05
87344c94ad76e7e284ae2c6ea21f2fb4af2d6e6f,0.019403072,0.97975886,0.00030815677,0.00015893561,0.0003709827
875b40e7c1a60b0df8559f1570f8f66691bb9cb4,0.040562257,0.9506395,0.0018173315,0.0052126073,0.0017683122
87681f25a07d0a804ce9e362e1567a0d587b4815,0.08434435,0.0014841894,0.9130072,0.001014108,0.00015014604
8771c61774bafb439e99f54fe2f1ec8a595f6a15,0.09565448,0.00014297053,0.9040063,0.0001912639,4.998425e-06
8799b775bb3366dfbeddbdd164c29abdef9d282e,0.33936602,6.299388e-05,0.66056454,6.286158e-06,1.5614621e-07
87b2eec153fcdc330b4c1bd0afab63e028638377,0.80600256,0.011407539,0.17278497,0.009466423,0.00033847548
87b3e02af79114d65b1f4b982d644dfa8ecd49f9,0.08434859,0.9013148,0.0018739965,0.0050940504,0.007368498
880628b7c9df29b90860022f0ac69ed3cc1b4d29,0.5812999,0.0008981758,0.41462573,0.0031166265,5.958925e-05
8817d1ef9dbe2964ee7ad49511b168e0ca188c34,0.97887814,0.00251813,0.015253151,0.0033100196,4.046399e-05
88265a7926dd85e77d10f015df7158e877b450a9,0.035377484,0.95106214,0.00013509249,0.01157123,0.0018539993
88ec6deb265592eacf5180b3720bfd69274b3a03,0.15174545,7.4211035e-05,0.8480228,0.00015167751,5.858247e-06
8925998973a33a0580f4b36f6249793330e00448,0.2028137,0.0019046896,0.78970766,0.0053106262,0.0002633697
8927230a94cc87b5007f95b83a056838711a8d18,0.0009517684,0.99898845,6.7149895e-06,3.0863787e-06,5.000659e-05
8944fdc054984a2d284ab4b46cae71a7425927bb,0.0031934131,0.99650526,2.7440217e-05,0.00014044587,0.0001334919
8964da0bbf32d72667b4a8a7132c59a21efb5ad4,0.92731863,0.012946337,0.055432085,0.0041622147,0.00014076386
8971560da841654042f221f023b57627ffb3c68a,0.722843,5.4106124e-05,0.2770527,4.9650567e-05,6.057789e-07
897bf1448815e1b20b77416abcd4502baa854609,0.0068911747,0.99248546,0.00014319646,0.00014602076,0.0003342449
89af600c262bf0f90467ddc60a798c710409ca5b,0.28329515,0.6997941,0.01615503,0.00036896058,0.00038666738
89b3233697a364f36648f5cc762b8871bb796219,0.00091130694,0.99900347,3.3112508e-06,9.071508e-06,7.29025e-05
8a00e47d47f430d08e977673bb3aa1260773505a,0.619097,0.0005011356,0.37992758,0.0004671097,7.2184644e-06
8a04bf8e4820320ed7dba53cf31d7346ac0cf6f8,0.91290784,0.00040098402,0.08650391,0.00018358385,3.5514608e-06
8aa6e6fbcd12d694dbdd004d64ccde6fc467e228,0.00035461358,0.99961,7.9936143e-07,1.0086665e-05,2.4434104e-05
8ac57b97d3011dd06d76b12f98d6ba6e379a8583,0.653472,0.007652513,0.33835533,0.00048540178,3.4752735e-05
8b6d5c21a1cd3fdc808991200d40ed4216fb434f,0.023552487,3.632032e-05,0.9763692,3.9734547e-05,2.3400912e-06
8ba27d258fde5d01ce3a01d3b32e3a77f5aaa01c,0.97168803,0.021987204,0.0051389425,0.0010318761,0.00015397496
8bac789341101abeb21ae2bc647a5ac4537d8bf9,0.0892751,0.9104949,2.7643755e-05,0.00011062195,9.170882e-05
8bb8c2e76969a4d5dbf60a5d57eb04af8b20c4bd,0.59874386,0.00041780344,0.40041044,0.0004210803,6.792849e-06
8c0d596e13f61b8f2785d18f7728cd7f59dfd91a,0.08504878,0.0003133951,0.9143606,0.00024264639,3.4684494e-05
8c399ef2d3cecd969018e5919f079602ec8592d0,0.66932756,0.00043364745,0.3300494,0.00018578234,3.650588e-06
8d71c5e43546c487adfe2376024bca4f71f13cf9,0.02382366,0.97610474,3.980145e-05,9.472155e-06,2.237024e-05
8daef43d6364153b91cdbc9ce110c9768d62c747,0.0013050678,0.9985154,2.2007178e-05,1.6742179e-05,0.0001407292
8de16294c60318a5e14f3d75ff1c31efd33f4929,6.3447966e-05,0.9999318,4.4238874e-08,7.252228e-07,3.935862e-06
8def6fa867c1f6fa018a75d9437c96da27ebc653,0.00021622406,0.9997695,2.7095197e-07,2.5062702e-06,1.1521171e-05
8e09bf48158e6e3f1895bedab209af94422a38d7,0.16843729,0.0005525767,0.8298874,0.0011097142,1.30207645e-05
8e29e7517b9d8cc0bec21b841cf4bbc2dfb1f2c9,0.7327513,0.009415095,0.255967,0.0016505413,0.00021608145
8e5d659c8dce795ec6ab2ed7a1b61cd39688cb5a,0.2311309,0.000292046,0.76828134,0.0002863973,9.314746e-06
8eb1126142f953756615fafcbb2cc29557298c18,0.029199926,3.527489e-05,0.97075325,1.0027777e-05,1.5990687e-06
8ebd13d8cc5bf38e26fba6b558a3ebb6e425ac5a,0.08599279,0.0001149884,0.9137388,0.0001365521,1.6958493e-05
8eed74ac393a9c28b1553d8f19bef476e170be8e,0.059209775,0.0008122267,0.9389465,0.0009330429,9.853427e-05
8f157f16224358eff499e4d516646d594376bc53,0.0026441289,0.99720746,2.0486075e-05,3.148253e-05,9.640649e-05
8f21bba585efc8b1d70bbbce9453745a6f07fe3e,0.0022672468,4.6176376e-07,0.9977277,4.5201637e-06,2.2457305e-08
8f6025914c3d077bae6b408315ada9c4838de506,0.0007202205,0.9992156,5.5681876e-06,4.0897175e-06,5.4506483e-05
8fcfecacd3c47dafbddcbfaeb72a09f51e04b494,0.01602685,2.5449812e-05,0.9838299,0.00011383558,3.933465e-06
8fe33e7476cb5b7f63150df082a0f91bde079be5,0.44794607,0.30184013,0.23870233,0.003811685,0.007699815
9055ab4f12aad23abe3b5dafc2d48c5c293d17cf,0.123986565,6.219486e-05,0.8741904,0.0017548103,5.9453896e-06
9066fc88715e33b69494562e2417356810a0286c,0.97574186,0.00016523349,0.023902178,0.00018870259,2.0159885e-06
907fdc32fd896f08a94c5b27ac8913bda5e0aaaf,0.14022727,0.0003954111,0.8589962,0.0003586223,2.2482529e-05
90e0b14f284e0319a84dab9ba868a0201b8406a1,0.22628666,0.7304623,0.0032215079,0.036314342,0.0037151817
90eda08f48d3f894a1ec1e7e68ca42eec7b9ab9c,0.088017955,0.00012214611,0.91180986,4.7460864e-05,2.6463647e-06
90f9f6236bf100916598e240422ed7143d336444,0.928935,0.020125898,0.027294766,0.02285022,0.0007942045
910dbff5c52c1ca9c7e90f66ac8ccb6fd9f61958,0.003632035,0.9963025,1.6446085e-05,2.323804e-05,2.5722165e-05
914b001550281785098ac4cb2fbf6f1d2ef65a41,0.00026577074,0.9997285,8.8838084e-07,1.9103188e-06,2.912889e-06
914d19fd563923a99daf22b5f4bb076be008a2fd,0.0031616103,0.9967494,1.13525475e-05,4.309584e-05,3.4493478e-05
9153e54b3bc15a1e89adc3fdc502966689bf1e71,0.00018297242,0.999782,2.2550905e-07,4.8975253e-06,2.9942443e-05
915ba928b81b61b9c0e562cd0d444499f382f4f1,0.52126646,0.0070949728,0.47000617,0.0015404008,9.19678e-05
91fb902c1e4ec7acc975c5120a24a2d2cb500220,0.0075543,0.9923211,4.0069463e-05,4.648139e-05,3.8085484e-05
92019adc09c1a28bb28b43afe1815e06f2fad72e,0.10886112,0.0004074579,0.8903685,0.0002735543,8.9331974e-05
92053977a6b28dde78f6becc7609e7e36ff8ef9a,0.8520358,0.0449802,0.046136897,0.053598195,0.0032488226
9228c551e38331bec7142222e3c95cb5f96a0247,0.42818937,0.0013004242,0.56947887,0.0010207146,1.058988e-05
927e636fa2d50337331faf0a3d5173850529489b,0.2084634,6.817842e-05,0.79135597,0.00011109764,1.4149981e-06
9299e6433f32a140e3b56adb2aeb3661afb103e9,0.9519115,0.0033536006,0.044239786,0.00044334683,5.172364e-05
92dce967653e37b0587255194db8191acff0bdd2,0.40024397,0.011532848,0.58749247,0.000666719,6.398308e-05
92e0f406a48566b9bca344f49c38f8c339c657e7,0.80618614,0.012277206,0.17131202,0.00947783,0.0007467235
9300f3171f0a4df9abcb3e456046f7562e8be257,0.00024578584,0.999741,3.8209265e-07,1.6403983e-06,1.1188214e-05
93090a1272d6e9c4070b181a3dc61b17c6ad7c8b,0.0005761768,0.99940026,3.783069e-06,1.0323697e-05,9.455071e-06
9315a4e62cbf0be09064a1543983028800e3ec36,0.001504679,0.9983841,3.0013125e-06,6.028297e-05,4.7874397e-05
93528a47cb418a0d319023602d2d1dbe22a14124,0.011265888,2.3378117e-05,0.9886979,1.1987106e-05,8.515477e-07
935df75fb21adc0c4008726e4baeb0337fc03307,0.887699,0.06650812,0.045282684,0.00045142244,5.8752936e-05
9362cab7b1f02ae1e56b9b62b23f16bddc55b1b5,0.0022202395,3.6894153e-06,0.9977724,2.4672995e-06,1.160926e-06
93e4e980d21e107163b60e3d56869b48ef0071d2,0.01861401,0.00010960733,0.9811824,8.5529166e-05,8.534953e-06
93fb42d64b30c15216541fa674a3a463d55b36bc,0.9381203,0.0129066855,0.042672135,0.005961275,0.00033961254
94b0f94445627a400153dd2edd229fe138391de0,0.8930611,0.0026494246,0.104037635,0.00023792169,1.395732e-05
950827f1535e1865470ab879f625a407cfeefa52,0.6751287,0.00015324433,0.3239303,0.0007858762,1.8479278e-06
950e83f2fba446a7cca7d0387f3ce3235a596ea4,0.42875215,0.45953494,0.10218623,0.006879561,0.0026471317
9514ae4eeea6d081cd345c84180d44defe56eca9,0.0002118411,0.99970704,5.624757e-07,3.3789374e-06,7.716757e-05
952b5f73d99ad910a2b872562ed92deb32f6c9ac,0.15345201,0.0060377796,0.83851296,0.0016282232,0.000369027
953dbdc2712c9e869fa8a37870fa62d0c2f12be3,3.7266211e-06,0.9999914,1.9977213e-09,6.0470974e-08,4.7850767e-06
95420db42eb68eb218464930925d3a1c8086709f,0.00020370209,0.99979,1.1100034e-06,7.028103e-07,4.529507e-06
95a5a039696020101f02fc51d7d34f52fa6974ee,0.8305092,7.676369e-05,0.16938855,2.4344215e-05,1.2073019e-06
9613558b5ab1950db48f591e88863268163e7e97,7.4333664e-05,0.99988925,1.04473806e-07,1.1909781e-06,3.514704e-05
9628e4a159ef849ea6afcde70f6358edd2c20bd7,0.71077013,0.007359828,0.27483028,0.006766962,0.00027283575
967e6d875a1dbfd2a8a4fa2aea7ead54b543d3f2,0.4398496,0.03319663,0.016131418,0.50478274,0.006039655
96a9bd9d745a09a0d645b2ddac4a447ee969b885,0.00032061664,0.9996575,3.9112103e-07,9.62522e-06,1.18161215e-05
96b36be6ff419d2fb9b35dfc05503e7ed2aa4ec2,0.0010478928,0.99889,8.554275e-06,2.2493537e-05,3.1107436e-05
96e09eb3e3afac7a1ef3334f3df1fb2ce8e3b19d,0.7047873,0.0031265412,0.2900928,0.001929972,6.338614e-05
96e14929c32c48d5dd271c99a0206edfa9a6660d,0.07293803,0.00022743347,0.92667454,0.0001532892,6.8144486e-06
96f1f0be06407ecf662270dfa3f793b51ef0db31,0.100658275,0.00021299816,0.8989114,0.0001969911,2.0281741e-05
96f6511ac646fd5d6cbb923952aa3e7e275b230f,0.97027236,0.0155305825,0.0070001823,0.0070138676,0.00018294036
97180137e718b513c96960f856d97ed3b120d0c4,0.0012159979,0.99874794,4.5247857e-06,1.5487587e-05,1.6041757e-05
975383d8f1bb6bf4370da455a59e567c5f7e7dbe,0.13004455,0.0012011827,0.86725926,0.0013426361,0.00015241528
978051623d4f7910a4ddd55b99ad5569662e68d5,0.6416689,0.0019717396,0.3543632,0.0019185552,7.765659e-05
979d205d2bbf709301db8b70852bd10970113df7,0.001825879,0.9980192,1.42574245e-05,0.000103715625,3.6908787e-05
97b22e9a72b630f6de7d72e14f2f3000df7dad92,0.05794932,0.9416699,9.19307e-05,8.176486e-05,0.00020716901
97dc0fe026418693904e4868702f331386900eb9,0.0003880337,0.99958557,4.6443427e-07,9.364922e-06,1.6532538e-05
9827223b6be2be42cff2387778ed07e4112e9a8a,0.0022652373,0.9973302,1.4585453e-05,4.0429346e-05,0.00034959748
9846d89eeae0d807b02a436e2fcf481b3bd7fb82,0.00013891402,0.9996923,2.0692018e-07,2.4624096e-06,0.00016609603
986bdb07e65310e4ebb424903c153d50422d88b2,0.0001825086,0.9998072,7.2513234e-07,1.0758707e-06,8.578869e-06
9892cbd1d2a4328213ac714dfe24a46da3283dfb,0.56573,0.051301822,0.10964498,0.2556802,0.017643075
9895f081172c758e065896489e2fd2af8eff7d65,0.0003035626,0.99968684,9.680621e-07,1.8442494e-06,6.852217e-06
98a70c388e03db2750c872b65b38f0e7c3b6f6c3,0.0001291227,0.9998423,1.10773e-07,1.4763483e-06,2.7052372e-05
98e92cd1fd1062aeca09bd068ba00e465e9d0cf4,0.0033172027,0.996451,9.707442e-06,4.834494e-05,0.00017375713
9928f7fa825aff4637a52d48f5def4866d638c13,0.4289553,0.50642097,0.022800498,0.029219292,0.012603932
998feab6cfae08373049d3083ac990f902b93508,0.13631646,0.8492256,0.00668974,0.001818188,0.005949977
99aa4b7b310ede62a66fc6797801c10fb3f18f52,0.15152353,0.0010825666,0.8467826,0.00057270523,3.851903e-05
99e05a1c511cbf76e64d3fee419ce7f5635deb9c,0.5135901,0.0012805439,0.48247322,0.0025317871,0.00012433864
99f84e3aecfc812d8d28677eb0ea9d0865961a4c,0.69526774,0.00835134,0.29468253,0.001634869,6.351468e-05
9a3c2f79840227c83eb207ce1b65a9a3eadc47e6,0.87223697,0.0059000887,0.1161009,0.0056851525,7.6928685e-05
9a87006903e08e379a9496f868ce9634843bea83,0.00046234176,0.9995048,1.7254433e-06,4.406074e-06,2.672818e-05
9aca589737a4007b3036ce3cff316e22c6f47842,0.5533801,3.380725e-05,0.44639367,0.00019153111,9.222978e-07
9afc1a2b4d9f515bc9c5fa39575d1cfeb5969612,0.01847667,0.9806234,0.00043241307,0.00017368999,0.00029373047
9b6a30faa2348dfcec47c8384447f699507e711e,0.9477697,0.016007492,0.026417678,0.009165438,0.0006397552
9b6ac379b03b908107ae8df566ba259fb4a63d07,0.09146621,0.0009964446,0.9059085,0.0014052122,0.00022364344
9b7dab4354255fdfda8ce0c7e55237bb35f01b26,0.82772416,0.019201878,0.15296412,7.2152296e-05,3.7578622e-05
9b866284715be55e9a191da635240dc1df63bd14,0.014418466,5.8352336e-05,0.9854704,4.9329912e-05,3.3832714e-06
9bf745ccb5a22910bb6557d9c5065e4f0b47380f,0.00082653435,0.99889946,5.0682884e-06,2.7079703e-05,0.00024183061
9c16c25eb1f2acb33ab0c5ef85bc7cbf4e9200fc,0.53189635,0.0043825055,0.46121785,0.002140038,0.0003632682
9c98d322f1e1c03867822cfd101c9c681ad4096b,0.9691302,0.005090498,0.02444602,0.0012783109,5.497126e-05
9c9b00876222cd20f4ff9ae894ead1fa36526960,0.42148632,0.007910582,0.23185939,0.33277255,0.005971221
9cc0096196b2d9c6174e4e4ab12b6c05c519efc8,0.0016854485,0.9980673,1.1567417e-06,0.00014900885,9.7151475e-05
9cc09294223581af49a0ef72482f6a4be9469b89,0.61134285,0.23569366,0.1481429,0.0037323013,0.0010882852
9cd84cd14eb9cdf596d00a96d0fcf35c891b0419,0.11966488,0.7988176,0.07501245,0.0024738826,0.004031224
9d13cf231ebaa17077222150aa737ebedc8c50f7,0.76084685,0.0013347298,0.23685303,0.0009538884,1.14802115e-05
9d7bf1ec92ccf34b91c01093b93b09cfaed588c4,0.00065412384,0.9993293,1.4301916e-06,6.6002353e-06,8.574768e-06
9d8f90ae8b33243294ce2c742fa466ed65c8cf3e,0.13487877,0.0010257971,0.86250854,0.001460802,0.00012615637
9def047c04147ddcac5d32b2b9638aacb09162c3,0.99097955,0.0003141305,0.008448978,0.00024947026,7.879478e-06
9e8250f92f72775c8e508808f215cec4ac703f72,0.899443,0.029096657,0.057590783,0.012717596,0.001152138
9efa7906b28c4f1278f7b2b0736917a6efdcdfbe,0.9786912,0.0006074111,0.020369196,0.00032959934,2.7316585e-06
9f165429099303d27923c2de8bb5e2efa92f0845,0.097651936,0.0014024846,0.9006251,0.0002750889,4.543638e-05
9f1702b44113e407f4be693ed91b39c61b7a90a6,0.8926172,0.0027428612,0.10282464,0.0017605782,5.4745462e-05
9f52d77cdae11505ddf4776ae95ac9c0437dd3ac,0.0065181376,0.99322367,0.00019587197,5.984543e-06,5.6337893e-05
9f67c236515506f0e2a80cb122e08a3f2bbac8c9,0.025760336,2.6150383e-06,0.97423095,5.985882e-06,8.6053696e-08
9fff4a006d27b240f15195970433028b7c317d99,0.88792527,0.01008802,0.09923406,0.0023797906,0.00037287836
a0285ee2657b30b0646d27a10adc4df925397cce,0.00027198723,0.9997173,1.1230061e-06,1.7461535e-06,7.841016e-06
a07a9fc65276c7b3e66356369647d501687ab04c,0.95196867,0.0012630534,0.043955784,0.0027912818,2.1228612e-05
a0c6401fb1c07118f4bb63f7ece49386769e1a1e,0.0030946736,0.9965912,2.8093365e-05,5.3104e-05,0.00023293695
a11113e50f5711a29925f618136065af9c3c2dfa,0.8360166,0.0031846294,0.16065101,0.00010520754,4.2507687e-05
a14d8bb64623087cc9764520fae4173e8cf687a2,0.85122776,0.0008575199,0.14748847,0.0004011273,2.5049187e-05
a19d4b56498ce7889ac847c466c870a987824926,0.4147055,0.016032837,0.49779373,0.06789744,0.003570429
a19dea4e11e86bff4b9a65ace1bb222f83a2398f,0.0006663834,0.9992212,1.2424375e-06,7.6268705e-05,3.4918357e-05
a1d391ad01aa22d793b176f1fb8e092e243b1ddc,0.9838684,0.000104261664,0.015937733,8.9179724e-05,4.4654226e-07
a257be61549c231c125c084cc5e8ef087bfc5f52,0.89036524,9.3618764e-05,0.10939356,0.00014670879,9.395711e-07
a262992f34139d818076c787fc2b683521768242,0.7735786,0.03476073,0.17260872,0.015304941,0.0037469761
a2983bc28b9bd42c33903e5a0a80d0c2494fb88d,0.0017986317,0.99812037,6.2049535e-06,4.6028195e-05,2.8747509e-05
a2f6d6ff0f62276e425653dc834074230854ae79,0.8033033,0.00015474834,0.19647384,6.7340974e-05,7.364926e-07
a2fecc417616647bc98aad030152301a46a1f21c,0.06876325,6.419095e-05,0.9308873,0.0002815691,3.7217944e-06
a3400257cc6da250b6e3c02112201f12fe88d01e,0.81663567,0.110735685,0.04443646,0.022213515,0.0059786863
a3c8bb81aa30afd27de00f07bc08ff1b9f957470,0.00085157505,0.99847275,1.9880978e-05,3.462067e-05,0.000621203
a3d534ba088759cd569f290427199dae40c00ada,0.0052403295,1.8786358e-06,0.99473673,2.0595593e-05,3.6848317e-07
a3fb0263888145b3e8a5213946f2f77a964238f5,0.06435522,0.00032540283,0.9346754,0.00060202467,4.1939827e-05
a4404b8b4c1efc887286ece86cc72b5259cc8b20,0.0046139015,7.1220547e-06,0.99535275,2.529924e-05,9.489219e-07
a4ac80773e8734bb7afa1f1e6750d194980b37e4,0.9344605,0.0005566537,0.06421488,0.0007578892,1.0037403e-05
a4b429ed6e571c822ec3c642fedb7b54e37e1b55,0.9372843,0.0030007013,0.038875703,0.02074779,9.150255e-05
a51bf1fd150d83b6bab3f088f05ae1ad2ba331a1,0.00038101827,0.99959034,1.5050872e-06,1.17463005e-05,1.5380027e-05
a563a750d36fcdd1ebe1b64bc254675d689aa6ee,0.06763743,0.00022871203,0.931884,0.00024109668,8.833553e-06
a599038bf7022cb0e9d0d9b9b901b3be58c0aca1,0.00034068234,0.9996319,2.0734312e-06,2.2594975e-06,2.3134251e-05
a59a4ee43d81b5eebeceb3b53b8737ecfc87a63d,0.07052492,0.0001988653,0.9289836,0.00028154263,1.1045275e-05
a5de11781e5f40cd401f20b475cc0051f06e0e3d,0.13471125,0.00043211918,0.864809,3.397866e-05,1.3675097e-05
a5f0d36e3a2181a7c9399c83265993b63e4f7868,0.03505123,0.0004375825,0.95993865,0.004192409,0.00038017827
a60c2d34fa4321a8f1aafc53adcc0bd77e696d91,0.1727962,0.0027902646,0.8243646,3.8916984e-05,1.0033825e-05
a61b719feefe1e856ea6db2cefeedeb4eecf7837,0.0010886135,0.99880564,3.0379729e-06,1.681259e-05,8.5883126e-05
a6317e7e908c3743410f36809b05c91d0597b32b,0.87518626,0.06519552,0.04699872,0.01131132,0.0013081022
a63c46f1c92fb53c522c6f26246a5558e86ba3fd,0.8697882,0.003575515,0.12622601,0.00039263486,1.759142e-05
a641973697045ecb002324e5e94e194b5043f695,0.9033809,0.0010681305,0.09502985,0.0005016014,1.952532e-05
a687352ae1f99b7ee12fb52db8d3eff7b5842396,0.85832214,0.015813103,0.11966589,0.0056273337,0.0005715098
a68e1cd072da13f6815d92b3427e65f18ce0d7a7,0.79678124,0.0007674113,0.20067246,0.0017600562,1.8877012e-05
a6a82b5f5fd74c15ab95ee41d3b1bdb093dd6d5f,0.12471878,0.0036897312,0.8682599,0.002896103,0.00043554153
a6ab6279c49859a309e7635bf5c9a58cb67cdb1e,0.68532413,0.0026362173,0.30829707,0.003624457,0.0001181118
a6f9524e2d54f0bb869afdd4df7a74c6304c4781,0.4475449,0.4671945,0.062247645,0.0070732213,0.01593975
a71160643f6e2171f2be2e52c11c8332e16b045f,0.00012267333,0.99987364,1.367907e-07,1.0347235e-06,2.5065312e-06
a73018ec3aacba5c1ca71831f183eda81f1481c4,0.15541786,0.0015643721,0.84264606,0.00029508726,7.6678e-05
a76cc2dc5b6c59d0ffe466c8dd6f4be22c0dabbe,0.83014166,0.0036326256,0.16235095,0.003784718,9.0057234e-05
a7a36eba4e6f2010f4279e58b313181c630cb8d6,0.9449309,0.0332382,0.014905017,0.005729585,0.001196304
a8abcecf7e3e2922cdc49468b3f369f2ea295377,0.332833,3.7545455e-05,0.6671089,2.0333528e-05,2.5101056e-07
a921e2c4247025be7247ef32ab7b4bd02d5378fe,0.00011074458,0.9998702,1.3894437e-07,4.664544e-06,1.4311793e-05
a9785f054fc51e55009da4c78d9826333c7baadc,0.9005256,0.050458074,0.04046509,0.0065735676,0.0019776016
a9a478475998201d18bb95e7baab0b799cea9809,0.2468206,6.958777e-05,0.75287265,0.00022906254,8.086898e-06
a9d176ec1baea859c466ad74a87f3d06fc959e36,0.3583855,0.02123047,0.611423,0.007894605,0.001066334
a9d9494484aee1a859ffc079838829ab27ede021,0.389564,0.00052193814,0.60928965,0.0005891276,3.531083e-05
a9e3bd5d1285ae5c79e16310c4712dbb0b2d4d0c,0.119698405,0.02167664,0.8449868,0.009332115,0.0043060635
aa2e03ee8f11facdfec5c357e0fc987adc1ad8e0,0.72531325,0.04394297,0.22867613,0.0017105225,0.00035714716
aa2e45dc757c7fb476722a6ab0ab02d79d17f5db,0.8877229,0.0017204155,0.10970987,0.0008016318,4.5224966e-05
aa3d7d93c5d08b69eb8f0be7f58dd3bad595a323,0.07439648,0.92330843,0.0004436756,0.0015305384,0.0003208183
aa3f6951c32fe66db3ddcb4ac081606fb3ce5ff0,0.7351857,0.0019285409,0.26162705,0.0012403051,1.8504881e-05
aa4fb0146659d0713351e5ac23315f549bca5389,0.1295623,0.0016325422,0.8674249,0.0011111246,0.0002691205
aaaa3de32e2bb82d4f724acec8cb146d3425f771,0.0019557322,0.997875,5.670392e-06,8.852679e-05,7.5131706e-05
aad3c9fa7e5abd75cd4fc4e76c44608a827cda5e,0.4116925,0.0006081696,0.58742315,0.00025401847,2.2195887e-05
ab0573c5fad77973d8032da5583ff200d6ded9a8,0.44010472,0.51202834,0.029141668,0.017848771,0.0008765712
ab78de95ce2bccf7828f06f62280318fbeef83e7,0.9038751,0.016298387,0.07281284,0.006420048,0.0005936687
ac2d59b08a60925d90bc6b874f55eb637cb91cce,0.8480512,0.013547774,0.13339727,0.00495483,4.8956426e-05
ac37b67d868c42fe1f1bb8787f759efc13dc1f22,0.016846325,0.98293084,0.0001915838,1.1732426e-05,1.9495215e-05
ac3bb264d91b914866cce86bf407c2c014a44181,0.010742199,0.9877406,0.0003646283,0.0002368052,0.00091578066
ac4fe2820b4ce072f7a20c5858f93a06497624fd,0.0041500553,3.527412e-06,0.9958438,2.5406998e-06,9.928627e-08
ac575d1705d8bdededf8b0937317c85d518b8587,0.58933216,0.0045883534,0.3880062,0.017623344,0.0004498935
aca61929158a49a75faf74697df765aab9ee3ac1,0.00463445,0.99491584,3.2789256e-05,0.00013913066,0.0002777773
acc1819eff732bb96d4ea17d2f12cc882e42535a,0.040979024,0.000297387,0.9585331,0.00015980282,3.0738105e-05
acf29144dcee2f39efefc957007b08ce509481b4,0.0007804584,0.99915636,9.124852e-07,1.9509795e-05,4.2696614e-05
ad1390e694ce72d24c9244cb97d3bfde4e5b807e,0.0030720579,0.996824,2.0239619e-05,4.7335066e-05,3.64351e-05
ad5cadab36e5f9bf048ed5ac77460c75a81fa6d7,0.014035644,3.3132917e-05,0.9858984,3.1492393e-05,1.3049338e-06
ad8ea9231afb45add85e8d5f1ab90767090ceed4,0.8004177,0.005146201,0.19104645,0.0033032254,8.649412e-05
adc859e0aced36905e67fe3747492b90dcb04649,0.9698721,0.0028271626,0.02690207,0.0003796373,1.9123829e-05
ae3baa6c34aa523fd2aa4de3c89448efff922311,0.96478313,0.0012406723,0.03218932,0.0017667982,2.0171445e-05
ae53cdc13a51df53d1bfb022ab8cfaff9d86ed75,0.12903474,0.0009400771,0.8698187,0.00016304216,4.3370957e-05
ae5922ef2aafcfc09e714f439e0abc8910acca06,0.00044388077,0.99952793,5.0018656e-07,8.5751924e-07,2.688587e-05
ae8f2bf59b806326cbf5e9216764fc7c720aa0fa,0.0026265369,6.1872515e-07,0.99736756,5.2007986e-06,9.05395e-08
aeeb2f9f6202c23e51da33c3bb17aa94773b479f,0.0026473352,0.9971987,0.00011270961,9.906331e-06,3.135952e-05
aef83dc3b29a3f0b134e8d5e9caba49fe411b6f8,0.3831409,0.0014853767,0.6146537,0.0006975431,2.2466322e-05
af0c363f7207e4199d3b5cea6cd5ca977ce58756,0.6990756,0.002868144,0.2951413,0.0028236776,9.130037e-05
af7fc5af7f0d17eb6053fae764c19eecb98bb0b2,0.63794947,0.026177486,0.31735367,0.016753558,0.0017658119
af9e220f6610cfa4ca22b2ec62261f7ee9e3148e,0.3951764,0.013338576,0.50692123,0.08038302,0.004180806
affcfab8fa5467f555ab9a19fa296ac7456bf9cc,0.6802269,0.07935956,0.15780607,0.07557767,0.007029818
affd5449f7828ac42b1e735cdfa59ba404017f71,0.9907488,0.0025636442,0.0049705934,0.0016519834,6.493611e-05
b04dad4f1870c0532575b7649af87b09e7a6f36d,0.8076527,0.09833885,0.06642578,0.022733046,0.0048496076
b0a5b13388bc58286ae6e8dd9469a0d2c8f63d42,0.037710596,0.0014943174,0.9577246,0.0024113464,0.0006592254
b0f3bc798d6c3c45dc72a428d2cd9314697bb844,0.0067781108,0.992301,4.349411e-05,0.0007019594,0.00017541538
b1807b0293714fd077c5a446e20d392e0c4263ae,0.98392236,0.0025410124,0.013171698,0.00034726338,1.7630226e-05
b18229823538b034fbd2739a975e9649098aefe8,0.92435074,0.020421568,0.01309533,0.041667707,0.00046458465
b1e4fe5a56790c796878c91570eb55dff230bb4d,0.6461631,0.007522714,0.342505,0.0036377464,0.0001714741
b1f0d046dc7745107c56d319dda1efa405694316,0.29304284,0.001621016,0.70160156,0.0035753706,0.00015925328
b20e138790e88df3b650c1ba95121414e3150d39,0.91542315,0.0006552089,0.082770035,0.0011409788,1.0590466e-05
b210cb5997bb7165f8f299435daa3a42f0947500,0.013426119,0.98184973,0.00091477484,0.00022994002,0.0035793474
b2370dccda5fdf4c1454aa048c6a4d295a1609b6,0.0018668955,0.99801767,2.9656998e-05,2.2961956e-05,6.278387e-05
b25eb0a5efe9cc31463e649667dd705b8303b1b0,0.07579541,0.8670091,0.0004602589,0.04327136,0.013463878
b29ab6ea95cca4231743f9a06772d8a81b63722c,0.0005319926,0.9994493,9.528274e-07,5.5477767e-06,1.2093814e-05
b2b02b5b8950666ca731e46ec0b4c1fe39652046,0.39405105,0.0041607656,0.5973457,0.0041770507,0.00026546986
b3302479a4931ff9233a4505882ca08f82504338,0.34541962,0.068517156,0.57762223,0.00681067,0.0016303634
b3b7a564d7321ff2407d5ac41b1e6753f93fd66b,0.0020169774,0.99788755,1.28788115e-05,1.7466258e-05,6.5149005e-05
b47afab20f73e2fe129051737f4618558ca1fd4d,0.95353675,0.034346793,0.006872725,0.004964763,0.00027900076
b4e7fb790004249f73da1aee9bc92a1691c8420c,0.7981731,0.00022459518,0.201416,0.00018330924,2.9629177e-06
b4e8cb26e7ddc0899002aa6f037dee20f7f205df,0.862253,0.0067001297,0.12722722,0.0036642046,0.00015543231
b4f615c200810e27c2cbdfa6e03f50fb48b6629a,0.493903,0.0015536709,0.50266165,0.0018414297,4.0208517e-05
b5414650126c64991b9441abd834fc4510a279db,0.052496944,0.00034150213,0.9451843,0.001938524,3.876713e-05
b5b953503542609bed3cc9a21010b122b498c5d1,0.4269054,0.019371228,0.54762226,0.00526486,0.00083628215
b5c79072d139d556a90f8f71f80fc88522219d28,0.0008947275,0.9990754,1.8004255e-06,1.1832329e-05,1.6267919e-05
b5e06fb3570dfc4d48411bcfa9ae2e1e1a2e6632,5.7330308e-05,0.99992037,5.8377832e-08,1.1679788e-06,2.102894e-05
b5ee075917911a030fd7b05063111f171087ddf8,0.001068056,0.9989059,8.067578e-06,1.1466341e-05,6.584566e-06
b5fae332f02bf756db6817cb67ff8e41dbcd1046,0.0614127,0.00010100962,0.9384027,8.244165e-05,1.0961218e-06
b607fb7459e29da0846b2fd549f08763599a5860,0.0033562367,0.99643075,1.9456575e-05,0.00014016137,5.3407468e-05
b6382f05521a36b6f8f2c35cbe25bd2ae9e03cbb,0.9797275,0.0004457317,0.019592857,0.00023260148,1.2816582e-06
b6ea03548c371a68e97e45a854873446c339091a,0.4675514,0.006880968,0.52057356,0.004628695,0.0003653909
b741cfbb458532cd74f866755e1cc5f9eceea4be,0.65793884,0.027076935,0.30122635,0.011782919,0.001974901
b7522ce8a3de8e4a5acc15c9dc8170c70d0f94f0,0.004730363,0.9951355,5.7559646e-05,1.44401e-05,6.2115374e-05
b75e1b6f971f0b6c238855dcf6fdc970ef114153,0.0011751835,0.99878687,5.742476e-06,1.27651465e-05,1.9540706e-05
b780884b569ad649ffc2fbe3ffdcb83796ab77e8,0.0019567788,0.9979215,1.3763547e-05,3.282414e-05,7.513521e-05
b7d51ebc10df58e9ff0d81c7bad4f5ceeaed8d9a,0.88380706,0.00944208,0.09928152,0.0068944944,0.0005748467
b7e0f66356a10621a0df84622ee58ef7317a8031,0.632947,0.0005583237,0.3606423,0.005783877,6.853075e-05
b7f794d81866ce8cbdd35c58563e5d21ba9f3850,4.828995e-05,0.9999453,2.5704052e-08,5.3266814e-07,5.873989e-06
b82a1963807ffd59c94e442c9a77b39427c6b67e,0.044090983,8.2981685e-05,0.95568377,0.00014060627,1.6497951e-06
b8d80e386622a5bfaf8fd9158c77fd90aae21d1a,0.3487068,0.09900775,0.004458696,0.54220146,0.005625322
b8e676365b693078c0084b5e9387a3842d688499,0.94075376,0.0017160769,0.05660711,0.00087991677,4.321361e-05
b91cf5580ab8fc273c333eb48d3afca51aed4e32,0.00092803617,0.999006,3.2726819e-06,1.7830711e-05,4.4826404e-05
b939657b3a7e388455f3a13cb84e0fcf5e745c45,0.87132925,0.015036034,0.111918814,0.0016176223,9.82909e-05
b943eb89823af783fbb796d245ec33dc463bc322,0.006258026,0.9935135,2.5600111e-05,4.2042895e-05,0.00016085242
b982ea8f3c0ee1209e2fc014f66a5f465c8e1d20,0.00075646973,0.9991874,2.0009136e-06,1.6269742e-05,3.7828282e-05
ba296ac966f96f1aa18952ccad689ab34c68a926,0.9197799,0.018793467,0.05374715,0.0073166313,0.00036285346
ba397f5338dccee6292878cc1506924bd3bde22f,0.00010187558,0.9998921,1.3894741e-07,8.090124e-07,5.0634258e-06
ba3ee9b441039aace1175fd4a4e6f2e68c76d75d,0.0070732194,2.8040454e-06,0.99292153,2.3428677e-06,1.2563108e-07
ba6b33d571605f4ebfc22aa1de38eb440fd43cbe,0.10051202,5.8716454e-05,0.8993601,6.129442e-05,7.915429e-06
badbe559bce1dc2504aed06e7cf35f63c701e620,1.347908e-05,0.9999838,1.0799497e-08,7.09739e-08,2.6271116e-06
bb2035965d75b96a01eb4ade932e13dd12643669,0.7887061,0.011652841,0.17182355,0.026961695,0.00085574907
bb56e256de6bb3e5a7d4566a6006a87a1e6495a0,0.08552849,0.00012245905,0.91414595,0.00019416615,8.975472e-06
bb67f1ff3ad9a0ba9e732ad8a0daa8adab7e32e8,0.27630398,0.0007177576,0.722299,0.00067033165,8.895157e-06
bb97ed6bfda31c2f3eca438dc751091299bdbe7c,0.0010351574,0.9988691,7.2032717e-06,1.8038421e-05,7.051217e-05
bb9de2e1581f1f5b53149e79675bf150a689fc17,0.5383107,0.00083664036,0.4595431,0.0012983473,1.116728e-05
bba94934f7cfa11228693491fb4f1dcc9ec60f1b,0.68400455,0.00022239829,0.31561625,0.00015345021,3.3245851e-06
bbc26ef790f4a1a18993c52a2eb8c165c50691d9,0.9076322,0.00022189142,0.09199891,0.0001460895,9.690825e-07
bbf28e2db4d0d47a1d4694f14846594ae33244a9,0.019906908,3.6171634e-05,0.97999865,5.5155157e-05,3.0633994e-06
bc017e6bd7d83c8b6e0c74d446cd7ab529a9a280,5.227719e-05,0.99993634,2.4912998e-08,1.2728113e-06,1.007027e-05
bc04d5218726ad73f6e9612e384f282ebf405913,0.00057418476,0.9992329,2.4231194e-06,8.230619e-05,0.000108189444
bc2a6e6bb9a879525018c3c43c4adcbc8aa3cf92,0.17067066,0.00035624404,0.8286633,0.00029881802,1.099126e-05
bc2a9e9ee0b1745d4406c09077da5ac273991672,0.026154922,7.895744e-06,0.9738184,1.8215293e-05,5.8097294e-07
bc3f7e48c85170f013d828c3050717a5a494686f,0.32799467,0.00022096808,0.6716882,9.21132e-05,4.015676e-06
bc435aa30b1af7355e1ff47fd9433062d832a3f0,0.3703506,0.59996545,0.014758128,0.006671526,0.008254341
bc59fbf035e5ac3069ee3a877e2c7d536ad397e2,0.011799825,2.3002563e-05,0.98813474,3.8522045e-05,3.966139e-06
bca97783b475ffff043436fd01607984eb389ede,0.00028250305,0.9996877,8.31269e-07,2.4914239e-06,2.6525031e-05
bd3ae5f62cc76de4546975f8b59f74d8b8e78913,0.918499,0.0004670852,0.08072919,0.00029922603,5.459149e-06
bd65a7355c4891580917237c1883a7ec0447c63e,0.9686487,0.013043434,0.011876182,0.006059839,0.00037182483
bd8706678fb86ea594ff6589406a400147bf958f,0.7942025,0.10853675,0.089784004,0.005888737,0.0015880307
bdd900d7cdbbbc83616162e21fcb5770d338782b,0.5930344,0.020753467,0.20592523,0.1747878,0.0054991213
bdf43ae46589b7b5cfbd0ef5832c0c03f8b9f6b4,0.94581836,0.0019512238,0.051996253,0.00019585685,3.826637e-05
be566a7ad37160a761be7e73d469acbe9b775367,0.046974026,0.0004197153,0.95182747,0.00075852324,2.025348e-05
be7413153d0f555f0616d4606917167f2c8ee2ca,0.0076219337,0.0002851858,0.99195963,8.886561e-05,4.43367e-05
bea74a5ec769faf97fab64087a4b5289a5d15041,0.00349218,0.9953695,5.0808154e-05,0.0001528748,0.0009346444
bed4cf019dbc672c9bc022f835928fc09d051523,0.0051893992,0.993765,2.5908435e-05,0.00015412619,0.00086554355
bee828e72df09d02d66c07c1d9f459534f35232b,0.00012112598,0.9998753,4.3721002e-08,7.2802004e-07,2.7907863e-06
bf35626b5186ba5c90d24bc102099569e99f2c05,0.5418215,0.002380242,0.45182547,0.003909056,6.380406e-05
bf89671f753e19f5467f79fb9ab2bb9e40ad0665,0.11029814,0.0010593752,0.88726884,0.0013235739,5.013169e-05
bfa451a648def2c224fc61df21474efaef897a31,0.18963167,0.0013273301,0.80700165,0.0018428154,0.00019652084
bfcada19f8807fbee284f3b4a72397bc226f10b3,0.0019721766,0.99794716,3.1444408e-05,2.6478849e-05,2.2648559e-05
bfd4b483a02b1d0b52e26f3b5497bd4f242513ad,0.63419783,0.3159499,0.035465907,0.011961076,0.0024252986
c0120e482e4c0f6c32d8105ce88c91324380bc01,0.0048674084,4.4639188e-07,0.9951308,1.3018084e-06,1.8139144e-08
c021db26b2e37b3f2a09404dd7a977ed10f9e0d5,0.00018261367,0.9997725,3.9888107e-07,8.545127e-06,3.597633e-05
c03cf0c5372f5da45dbbd8e266aeee554f847deb,0.0011913241,0.9986952,8.653422e-06,1.7617494e-05,8.722594e-05
c05c34f3fda6ea06133fb099c75f6de4f25dba0f,0.9454176,0.01089971,0.03319853,0.0094976155,0.0009864845
c084633acbddaa388df517640ec629295f8876a3,0.0024814035,0.99741036,2.206886e-05,2.6207419e-05,5.998938e-05
c08ebda618fa715ddd15013c479b562f9c144cbd,0.12165798,5.1792755e-05,0.8781138,0.00017521263,1.1805733e-06
c0d6f9e76d5d1d7bb71be0fad0c707b2ee7b72d4,0.4723568,0.002305895,0.5248977,0.00042405573,1.5567373e-05
c0d839e08d58f05623136df040c86a952094ae6a,0.0036499721,4.1659106e-07,0.99634594,3.612883e-06,3.4195878e-08
c13fcf9178304e135f3e669820bba80bffafef88,0.22574538,7.310213e-06,0.7741995,4.711322e-05,6.337884e-07
c1e54fa1948147cda67b7c5942eed3adb342d163,0.5181559,0.00057553325,0.4810914,0.00014326155,3.3894943e-05
c1eaa52ab811b58d7c793bcb8ee23627f62f236d,0.9898259,0.00052545714,0.009553467,9.256773e-05,2.64654e-06
c250188cc8c62897d66a75f9cf6aafb4511d93ac,0.0004437683,0.99951863,9.4179194e-07,6.360998e-06,3.0346626e-05
c2dd1cb278640f47912c39b1f44ba384af0f10ec,0.46671474,0.00014707954,0.53300494,0.00013030523,2.9241526e-06
c30e757b47e395f6c3082add4c0d36d5aa90d38d,0.08081981,0.0014644503,0.9168401,0.0007732198,0.00010241969
c32f70cc6884db6746e94f34ea7616a142bef90d,0.0020961212,0.9978629,1.1771895e-05,7.252454e-06,2.1992795e-05
c3a8394f51b0b80d29717771dfa1a40d9925c68c,0.0029166355,0.9961182,3.334586e-05,9.099822e-05,0.0008409
c4415f7635fb0dc156e29649fbe17ba7e5682939,0.000110934794,0.99987733,1.99809e-07,1.9867132e-06,9.533777e-06
c45c169cb961154f721a52902b8a8d16b11b7459,0.0647602,2.4665356e-05,0.9350622,0.00015227866,6.598821e-07
c48d70d817412e621643e01c8ddaac811b72a15d,0.00065427314,0.99931335,3.5121554e-06,9.092063e-06,1.985889e-05
c4992b42a931a21500dac80c7e3c1b4521e5b2a8,0.046389572,0.0005239684,0.95292443,0.00015763142,4.454226e-06
c4ee26a3ade8064a2ec494996e836900fd32dd8e,0.9843711,0.0029489705,0.011348804,0.001318861,1.2193831e-05
c5433fc034f8a897f01886f4da50af0343f17c59,0.00030917046,0.9996811,8.745663e-07,2.3496211e-06,6.487512e-06
c56b184a370262e2949e4394316b0eba85d24e9d,0.0020140104,0.9979412,1.4200729e-05,6.4007704e-06,2.4109122e-05
c574e96247af7a6f91a52a8928319771b9c028f1,0.1289878,0.002599765,0.8678058,0.00058235636,2.4272602e-05
c5b111fe50620ad97e28270b2899f7a2baa7155d,0.00024668433,0.9997279,3.8810464e-07,4.221702e-06,2.0861278e-05
c5f2231a19f4fc07bd3e00e76fd4f05da54a27a6,0.20088649,0.0014750288,0.7960748,0.0014865976,7.7112156e-05
c66c79a9e65198f5eebb4990cf76972f6bd6ace8,0.0010766633,0.9988758,4.088327e-06,8.791284e-06,3.4634642e-05
c68c9d891fd782447aa4a031fd3179a4117823d3,0.40652367,0.039127357,0.54971504,0.004136093,0.00049786025
c6c76cebf43bcdf6d7a0354fca7a517a33137b33,0.17363559,0.00017767366,0.82513964,0.0010365162,1.0587097e-05
c6da0c74dd1d4f5bdec3e41d22dfa5a0ed9c055c,0.0051057083,0.9945912,4.497833e-05,0.00015760424,0.000100571444
c6f39cf418b301b3af64c02f844da9241d6a69b0,0.8901655,0.04278772,0.049489424,0.013203341,0.0043539996
c7895f6cb2b5db18f44b5b9120b3b5891765775c,0.08828474,0.00035869164,0.9110079,0.00034159812,7.075809e-06
c7a9cfd06b583a9c4c52eeca895c66bf4902c751,0.002029517,0.9975553,2.1729873e-05,2.8787403e-05,0.00036467274
c806d79743c36959592a8d57788fadab3f37ec81,0.90469646,0.016847478,0.07458907,0.0037045162,0.00016244748
c83e9738ae5d1790ee85b99863deb734e7614c52,0.94707435,0.0009690994,0.049294434,0.0026342857,2.7815297e-05
c849c5dfc1bcb2d2525595c792e5e12ec24288ae,0.00040645731,0.9995857,4.924603e-07,6.7048927e-07,6.666716e-06
c84bd2536a962f3330898cb4f19107ec0b580c7f,0.5030092,0.00028369366,0.49521077,0.001483548,1.2860299e-05
c8957a66453d3bf8c5d9a8dab3d7db47de8712b4,0.9631502,0.0014480378,0.03385013,0.0015414283,1.0105915e-05
c8e49a700f1d664be60760fa1588c40694ca9e8d,0.82536745,0.005485766,0.16141725,0.0076385783,9.0949354e-05
c8e892c58980372ff7d5d4253f1ffae2318e9660,0.20253256,0.00019544845,0.796352,0.00090905535,1.0897984e-05
c8ead25b9e3c3f05fce76e1f1d102964c5e038ce,0.7397284,0.0016991212,0.25714558,0.0014058724,2.0975083e-05
c920cdde9b65a124de592bf659ff27baef9da5ab,0.047879957,0.0015895065,0.94956285,0.0006849747,0.00028276505
c92bba121202830c4f14119dfdcba813f390f271,0.9439531,0.00062363554,0.055105865,0.00030691834,1.042044e-05
c96036221d1bd893a7e51932123e8b03acba5757,0.422417,4.355658e-05,0.57737565,0.0001631016,6.6137176e-07
c9848c9c75b92481a9afdf7fea3578176468e817,0.21377318,0.0077411956,0.7758646,0.0023701717,0.00025079199
c9e22427f4c7aa646ccfffac8f18cf52d73e446f,0.8909069,0.020728255,0.08188183,0.0062664417,0.0002165301
c9f91af501aec7b0bb4779d58f74c551697bdf1a,0.08462329,0.9142393,0.00067250116,1.9529796e-05,0.00044536515
c9fde22724acdcb871ee1090ed615496ba205e87,0.38600564,0.0015637127,0.60905385,0.0032526979,0.00012416547
ca02cd38409dd53ab400043d6f2cf12c9f0865c8,0.00021952245,0.99977213,1.05692926e-07,1.8881454e-06,6.3626117e-06
ca18d2404b1358d24da0aeb79cea4ebc842ea694,0.7274903,0.0060058,0.24775794,0.01784267,0.0009032052
ca2532ca69d48b19310c8f7e3ef90e2fa198cd80,0.9110355,0.027944122,0.05301568,0.0075652567,0.0004394915
ca6f551f8ba46016386c7f4a13b7aa5d4821b3c7,0.00011164052,0.99987113,1.2406346e-07,1.6926904e-06,1.5384347e-05
ca8150df84803ae2614d5212c9955a5a994b4d21,0.9518333,0.00017981463,0.047854044,0.00013053142,2.2547074e-06
ca967afa4e839aee8db005d7f1a4245103e3fbf9,0.32267943,0.00033603894,0.6685926,0.008173343,0.00021866472
cabf893c95f15a2f07d9f520d21b10f056b43dbb,0.00015706827,0.9998369,9.2553826e-08,2.5508873e-06,3.353078e-06
cad9dbc323820473785d6629d41d64c86f9a2ea0,0.004038523,0.99594456,7.33706e-07,6.3135426e-06,9.932595e-06
caefdd4de6156e38ca33fcf4d4a5ce3dbd665d2b,0.0551296,0.0002892936,0.9434379,0.0010981985,4.5063247e-05
cb1208f8dbacecea218e0cec2d76fa1b4ac4d0a5,0.70284575,0.0052266484,0.28901124,0.0027894392,0.00012694477
cb21ab88bb966afd1a426ddaad8a8e0cba32387a,0.850181,0.0053187083,0.14403532,0.0004239811,4.100735e-05
cb8998305b3b5c68ef7cae28ba51fc04cd86397d,0.98472774,0.0027605009,0.010463904,0.0020235737,2.4354062e-05
cbc4b663926fd8a24a60085869830b17103347ea,1.947799e-05,0.9999659,2.1900577e-08,1.0739418e-06,1.3511786e-05
cbc6e968d7f5931833b773f3e3c04de513b9e96d,0.0696861,0.0003873673,0.9296621,0.000246707,1.773232e-05
cbfacd101b49a5684864f5c4f2634f4fa4b8edff,0.004058157,0.99566865,1.1700216e-05,0.00012677575,0.00013468876
cc0be3b0ddc900c3ef969bc8305f851a44de9ad8,0.006964236,6.8867403e-06,0.99301803,1.0624807e-05,2.3473257e-07
cc177c2cd2b1d4af25745d9084dc24e7008d7210,0.5608449,0.00038907115,0.43849596,0.00026070033,9.348787e-06
cc1ec6952a5227b4dc799f42536bcc4ec534fbc4,0.77786297,0.00052712124,0.22155945,4.9221817e-05,1.3323735e-06
cc3864d11bd5e88a6d463d48ba99c2a437dd4880,0.0002890969,0.999689,3.7109696e-06,1.5469623e-06,1.6729147e-05
cc41b5ea1ad863f38e63cb94460ebffb9ffd9340,0.00013774546,0.9998505,3.520388e-07,1.5291869e-06,9.836149e-06
cc62e7b9e1a98777caa8883a4cc603e5104f2d99,0.21021418,0.010578982,0.7734502,0.0053246426,0.00043198126
cd548c8c2d5b494e374b79688dbe2ceca2702b53,0.6025113,0.038781464,0.3545442,0.0019232876,0.0022397847
cd667821afeb639c9365139b43854a9005098104,0.0017880402,0.9980737,8.580739e-06,6.6058165e-05,6.3651714e-05
cdcf6391e0c55304d97baadc9273c372a85cd0c6,0.75679165,0.0059849275,0.23375729,0.0034234559,4.2592877e-05
ce2de362a163389d83e83844a32d5cdf6363e39b,0.0023321926,0.9976501,1.2649504e-06,5.081761e-06,1.1362806e-05
ce8a1578c0eb95557e98c1a651c5c054cd7c2765,0.0010550064,0.99881953,7.757843e-06,2.280157e-05,9.497249e-05
cf15d4184bc43b05e11237cd90503368e41819c7,0.00081671175,0.999151,1.4811018e-06,1.8725674e-05,1.2161253e-05
cf259ec891e9093c9c66a8c25a6eb2e1d607a9b3,0.00048588126,0.9994822,3.5680666e-06,5.7017537e-06,2.2683396e-05
cfb169d1dab1642fde37e4151880d6d9b606f313,0.93427724,0.028839497,0.019542385,0.016797306,0.0005436522
cfb84f64cb1fe2940b24dcf30a77897721483b16,0.0018988383,0.99594647,1.3523347e-05,0.00028134277,0.0018598398
cfe2db107b6edc3ceab4c5c08fd38a1069b98730,0.9602487,0.0030983328,0.03164546,0.0049850834,2.2266264e-05
cfeb39e1ea90be9bacb1e6e739c1a90c2137255b,5.235362e-05,0.9999323,7.124801e-08,1.1232476e-06,1.4229063e-05
d005feb68474379f5904014bd2b0720518f05e1f,0.031053811,3.4526223e-05,0.96889025,1.86255e-05,2.81203e-06
d00f43ec6efe6e239fba779b331b4e0856bc93d3,0.7779553,0.19732317,0.012648371,0.011118632,0.0009546066
d013a5976e3a95c6d82cf4dd528bacd57cbcd56e,0.6987575,0.006498487,0.29014987,0.0043970966,0.00019700537
d0433b4a961d0b447b8adc7a01064ffb00890e07,0.20178203,0.00010525117,0.7980634,4.6522837e-05,2.8601694e-06
d05787a28af810bd7d7c20856fea4fef17b8f0bd,0.14953335,0.81949747,0.0144628305,0.0017005589,0.014805806
d05e335c896be1d68c0bd54cc29a25c079cec9f1,0.0049773427,5.2701844e-06,0.99500483,1.1969692e-05,6.886026e-07
d06dc92d4151980ea5fc69c70d753ea20c069b06,0.9111003,5.8332436e-05,0.08881255,2.8097751e-05,6.7120175e-07
d09fdb4125b7dcee205889074ebe3992797da98b,0.2008076,0.00015878075,0.7988767,0.00014974452,7.113936e-06
d0a4732b7965d6da4efd4e12808c3ee5773ff34c,0.0680324,5.896583e-05,0.9318497,5.8278856e-05,7.2791346e-07
d0f6014f7cefd377168147483e5a9b89e375b468,0.029029952,0.9651025,0.0036727667,0.00063512236,0.00155971
d112ebf682f1338aa5a84b25a9158ff3f318f47a,0.0025434652,8.038941e-07,0.99745506,5.974034e-07,3.080721e-08
d11cb8cc53d729efc6236f7a97aba5d8504c6077,0.00271519,0.9971167,7.9593065e-06,4.48291e-05,0.000115372946
d16693fe7d8fa0fb9400a9550bd4a26fe3b2fa9e,0.0072417925,0.000118490294,0.99255157,7.144813e-05,1.6707316e-05
d1857540dbe5bcd867fe8fe5bd9e488f22c8a075,0.0009233139,0.9990314,8.896298e-06,3.2346363e-06,3.311838e-05
d18d4f31f5e03258882bb8a77bbc214763c6b73d,0.05890226,0.0009765494,0.939559,0.0005319787,3.0247573e-05
d1a8295550eaaf3375cb2db5f38fd59b38d26fb2,0.0041505964,0.995609,6.973509e-05,4.0995146e-05,0.00012977437
d1d0d8eb9e9b1dc3d0ba7ed86618268f64b57427,0.19506297,0.049730737,0.75435376,0.00015110754,0.0007014489
d2088a09d9e2c875e2978a9f84bea689f4c028cd,0.02721908,3.1314943e-05,0.97271395,3.452734e-05,1.1229625e-06
d211fc0940d5da1622d7745cb14bc6ccd913bfa5,0.8325911,0.0005959224,0.1665287,0.0002712392,1.2986867e-05
d214443fbc8db6edf587ca299d2efe6714a57e4a,0.91807425,0.02089612,0.055478964,0.0053430353,0.000207577
d23e4d425a8e18d559443275b441f7f74f6e6c2e,0.7618739,0.034068026,0.18516184,0.018306669,0.0005896174
d25c69f99c4b844ffab77f632920e3fa9032be92,0.0015110229,0.99819726,8.220862e-06,7.5009324e-05,0.00020852801
d26afbd138ff96d9466388b195f7e183c0bff3d5,0.87920356,0.019768598,0.09381695,0.0067522503,0.00045859982
d2d8b08112beff69fb1336e2bb7d569bee31ed24,0.00074932165,0.99921465,2.5195995e-06,9.753397e-06,2.3765633e-05
d32197f3db6bfa837d5d87797306a762a3d66d4a,0.0005725418,0.9994191,1.947394e-06,1.5894166e-06,4.8576485e-06
d378367989d05bc8a20d1b5e1a86077a8ad768af,0.00076428964,0.99921787,2.1052108e-06,4.3027717e-06,1.1447542e-05
d39ef556f489720d0b268f94aced549e0d89dc14,0.001444373,0.99849546,1.0154442e-05,2.1205047e-05,2.8814535e-05
d3dd1bc9e20cb888169900832b4c67546c6a0a4b,0.42872968,0.0065226434,0.5635545,0.0010360713,0.00015703558
d3dd7b26dcdd412dbcb68496e4ce7b19aab014de,0.951889,0.008956976,0.027535597,0.011411485,0.00020697748
d4077d83a5359394178167ee288176a6fc960751,0.54506916,0.0024038812,0.4371208,0.014553999,0.0008521227
d40b1b5d1d86c0923195cefdac86c4151418674d,0.68359375,0.008405837,0.28973463,0.017864805,0.00040090032
d420024c918fe5694623a001408600a6da4c5b2a,0.861244,0.005314757,0.13168967,0.0016953839,5.6118257e-05
d42df34f8d3f5c2a1327418a884c4abe2bfb84ef,0.37521112,0.4621941,0.076489754,0.07526712,0.010837964
d456ba6139f1e5678a8ab460d827af937d89f412,0.0001192918,0.9998754,1.7495827e-07,1.8991541e-07,4.8032475e-06
d45e1d8ae9cc6007a0f77a7da0120c5d8a4f69a9,0.98145825,0.0004624963,0.017895026,0.0001769206,7.3596584e-06
d4869bffbe66a36d9ff5e4e32e2f8b36d8f399e6,0.00014901803,0.9998361,1.3519197e-07,1.5411581e-06,1.3209968e-05
d4af711bc55f07896229d6026413f2460f1b7562,0.9170227,0.058270134,0.016878068,0.0076001156,0.0002290558
d4cbada67a83b397ebaf0740f48d1c041e4148d5,0.7238159,0.0060459026,0.26214874,0.007763093,0.00022632678
d4d02e73da889db1f4fbd9157ba8122d6b1d9ce7,0.6997127,0.0043011094,0.25930217,0.036189023,0.0004949808
d598392e86af429cedd649dd7ef994031e6e58d7,0.44909114,0.00063675654,0.5491643,0.0011023676,5.391928e-06
d5b4e18816472105d9a8d077a03032d35fe63ae7,0.016197512,4.082173e-05,0.98368233,7.508265e-05,4.2358733e-06
d62b245703125f2e5bf0708694cc53d7f2b0dbf3,0.0016718372,0.99825925,7.485644e-06,2.4353476e-05,3.698984e-05
d64370a40c913742fa0e76134caee5aa99fe2fd5,0.80800605,0.023056066,0.14006802,0.028001688,0.00086816977
d682cf768640d3e80131ca8230dd5bdcb76a0191,0.000793801,0.9991399,2.2320744e-06,7.790705e-06,5.634238e-05
d7e3f6424ffae44050202d881c995e7ad3ca0e81,0.86973655,0.009192479,0.10701569,0.013894202,0.00016112743
d85fcaf4a3eec9b797c49c034145a877103cf5ec,0.0012296845,0.99871016,7.230313e-06,1.7825432e-05,3.50371e-05
d862361974270e180941553285c430746e607449,0.9950558,8.1165614e-05,0.0048291665,3.370295e-05,2.523481e-07
d878e173af778553972679125cbecc579fa8c63f,0.054996885,4.9760398e-05,0.94485044,0.00010012688,2.7745837e-06
d897658c3347a799c08c8a175499e041b13d270e,0.40555528,0.00031818147,0.5935471,0.000566113,1.3287725e-05
d899d9750e073d928bee63a8b98bcacc71c19da5,0.31398052,9.952866e-05,0.6857965,0.000120996076,2.4819374e-06
d8a53489430e4a34f8de93aa599d5e4dd954b414,0.5758261,0.0009072662,0.42293224,0.00029743675,3.6938858e-05
d92fcd0792f47772fdfc7b553b26382218e5f2d4,0.11910993,0.00030342847,0.88010997,0.00046904225,7.596183e-06
d93722c9c7b1c70aadc0ad14da0c332eee58a4a0,0.00028027632,0.99970883,1.3598942e-06,1.1142574e-06,8.412111e-06
d95158fa1adbd3f9b284dda815ec2776c53f1613,0.20098534,0.0004716795,0.79802364,0.00050112046,1.8182152e-05
d9a08adc801c17e65c72f9158f118c1fd51424cf,0.75009805,0.21033879,0.015628718,0.02289563,0.0010389105
d9adfbd38a7b1e1906801044e968e63f7d6e7ca3,0.9540009,0.03488655,0.010902422,0.00019373026,1.6343176e-05
d9c9feada8b7a022f06510a07a6139875a0dfc0e,0.82521284,0.0815278,0.088692255,0.004099864,0.00046723586
d9e12fec63d883964d1822d69200472877cff3e2,0.7801351,0.21141078,0.0041745156,0.0023832177,0.0018963593
d9fdf4c7b9b51b1b538a558379cb7656240dc869,0.26446924,0.0010273099,0.733081,0.0013530133,6.950089e-05
da058bfb9d85e11d0d012e56ebf0b1c0b09b418f,0.0020441501,0.9976592,1.1954834e-05,1.6727821e-05,0.0002678724
da5e2fc2250ded2e30b7f4d7cb4602575cfd60b8,0.73308414,0.10748363,0.10298816,0.04797586,0.008468243
da69c1c34a12c895a3d0a52c57daca9fc3bbf82f,0.0035001547,0.99642545,2.2350565e-05,3.6066598e-05,1.5942058e-05
db4d1667675c0233d90ce7f0a3775f900006243e,0.9301978,0.00544009,0.06228894,0.001945415,0.00012781378
db4d6126261d321e9aaa909a84c72fc968be8d2a,0.0007390139,0.9990351,1.8003528e-06,5.535483e-05,0.00016868308
db59ee6c47c0c7a46e5ab2b291c6cd47b98be4fd,0.614019,0.012893775,0.35242927,0.018889014,0.0017690037
db842eeeb2c95a8c129df97b9e9904dee2eaa21c,0.028593132,0.000107230895,0.97122407,6.991289e-05,5.6941394e-06
db8e26fcbdb5a17085dea03bc2491f481ad9a323,0.20172021,0.0026846377,0.79393286,0.0014768176,0.00018556888
dbdabbad2e58692b8debea8756429438879927f6,0.89445835,0.012475384,0.08674444,0.0057789744,0.0005428033
dc01fbf43d09af1ba655d5f30684a0735dc34f2a,0.9594787,0.013915338,0.023879746,0.0023232165,0.00040292676
dc117ed4ce6c089a0ed328f271de10a2996b8c3b,0.96226877,0.0012993602,0.036004692,0.00042349152,3.6212336e-06
dc562be2f7e02c7a50c95b4df1081eeec758397b,0.85799044,0.0007235888,0.14033693,0.00093639345,1.259679e-05
dc649b42fca41df09f2e9402845807aed2af621d,0.0003407769,0.9996043,1.8731373e-06,1.1208554e-05,4.1889558e-05
dca334b810b9021828fc7f227e784d99acf23a7e,0.0010483759,0.9988625,3.9010565e-06,1.9695457e-05,6.559589e-05
dcae6506c15134f10d6ae3733947eca0c59deeae,0.12741461,9.84143e-05,0.8724232,6.015946e-05,3.6554434e-06
dd65788e513c2abebd1d6072a6f06212dba600d5,0.29151365,0.00029887626,0.7075481,0.0006302543,9.096067e-06
dd9a44d9a7c5c32955b9a4e9dee9c3789cf44b3d,0.6208641,0.15623347,0.0415547,0.16920727,0.012140438
ddb6a2a4d384bc99867bf8128d51b848482af361,0.29855195,0.00012685281,0.7009662,0.0003516227,3.3673334e-06
de165a1a543cc6b94cf0bab11618339367a0b223,0.95393103,0.0007382512,0.04438779,0.0008974853,4.5475546e-05
de1eedc62bd9c4ff29e72a9dabb604188301c8aa,0.100771196,0.00023928114,0.898164,0.0008126459,1.2881139e-05
de3b4ba7b7ec43cd2ff2fc819f79030e3ed82bcb,0.6729568,0.004386265,0.32006276,0.0022578558,0.0003362564
de431a8b564be15671a1bb420f9c90885d96fa5f,0.92770106,0.027405312,0.016292704,0.028192533,0.00040827837
de6fc0c6a7b8daae7c6367a623b538ab0db67ec3,0.98585933,0.0009532362,0.012656451,0.0005243747,6.5751688e-06
de72e8c4c5a713eb29d2f3adfe3fbbf98d60dcbb,0.9506026,0.0014180514,0.037723735,0.010220355,3.5223955e-05
de794d6f9a08d85f93bdf3bacdd6ada5971fbbda,0.91410995,0.015960218,0.021372212,0.048210073,0.00034747968
dec4101b48d9e34b431fcbb507d867e58901e2b7,0.82358885,0.00062139914,0.17535217,0.0004355044,2.0326033e-06
df347c2cfeae69ac152b02ce7e9bff4b90554983,0.21781121,0.77070105,0.001679329,0.008842125,0.0009662428
df7f7188bfe99d170fe88ec509f980f59e12a9d1,0.86485904,0.03275741,0.09939625,0.0027742463,0.00021309288
df88a4c1c1e5439bd0125622689edcb436d94621,0.00078138395,0.9991209,3.4301356e-06,4.0733867e-06,9.020917e-05
dfcb7266c7b2120312a1dfc4721214e08fec2af1,0.006127193,3.3200647e-06,0.9938676,1.944156e-06,7.508922e-08
dfdb44a7d8eb584ea06199cd2f34507b15949952,0.0014966532,0.99840707,5.026368e-06,2.7546335e-05,6.3797444e-05
dfe30cdde4cfd07a58f7c33a7bc7c02aff419032,0.7262899,0.00020880644,0.2729896,0.0005048292,6.925136e-06
e006a3025eb8e44f71aa1ba48e75d944be23377b,0.00845875,0.9658363,0.0008670743,0.0019425664,0.022895237
e12fc793103f1e2e1f3c7068587c5693f28a5b9e,0.8380304,0.002762706,0.15869622,0.00043797813,7.2623894e-05
e1371921331aa897ad9c9160010babc920ab08d1,0.20854756,0.7665692,0.024509331,0.00023141474,0.00014257048
e16949b03e8b501dfd54090b527942dbbaef2bd8,0.021432701,0.9772496,0.0010686356,6.738795e-05,0.00018175392
e188c64871c9123794e44108d8f463a080147ecb,0.9920717,0.0015908183,0.00587034,0.00045488775,1.2169794e-05
e1916779d87d289a7501d1733ac2a9c723d54ce5,0.0022539073,0.997686,1.0305989e-05,2.9821369e-05,1.9865312e-05
e1a18f02c3a32f6313461f114ac9e185a85192f9,0.0006745441,0.9993079,1.1718319e-06,6.322502e-06,1.0083616e-05
e1ea2efbc36d9e9a53382bf485ecf6b0579d4afa,0.81408054,0.0025508695,0.18235685,0.00096442614,4.7363952e-05
e257f539c35e8adec6a7ddac6e144508fc221ad2,0.32469004,0.0022461964,0.6591024,0.013705976,0.00025548544
e2ac0a206ac6f354714408942e7c3f6c2b850b24,0.8528192,0.00014784237,0.1464712,0.00055469153,7.106362e-06
e2e6df05b41fdac7c6c28ec85514191bc58b2752,0.015686799,4.082942e-05,0.98386765,0.00039967548,5.0115573e-06
e2f02773f1aaf733cb4aba40fa2d045cbc2d25ca,0.14258277,0.84119636,0.0024616718,0.00783082,0.005928356
e300ea5c80c5e07a80b6a3cd61cea886d9133e37,0.60403377,0.0014483529,0.3938207,0.0006656996,3.1502193e-05
e321d86da5ce9207dd04aaca4740c43e55febcb7,0.1665132,0.0014892577,0.8308892,0.0009596608,0.00014861299
e3223e9ae357fba1ab47e00abf6354fa84743887,0.20090665,0.009723252,0.77999353,0.008219844,0.0011567493
e3738beefd228afcd86a4e82983be99c3726f90c,0.38436362,0.15340339,0.45200732,0.0053373734,0.004888292
e37486852ad48c993fd7b2be6dcec4e82f790f85,4.207844e-05,0.9999527,3.30049e-08,9.912827e-07,4.2226516e-06
e3aae02d6b14d4bced0547ed664fae2cc387ac19,0.76229745,0.00016478456,0.23707299,0.00046305326,1.7399525e-06
e3fe10749268fa621ca1e067c0150b290f722747,0.0015805044,0.9979888,3.3599792e-06,2.3690163e-05,0.0004036342
e4aa6d284907bb7de6ee937eb4ad0b4e9447058b,0.14869542,0.00033168533,0.85068405,0.00027018544,1.8675893e-05
e4b930664b4ddd4edc29b4c467ab1d5b7a18a3da,0.05215362,0.0017053722,0.9459056,0.00015077028,8.457447e-05
e500162e1d3e1d6bc81d435bac82983a32f9e0a7,0.21964975,0.001136965,0.77569,0.0034816386,4.1657313e-05
e591b3ed99fb226ff688c2d687b12dc08a2619e7,0.6806177,0.0014946721,0.315899,0.0019117151,7.692765e-05
e5aa8c2c7b65a053ccd0572328dbac5b2c423c44,0.063438036,0.00082311203,0.93495023,0.0007465302,4.2116353e-05
e5aa9b439d8d134f5afcfa2f727775a099f018a2,0.8772379,0.0023419806,0.11345067,0.0067503257,0.0002191183
e5f6ad37f86b76e0d0c75fed1366143e83ca34de,0.00077290996,0.999203,1.4927958e-06,5.1698216e-06,1.7523476e-05
e61d77d94952b728dbe1eedd0a106687e6365e69,0.00016840493,0.99982566,1.6824735e-07,5.1420534e-07,5.3060717e-06
e648c02982810cb9e8d6c36f5be6f719ae4aea20,0.103369385,0.0003540033,0.8921036,0.0041514807,2.1510154e-05
e69431b75ecbecf075f1fcc5bf20b0dd0255e80d,0.041658696,0.00043220763,0.9574522,0.00042884416,2.8065218e-05
e6c7dc5975120947d85b67e82f7ce7ba3451d117,0.9883773,0.0002653802,0.011214221,0.00014094236,2.1484727e-06
e6c7e1db8488bd55bf436e8f4cd545ddb5610b2f,0.022029007,5.6118144e-05,0.97782314,7.9449e-05,1.2231586e-05
e6fd4e67adc0b7ca945bb6dab199a076ad7dc110,0.9446427,0.02095156,0.023810884,0.010432725,0.0001621692
e7097af7ff806e11fd6426650d7c3c5d159b39a0,0.9870078,0.0009231797,0.011766243,0.00029334208,9.392704e-06
e72f916f832c1ae41fd57ad9509b2a242fb6bc73,0.73684597,0.025912426,0.19997247,0.036811,0.00045820727
e73af8457a4f14cd9fbca401184bac2de84725e8,1.7704846e-05,0.9999782,9.680552e-09,2.1354958e-07,3.8674602e-06
e75a4ade4e43162bf822d6fa9fe0656ea1ec4e28,0.0032696251,0.9966522,4.4113527e-05,1.8353372e-05,1.5759915e-05
e76ce214e699936abce9910a859e8d6cd9a5bc43,7.7145625e-05,0.99991083,6.798387e-08,1.2481611e-06,1.0719474e-05
e78aa3a954b093085f487fd4eaf89fcf1df84f0b,0.6720034,0.04202609,0.03980894,0.24529237,0.0008692476
e7b2c425a23fe0de6d6f46bbba77ec4b9f982d2e,0.014601188,0.9834471,5.534924e-05,0.0015971364,0.00029921514
e7beaaa052746a44db673865d1d17ba1ff872191,0.009895194,0.9898149,7.584644e-05,7.856033e-05,0.00013547523
e8020af78e466c61d20ed26e4ab654dac3eaf8f4,0.0026067502,0.99725217,4.6530255e-05,1.73193e-05,7.7166245e-05
e80688b8b17b2261f7d51d27d865fca6bec84f8a,0.07832889,0.001371623,0.91589427,0.004110937,0.00029432584
e8583580fa40064ae071da9a0bc97fdc508fda8b,0.35815454,0.016866013,0.61642295,0.008116145,0.00044034037
e880cde7d5226b2adc9e4c4ff0eb6dfa6e00e78f,0.054133914,0.00018775795,0.9446702,0.000916985,9.114917e-05
e8eb073082f6465208ea2e254f0e30045558687b,0.61250573,0.0015034954,0.38404566,0.0018858059,5.9330654e-05
e9d4c66bbce9778e148aee25d1b53129aedecf40,0.883204,0.005246597,0.109792836,0.0016332753,0.00012326769
ea27a85d79cc6ff80972bfc23bdecdef40ba8cb7,0.0007195442,0.9991917,3.051042e-06,2.1219834e-05,6.447416e-05
ea706674fbaae9551b82344b31b55ce556517e8e,0.9391376,0.013278855,0.010576494,0.03688856,0.00011841574
ea7aa889f54e92ed4b00f4fc9db56ec8141d6739,0.0001714088,0.9998055,5.988112e-07,5.989006e-06,1.650391e-05
eaad3bc3df9ac172818db9f14cfcf0e9e6662c00,0.23165952,0.75588244,0.0019751024,0.008043924,0.002438926
ead39aa4bceb42944d932dad4a6a79891f35c332,0.98447824,0.0071235113,0.007846602,0.0005360578,1.556741e-05
eb34206bd75b4b14c0a683375fccbbe2c8a70d3d,0.00011012558,0.9998803,1.02452184e-07,3.6894446e-07,9.035245e-06
eb852fac37dc757ca931882db56983b5d54bba7e,0.97854406,0.0011960621,0.019916221,0.00033343435,1.0147817e-05
ebc0e56934c13deb79e35123979264c53f8c7cda,0.9480792,0.002884975,0.047357917,0.0016310168,4.6813788e-05
ebcd63f41ae689fcbd70ab70a603f10b42a33904,0.0002951482,0.9996526,7.7480075e-07,6.26322e-06,4.5119014e-05
ec03498954ca9c39330e1915490eb04253cdb7da,0.06478407,0.001245937,0.9317601,0.0020582187,0.00015174088
ec476f53f999ad8c6632c829df4afc927e7efc53,0.0066895876,0.9918538,5.7481986e-05,0.0002790943,0.0011201279
ec5209f2abdc6f20f336d9b4130ce9b81edbfc49,0.00015453833,0.99983394,1.1791627e-07,3.5139853e-06,7.949881e-06
ec97d5e982ff9317f872c8be79281574e4ca37fe,0.009376116,2.8750703e-06,0.9906109,9.726237e-06,3.163348e-07
ec9d2cb08c81b7a4ffaeea94fea338e223c660a1,0.82095045,0.0066009965,0.17124236,0.0011437256,6.241733e-05
ed5996a2b94dd61d228197de899d405f6ce122da,0.3357585,0.00023566911,0.66383445,0.0001684251,3.0016058e-06
ed5a10b4df0e2625156ae899979d7921228a2843,0.12759094,0.00026841174,0.8719259,0.00020024738,1.4449317e-05
ed687138aa65a945c4c16dbc02025eb2cb7a8e2d,0.028809384,5.6380777e-05,0.9709542,0.00017778337,2.2555148e-06
ed6e6e201b01f90f3a197fae08f3d7ad7399e103,0.19863167,0.00010401343,0.80109817,0.00016427654,1.9578831e-06
ed8f028ad0bd33a4633c0af204c9cd518a0f61c4,0.036212277,3.2509368e-05,0.96357286,0.00017956061,2.8185311e-06
ed8fbbfb7beb57d8d8db7710cc484db60c9b2450,0.72384155,0.010125341,0.24990879,0.015545204,0.00057909614
ed95bfe5d2e2552bb71581187b600752afc10cf0,0.0016750132,0.9982041,3.3738575e-06,7.604241e-05,4.142437e-05
edc7d7a099d7237c7858c199d36bae3b0a5aef3e,0.0009963348,0.99872977,4.103728e-06,0.00011737939,0.00015234589
eddaf8862dbd3127a856e2308b5cff614f1b4700,0.00728879,1.1439377e-05,0.9926717,2.7174958e-05,9.3534044e-07
edf68af41a6b9d43d8bef6bc884b65262805b0bb,0.026877716,0.00014117912,0.97278655,0.00018449227,1.0127594e-05
ee1bc8402d7fb4a05e02abd348cefd4ee24052bd,0.94253725,0.0013337955,0.05398532,0.002135566,8.087462e-06
ee3bb82f6852c5817e957792157f482086711345,0.9851457,0.00046332812,0.014138379,0.0002514156,1.1642852e-06
ee855eef79ea68e30d6bad50e48dd886d096fa57,0.0011519284,0.99881953,4.2842885e-06,9.3577455e-06,1.4837265e-05
eeaf22cf43c18ed2e4775acfc776d788cd80909b,0.00080957817,0.9991672,1.458163e-06,1.0082196e-05,1.1649956e-05
eeb3f46451687820864a52e947b0254ffa119b1d,0.049079817,0.00014574625,0.9489555,0.0017565817,6.2440304e-05
eefa998949eb0f81c8a09fdabe4f01edc11944ae,0.33517265,0.001581226,0.6568774,0.0061930944,0.00017568457
ef3d6339deca5a9f8ab0f7603061bf84b08032f5,0.3246771,0.0050271964,0.6674966,0.002459649,0.00033944272
ef401d8f6bc700e007740b081b0042a2a231a943,0.05022518,0.94629234,0.002131548,0.0009385077,0.00041241315
ef7246bfe17afd6bf195f046c49f0cf923e0ac9a,1.6799107e-05,0.9999558,1.925165e-08,7.511904e-07,2.6675036e-05
eff4265676b9057d3bf0389ddcee6666642ba8bf,0.0011138095,0.99885964,3.159163e-06,1.3483664e-05,9.961667e-06
f0140c66a9e641ac587e754b76288b66473314c8,0.044530794,0.0003209608,0.95490384,0.00021887627,2.5585408e-05
f0638ce4eb4a8439a27cfd0c58449e40a4997873,0.004515122,0.9951963,4.847304e-05,8.641255e-05,0.00015374643
f0891b93ceb5fd96ad45dfaf844732d2eb85237c,0.007155245,7.459881e-05,0.9927342,3.2336186e-05,3.5578478e-06
f0a3241b265d196ef31a1e3ac9e634bff9598fd6,0.00057903334,0.9994019,4.2203255e-06,3.0636281e-06,1.1698301e-05
f0b2d119f56cb62554b0d4c1cc8cd3428331a749,0.029187134,7.641437e-05,0.97032803,0.0003964917,1.1996419e-05
f0c847341dba78b37d97647546e9f76ea7b7223e,0.089793794,0.00049044355,0.90954596,0.00010710673,6.271932e-05
f0efc079737afc79cc7a64983a7c4d0c9b8183fd,0.0033895024,0.9965276,2.9903325e-05,2.5980458e-05,2.7015403e-05
f102d2906ae65a7f7b26e7b9ada0ee3563a9fe0c,0.16519289,0.00055478467,0.82995516,0.004208861,8.829553e-05
f134dd31dc6dfc74578a8ec7528166271df04e3b,0.3566621,0.00046405953,0.6420585,0.00079093507,2.4402858e-05
f15b41713d6addb3efe05f199414ea90d4556d16,0.002559804,0.99653685,5.9577783e-06,0.00041808057,0.0004793318
f162424b52b6ac892463728376bc106bc114837b,0.0031709536,0.9967706,1.6778333e-05,1.435127e-05,2.7340517e-05
f170d81723bcd79533a7cd7dab303f6969610815,0.012359085,1.249917e-05,0.9875733,5.2213956e-05,2.8218174e-06
f170dfc1da299cecdf2576577d6f01f777b5b609,0.7763265,0.074447244,0.14551172,0.003135706,0.0005789155
f19c681417273371191c2bc2b11106c3e4f9e83d,0.00034505493,0.99962866,7.026969e-07,3.9346687e-06,2.1605581e-05
f217464dc5d9b52290742385e671ad257a9da152,0.93967223,0.025114888,0.024294687,0.010791236,0.00012686584
f258bcdd72e3ca83fc9b6dd5d3cdd1214cdff164,0.8009063,0.077010915,0.076337025,0.042322304,0.0034235085
f2a1424b0af3bbe1ef0cbaa8aa2edac6c332f783,0.96515846,0.013888781,0.020356609,0.0005113625,8.479222e-05
f2c0420b2c4187b04721620e49d833d07e18c638,0.0004554502,0.99950147,1.6658316e-06,1.0547388e-06,4.0359406e-05
f2d8f23c36282f00b4bc1ecbb96534420cc0165e,0.33610702,0.08020359,0.57791215,0.0034701142,0.002307084
f2eac9ebe106d83690d3e9bb49f5a52873948624,0.89324135,0.039981287,0.029136894,0.036724735,0.00091580144
f34418e595f4e6e13c36aa5383e3302cb20308f5,0.9938093,0.0034841532,0.0011865817,0.0015058505,1.4086798e-05
f345dd03b7a1b1626696b726d924ecea157e1740,0.0001267028,0.99984443,1.7840348e-07,8.868827e-06,1.981132e-05
f37987ce590d1a8cbb9073a6d99bd4819d1b54af,0.89638776,0.0761384,0.015438273,0.011361256,0.0006743475
f37f3e61afb7593223b6daf35914a45555a613c1,0.15521626,0.00034555537,0.8440223,0.00040795974,7.969499e-06
f415febfbe939d60168894805874ecbe2ab4c556,0.8216452,0.070975445,0.09658655,0.010242473,0.0005503036
f416d7d29a6f7d9920133443d958c40689224bed,0.015217938,1.0212267e-05,0.98475885,1.2366557e-05,6.9767344e-07
f416ea86f0a10199ef8874552936e08645507057,0.40826604,0.1878786,0.19096251,0.19737636,0.01551643
f480517dd1d148d87687a50a8c9e558cb31b144e,0.9796907,8.180735e-05,0.020140149,8.6068925e-05,1.4522545e-06
f521c5d3a221d782cafd51c2f60e84563862de3e,0.69349134,0.0029127058,0.30178282,0.0017156391,9.7548866e-05
f6299c79fea98f2352989ecb51b16455009b7473,0.0016439448,0.9982804,1.2934307e-05,4.1915868e-05,2.0831072e-05
f63e3d1d5e4b965b3b004b47f8a4ae3d1e27dcea,0.00080127636,0.99911374,5.0693757e-06,1.1670365e-06,7.8758145e-05
f647f4bedb047ba56eb1fee1ff2ced5c9ff54464,0.1120591,0.004526921,0.8779768,0.0053601246,7.6982535e-05
f701545d7209c336fa3de1c09677dbd702e6e354,0.0009628654,0.9989837,5.9259296e-06,1.0359783e-05,3.7161564e-05
f7256f787a44fa6b2f1c763b54248f77456e507c,0.031142097,9.255537e-06,0.96880215,4.618448e-05,3.2932323e-07
f78a1e78c1f5e1e6defb5cdba1b6e3c4ab04368e,0.9199056,0.003986305,0.07325874,0.002750468,9.882538e-05
f7ceb05475f9dbc5fb03757f267015753f73672e,0.48431566,8.528178e-05,0.5155513,4.6730565e-05,1.0283877e-06
f804bf88bb8c36c9c43cda946d8eae32bfb16b55,0.77173716,0.12567542,0.008196623,0.092817254,0.0015735459
f8683bb62ef0932f883eafe899477d3579bc6410,0.253677,0.001000906,0.74269134,0.002601228,2.9524586e-05
f88dd29020381d3e5a08bd5d74a5bceaffe75c3a,0.102241255,0.0007170385,0.89626276,0.00063154957,0.00014739238
f8a787deefcb60af0876c9d7cd565f8a971a6946,0.93471956,0.010434624,0.047547583,0.0071088485,0.00018944441
f8c25f6f9f005b6dac3eae76bad8c77a5c4f5a14,0.43102294,0.000693864,0.566569,0.0016775478,3.670169e-05
f947396a25fd49d8dc23960e17ce749db4f65841,0.8749254,0.0007378709,0.12336584,0.0009586132,1.2161803e-05
f948a1fa1ff3a6bfb7b654ee672d7ce1cfa5ecb6,0.0007286004,0.99924797,1.3277798e-06,1.232986e-05,9.715695e-06
f96fefc70c2a918d4043028e4b3c8f675ec2df36,0.23752378,0.00078610115,0.76076937,0.00088729657,3.3410906e-05
f97c4493db2a81b0887ff0c0e4025eb896113453,0.71397823,0.0040116874,0.2779644,0.0039494913,9.620664e-05
f99ecb8f8a7402f194f1be29acf0e099a265f250,0.00095068273,0.9989458,6.5848285e-06,1.9890396e-05,7.714646e-05
f9a70cb56054490c7c5833769b94f5e1fc8b9614,0.0044395206,0.9953994,2.0210693e-05,1.7354781e-05,0.00012356394
f9e5c8ba26def6b138155b99caf13629472ad9a1,0.30726686,0.00026218902,0.6924366,3.131401e-05,3.0051146e-06
f9f6428b55eaf0222f5de2895f304c56a6ea6779,1.8005594e-05,0.9999765,8.8142285e-09,1.1818129e-06,4.222752e-06
fa0d2384c45d1928905ff94dbfaf40debf0d4253,0.0028531312,0.9971112,1.850584e-05,1.1671487e-05,5.534798e-06
fa50fa69d3ae1e883988b98d3b6384362440bf20,0.346023,0.0007994692,0.6515263,0.0015899343,6.14081e-05
faa4b306d93fd9e4b1a6303ba9c7752b30afb12b,0.014001693,0.9818341,0.00035892558,0.00046904248,0.0033362655
faa9fcc129f5cc6f215ac5f02cb26eeaf5ae27bb,0.042440597,0.0018610712,0.95468986,0.00082745985,0.00018106017
fad1b1200b49dbbfe413c52b0fa05f68e24ad73c,0.39808232,0.0074131866,0.5917849,0.002437458,0.00028215625
fae51efe623604c00002e037903e85e696f42748,0.64720035,0.0023205325,0.3491384,0.0013017006,3.8925955e-05
fb8af0fb2929fd10c1618b398351b3f3f20a2e0b,0.80232745,0.0013351976,0.19489829,0.0013992751,3.977198e-05
fbee24aaeb8eb97751d8295e2ebdf1487796e59c,0.000102611455,0.9998872,1.0125928e-07,1.464925e-06,8.646846e-06
fc280ce20d6b5d89f549c0487e855bced7e2b6e8,0.0003908932,0.99960357,2.1514386e-07,1.3282522e-06,4.04364e-06
fc31d3ffa3a4852631c65578752d35c6c0d078ca,0.08531672,0.004757164,0.90921485,0.0005479994,0.0001632588
fc4307ec4ff10f8eee99f8243c2acaa35bbcdfea,0.905975,0.0008863213,0.09309506,3.8942242e-05,4.7799176e-06
fc535d928b58ec844cab4f6a6f9eb7b80e5c70a7,0.99075985,0.00011308079,0.009111226,1.5066555e-05,8.206334e-07
fc7c9c0b93845f43503478592f92767e7434cc7d,0.003941446,0.995723,7.555768e-05,0.00010551791,0.00015442986
fc8cea28fb0ed80f8780c06712f4fba1c53c2bdf,0.32960317,0.0011254713,0.6684226,0.00065010187,0.00019865746
fcd6260c1c048340bd64fb57bb8db78e15a4c831,8.747983e-05,0.99989176,1.2552847e-07,1.7464582e-06,1.8849682e-05
fcd99bf3242a74a46bea2a8716360468d09f7aab,1.8971366e-05,0.9999788,4.5549444e-09,1.4506048e-07,2.1441751e-06
fcdd932bc76a2bf31fd4cfeeaa522e9d64aa055a,0.00032029822,0.99964046,5.002429e-07,7.293809e-06,3.1436306e-05
fd18f4bf1d2de2ee3dcffe3f662e5b86f5870fee,0.008033695,7.719852e-05,0.9918407,4.3814907e-05,4.672493e-06
fdae06bb3e1e2a55fa58224cddc2994635cc77dd,0.98517585,0.004697907,0.009734075,0.00037303386,1.9087105e-05
fdbc31eee97116d2a8c8345d96f9f96f396a44fd,0.16008982,0.0024308355,0.837174,0.00028582086,1.9602907e-05
fe0883f1212cc257918826af706eb607aea73de3,5.5921355e-05,0.9999397,3.596623e-08,2.3270417e-07,4.092681e-06
fe5316ca33eda434a08bcd5d34a5a7683f36a6d7,0.0002492264,0.9997261,1.8086495e-06,3.919711e-06,1.8957313e-05
fe57ec17625aac3c9d4ec1069685945a9680bb18,0.00021648714,0.99976474,3.533863e-07,6.8527515e-06,1.1656924e-05
fe6040d0d0a8da5c4d394655fe9a6e02d40ba25b,0.64843684,0.002027871,0.3484417,0.0010176881,7.5912816e-05
fe665cee17a0a93d27d4b80cab32f5886694d33e,0.0065400153,0.99315697,0.00022367778,5.0104594e-05,2.9225754e-05
feb4b0ae88524c9cee3e50f2301d84a235f3c607,0.8261931,0.011762016,0.1566075,0.005098457,0.00033891713
fecf3f14f47237e02721ed4baa4eb6c11abd239f,5.192149e-05,0.9999448,4.7834252e-08,2.5858952e-07,2.9306407e-06
feed09e13586d12139cd59bc20996a4d29706606,0.0004745555,0.999456,8.0236646e-07,3.3918168e-05,3.465476e-05
ffc0bca6fde8fa0cce1ac3a7b0d746603d441bf8,0.0005293228,0.999423,2.5005131e-06,1.7424933e-05,2.7736409e-05
fffdd6f356ed5b8dba21717f60c53f6520e650ab,0.66956395,0.008494673,0.31412494,0.007555318,0.00026106584
