swahili_id,kitaifa,michezo,biashara,kimataifa,burudani
001dd47ac202d9db6624a5ff734a5e7dddafeaf2,0.9924239,0.0029832744,0.0022158988,0.0018138704,0.0005630093
0043d97f7690e9bc02f0ed8bb2b260d1d44bad92,0.028724052,0.96807826,0.0006308895,0.0015447827,0.0010220367
00579c2307b5c11003d21c40c3ecff5e922c3fd8,0.048100073,0.001537141,0.948355,0.0012880976,0.00071974035
00868eeee349e286303706ef0ffd851f39708d37,0.97549284,0.010412061,0.00084879954,0.011931658,0.0013146466
00a5cb12d3058dcf2e42f277eee599992db32412,0.8922524,0.002255294,0.103184894,0.0015837012,0.0007236565
00a93e174866089d7f4b59b72645573f963da555,0.003707018,0.9933153,0.00074945803,0.0009889997,0.0012392728
00caee8b79f36cc0a5ae4fe86b8abbedeef6c705,0.9310519,0.007341488,0.0297465,0.015988374,0.015871702
00e72e69de296484ccacd96e38240844ac61be23,0.021940894,0.9748635,0.00055412843,0.0012524115,0.0013890035
018effc3b6ce812c825fb01d244f4b849658ef3c,0.03542462,0.96120554,0.00082340115,0.0014953616,0.0010510912
01996c3787dbce345ac122a8912dc9ab57334e2e,0.005962974,0.9875722,0.0006213603,0.0016116861,0.0042317384
01a58fd93c05d8febbd10824b162ba00f51a9fcd,0.9677757,0.002668311,0.027467092,0.0014394458,0.00064944295
027063d6cb270ff8b60a4ced0c7d3835628286d5,0.97521317,0.016330857,0.0013401912,0.0062639094,0.00085187744
02824fb4c78d076c52d71f21f50c7e33fac4a530,0.61636597,0.0036329748,0.376777,0.002063951,0.0011600353
02c1bb0911f056f18e04a9e831b405cfa721b62e,0.9932138,0.0028226175,0.0016272368,0.0018931661,0.0004431275
032bcb8f892f50c0f4698d550e140474cc0a2e25,0.035096742,0.9616545,0.0009500252,0.0013319232,0.00096687255
034185c116681f9afdefd8445f0a9896b9673f9d,0.002536474,0.0021833766,0.9932573,0.0008778669,0.0011449544
0355be98526df7da1e8da43c81f012551fd53a74,0.98541695,0.0015987735,0.010753621,0.0017439467,0.00048664692
03817b4b8fa61ee0176ac9c5cbf66fec86f2ed3a,0.0038483387,0.0009453813,0.994103,0.00046299724,0.00064030197
0388b907e596357c5bbee251003dcdf97d679c89,0.98128223,0.0015982963,0.01507562,0.0015704468,0.00047337916
0480c08ce9059abe99336f4b39a41f4562150848,0.0011545542,0.0015176329,0.9957338,0.00061798835,0.0009760374
04d7e75611796f3ce8ec460f1eb6bffa9da15676,0.02778812,0.9690986,0.00080777047,0.0013291897,0.0009762621
050e737c0998f7ba049bc0f02d5a4b64e7f0625e,0.02089973,0.9760231,0.00060457323,0.0014320002,0.0010405363
0516a757aad1d09f893091602ad05505b5e88401,0.0010571585,0.0010226339,0.9964684,0.00047976716,0.0009719998
05d499508761de20c4ae1f9fee1e204bd435edd9,0.85828114,0.0021026805,0.1363313,0.0025737432,0.0007112215
05ea491371ea5305802da17a93f27ecf8e59bb49,0.03766133,0.9590455,0.00093824056,0.001390698,0.0009642494
05ee92945a93072bd98b56eaa9917e73584c0d2f,0.9899532,0.003482517,0.0030449303,0.002882882,0.0006363849
060017feb4ec0ef7415dad6cc02e33842dfcfbb2,0.44489715,0.0034234729,0.5472328,0.0030687815,0.0013778156
0689b40d0a24ac5152e62aad9d112138e7aabe11,0.012078947,0.0014649848,0.98494625,0.00078952865,0.0007202794
06bc918b17a76ca6f18a3341f7da78d1fd02a326,0.027138073,0.96981907,0.0007520144,0.0012867369,0.0010040709
07556b566255f261f362d7b6dd317cf7c8722507,0.0016396698,0.00073223235,0.996414,0.0004436878,0.0007703763
075bbea3663e0db97fcd4a2687ef2d47236dac28,0.99013126,0.003529368,0.0018363841,0.004034603,0.00046840945
07ad07b3e6307bc93b4abf80011e4630058b665e,0.91524905,0.0027205574,0.079584025,0.0017394539,0.000706933
07e372ce107507e12c04bcc938f1014a190c4912,0.0014357904,0.0009306443,0.99596065,0.00066770456,0.001005284
07e92959da333f858fffbcb3d9598ccfe7d2da34,0.0014875388,0.00089434284,0.9962108,0.00055639574,0.0008508914
07ea328f3b14346960dc9ee5be834753bb1261e7,0.98940873,0.0037286747,0.0029785705,0.0033587222,0.0005252357
07ec88b88bba066163e7aa27228b6263ee506390,0.9915058,0.002586988,0.0018353452,0.0035016306,0.0005702316
081412e435970d66e6a60e9406148323605d7171,0.002054832,0.0008277985,0.99604046,0.00041828063,0.0006586907
08275ea9ddafd22b968c99f94db32c366a9b94d8,0.031218395,0.965502,0.000744293,0.0014918128,0.0010434892
0890a8acfb73d35080feb74458c9792b1d57fe6f,0.85798424,0.0028478887,0.13655059,0.0017290195,0.00088828633
08df63a437025893af3ef60b87a702ad20dac5a3,0.018782647,0.9780592,0.000623846,0.0015821938,0.000952181
0943b6968f97bdcdb50614734e04244199588da6,0.04836689,0.94804454,0.0009550523,0.0015321425,0.0011014076
09b4ed7da8e5f8780ea8d3123478d6b42be31dfc,0.89781696,0.0029771957,0.09668426,0.0018199233,0.00070164294
09e50d9ada0f258798d3a9ae312d4783589e5fc9,0.0054469607,0.0014221392,0.99131984,0.0007946377,0.0010163571
0a0c86c5a3e9253c647297a0fdf9355262620f8b,0.5498544,0.0039981245,0.4426842,0.0021652682,0.001298001
0a223acab39e9b37cc0ec89b241874869c79cef9,0.98838055,0.003703039,0.0048108436,0.0024812517,0.00062430283
0a25a12bcfb1bcee66a0fd936b305251082736ef,0.026574647,0.97030824,0.0007946861,0.0013334507,0.0009890029
0a6152dbcfdcc0e8f2980179f6319d511d86e258,0.97484833,0.0019078059,0.021244755,0.0015062538,0.0004928443
0a8af0671430846c40524d56d374035793d03247,0.006105848,0.98859346,0.0034557283,0.0007075802,0.0011373546
0b01e6d23ead0ce43ee3cb719a84694cb634c84b,0.036650643,0.9601178,0.00090507197,0.001336304,0.0009901517
0b39b6b564a36e71f36a9b2da87e1d8b0edc1926,0.9428394,0.0026586067,0.05231559,0.0014942588,0.0006921858
0b47e2144dc890d150c60a32986e2b130fa1e6ce,0.0013165951,0.0010957676,0.9962071,0.00046761628,0.0009128699
0b556c8ed912121e0574b62a5e41d68e771ed380,0.98011416,0.0027529392,0.014477289,0.0021735048,0.00048214113
0ba0156e5105e73cdc1c9c6e0b247be99c8b8be7,0.98857516,0.0015469786,0.008018004,0.0014265359,0.00043337274
0c272f5d8f6746d7b77b3d8dfff502c55b7b6612,0.9896752,0.0034815392,0.002104455,0.004015061,0.00072373764
0c970a83167a984294a4f45f714cc117adca3b91,0.986407,0.0063296244,0.003779591,0.00269325,0.00079069956
0cdc764a2cf4f38e3b734dda222498daaae7762b,0.86173415,0.0026145584,0.1331877,0.0017197002,0.00074398034
0cfbd5179035e5e22964b1fa9c764337cc816bc4,0.0011931657,0.0010235629,0.99640024,0.0004911109,0.0008918961
0d15d685fd32390bac5ba568a7ad5cac59313f78,0.037127934,0.95941406,0.0008817341,0.0015474915,0.0010288401
0d1637e139b088cf1d9a114ca48a5676abca4161,0.0015246071,0.0008518929,0.99640983,0.0004713797,0.0007423089
0d2e3cdfa1c479f93d7d19008616c7331df1d4d1,0.05099633,0.0018003907,0.9454637,0.0010020683,0.00073743716
0d33de20de638919329d55c90d8eeb6e6c05d8bf,0.0011542726,0.0010759004,0.9964636,0.00047976483,0.00082653423
0d8e8bb5db320bc6c7c048d0bed7b17a4e52fd4c,0.9555218,0.0018518105,0.04017771,0.0019520854,0.00049646496
0da943ec51a642a6c551c33e260fac9702db1261,0.03131341,0.9656074,0.0008095903,0.0013064174,0.00096329185
0dad250b74ae3fac96a6ea95da3908cff18481e3,0.9910239,0.0033773726,0.0016492178,0.0033905914,0.00055893057
0dbb48e484af46a1567888ee8cad187011cffe91,0.98065454,0.010863876,0.0012610822,0.006081263,0.0011392928
0dbff8419b10d05274f9ae806c3a80f4182e9533,0.96764416,0.0020656611,0.014274568,0.015305266,0.0007103962
0dc7aa83d132722c26c404bcc4c3beff84a4f6a9,0.9692984,0.008944382,0.0010353874,0.01973768,0.0009841218
0e43e7f0e72fd33f0fbf9cccf323f5075970ebb1,0.0014862284,0.0009813781,0.9963057,0.00044191003,0.0007847185
0e9ac91411adcd07930eec2cb5aca10edbcb5baf,0.99108183,0.0041403063,0.0017000083,0.002544549,0.0005333664
0ebce7758de01efa31f6cb32923137d89af0eea0,0.06257106,0.9330431,0.0008524886,0.001943758,0.0015895509
0ecd111de63881bf6a1a5737ab588f514c96c70c,0.9878588,0.0047662286,0.0012409191,0.0055478523,0.0005861686
0eec26a488ff8052197a3b5390b418ac1c12ba6f,0.0133498,0.001965827,0.001694649,0.97549427,0.0074954187
0f3cbf200b1576ec06958663630b1fe0296dc147,0.38133624,0.024052856,0.0013997024,0.5894727,0.003738489
0f549457628a1f540d3d5940ac5d21ba5f258533,0.008431453,0.0017251247,0.98820007,0.0006990584,0.00094436767
0f5bf82dcbb81f6291a8dc85ed6e306e15a1cbea,0.086981945,0.0026036426,0.9081446,0.0014252858,0.00084445387
0f5c284178765d0a6d07ce07bf4fe33f92e06202,0.96544045,0.0023767843,0.030079218,0.0014960944,0.0006074355
105b495562a154cbbcadcffad1064e8118242c74,0.022954436,0.97414297,0.0007793451,0.0011814167,0.0009419075
107dd7197b90fdfbe1a98b86dadfa8bfac9bfedf,0.0008804493,0.001046581,0.9961791,0.00071370625,0.001180155
10b03eaffdc3304770628c87bda11e0267eed7eb,0.035863597,0.9608407,0.00085755,0.0014889663,0.0009492213
11066cccc8556d9216650f0e9b8a11bea7bda395,0.96844316,0.0025653527,0.025346063,0.0027308038,0.00091470475
1146d6b4b5f38d1e47599fc43dc2416ab09a9c6b,0.9927031,0.0031890052,0.0017654408,0.001866499,0.00047609088
115f11eb5f7d4ec8c9ed994f7a613024d7495529,0.001097379,0.0012980893,0.9957254,0.0007796796,0.0010995244
1166f416e9abde5e66f0073ad84fab41e55d2f5f,0.0016520383,0.0011354281,0.99563134,0.0005850394,0.0009961578
117475559a39a6e0c91bc8146d3af16441445958,0.37977022,0.010492904,0.0023619519,0.6033256,0.0040493277
11cfaf6f1cb4d9e912f67fc7bba2dd20617a54e5,0.04040081,0.0133814495,0.0013603426,0.93902856,0.0058288206
11ebf20c51938edb9f0bb485fdcb764dec79b720,0.5895007,0.0041464176,0.40122017,0.0036771116,0.0014555295
11f2336ac02a445727c4c70267c96c26165e5160,0.025878325,0.971077,0.0008532493,0.0012597897,0.00093163614
12bfbc98cc72f5b4325559a389d68642841bb352,0.9439951,0.0032518452,0.05037308,0.0017766516,0.00060329575
12d9b3e67591a19adb213cc10fce955b95975b59,0.033478163,0.96320695,0.00091510534,0.0013340735,0.0010656954
12e3516097ebeb561a648ed3b80c84831b2373d5,0.0012024505,0.0010076326,0.99633956,0.00052479893,0.00092555914
1317a6c2be8b08e66c44be5fb0fa0abd95dc1122,0.9755764,0.0030007097,0.018652817,0.0022984783,0.0004715467
13299c54cb74ce4c8714de5e4a9bccbb9a556f96,0.010353238,0.9865205,0.0013204508,0.00085839507,0.00094737706
13451413c35a1bcc624706c98bcb353fd910f62a,0.042812485,0.9536964,0.0010147501,0.0014436597,0.0010327452
141df8d7c9720327fef3166a4946149d4597520a,0.0010197388,0.0010697214,0.9965629,0.0005137594,0.0008339138
144800063ce42c96dfa9cdddd36d622159cef6fa,0.9844988,0.0052168737,0.006438834,0.0031518578,0.0006937249
145d0710b6bb3db5a6f1bb4781468967ab8f363b,0.9821983,0.002341357,0.013313359,0.0015385015,0.00060839835
1490e2b0c8e2ce49cc21aedb335c55c4b8df719a,0.001758182,0.0010130958,0.995889,0.00052970945,0.00081008027
14fcb47517af5bcf9fefb157fcef1ba616a7c081,0.98955953,0.0038986832,0.0030437193,0.0029645138,0.0005335883
1531d5b6c12ec1d135669ae9484671aea15423d6,0.0009861414,0.001072539,0.9962649,0.0006028161,0.001073587
15881754e95674ca3089e2c229cf14ca385993e1,0.028023314,0.96874905,0.00075118465,0.0013856937,0.0010908346
158cc5c81fe5b29eacb35b95b6e0e56d09d8e758,0.003765978,0.99322647,0.0006910459,0.0010455189,0.0012710278
159224fc313fc2d9b3ef32df8c20c53fb98725a2,0.9792788,0.0014537132,0.017073028,0.0017950961,0.00039936835
15b073c6c1159056affcb7b1d5fd094d2fa178d5,0.036140576,0.9607263,0.0008692514,0.0012573644,0.0010063818
15e01f45d706c15014d706a000efc2548eb33980,0.43687454,0.0047269436,0.5544226,0.0026335106,0.0013424412
15e5a9271c80e1c7161e468adfb58a694c737ae8,0.0009907249,0.001245077,0.99602026,0.0005277138,0.0012162346
1641eb85255f102592a85d3cba2cb9cacb8b4051,0.03437916,0.9624497,0.0008879859,0.0013739971,0.0009090439
167e0483268b98bf5fe1a5aad41cd95eac382f0f,0.9843018,0.006616001,0.0050111185,0.003102372,0.00096860784
16a0e237108278566224aab63145df19b683c705,0.0017621958,0.00085255847,0.9962149,0.0004958382,0.0006744292
16a56f26b6f696151809e0cb26b75093ec47a58d,0.032732185,0.9640772,0.00071054767,0.0014722566,0.0010079213
16b770f6de7ce9481b84051fc4e124b792695910,0.6988703,0.0026518207,0.2953429,0.0022637965,0.0008710684
17aafba88458bfd29ddf9b7cbd159c191f7a1118,0.9899176,0.001561229,0.0041944175,0.0038773087,0.00044948902
17dd7effc40752af58e35c37c5895d4ba5d84269,0.0038323714,0.99324644,0.0007823089,0.00097359926,0.0011652457
18595209cee4049feb8c24a6fd25aafd9d0d755c,0.004062466,0.9767318,0.0035991454,0.0017523712,0.013854317
18a3d479d214f7c41b65ecd6abfbea8e124d5ea6,0.0031799013,0.9935009,0.0006436746,0.0011804355,0.0014951276
18bbb303cb556aa3dd69b6705893649b194b875f,0.0012481053,0.0010048415,0.9964947,0.0004168399,0.00083548704
18fdf5f0583fe8b0cd324b2324e235a7cadc9143,0.0068208314,0.98993826,0.0006192102,0.0015673721,0.0010543411
197baa2e7a1a9b5e091c5dda305922b912b5f000,0.0010632119,0.0011023312,0.9963194,0.0006171453,0.00089794106
19f510e2874c0b863f7b753a1fd624e1cf7f65a7,0.99065673,0.0037443317,0.0019311849,0.0030233816,0.00064434396
1a17c80adddd2c806c7c006c1c6664551f639945,0.98991793,0.0032427788,0.0011223172,0.005092896,0.0006240539
1a2945de7db7d664a6a47aa9d4ca66f32f70b007,0.9883763,0.0015572766,0.00809012,0.0013769787,0.00059921213
1a434697e5ed37622d6e242b2661e1b5f15fa4bf,0.9701685,0.002085256,0.025218235,0.0020489213,0.00047911648
1a4ea72aade16ffb2a8a5482d687c49f28e5748e,0.97786385,0.011292893,0.0053776177,0.004944427,0.00052113883
1a8feb5bc2c7f920cc90e2d48e1aa165756d8e40,0.9909019,0.0033051786,0.0021465244,0.0030582836,0.0005879744
1ae7db637de02c1433a216bff407f1e00b7746ed,0.0014749287,0.00091134326,0.9964856,0.000417651,0.0007104483
1af7c0ced692824637718b5bc494b3f369c27ae9,0.0008167722,0.0016275211,0.9953294,0.0006958986,0.0015304084
1b1dc07761bcf39e979dfb1718967a78d0aee790,0.89014435,0.004130245,0.10284063,0.0019395914,0.0009452814
1b50390e6648cebfec8fe3a6aef61a0b066febf9,0.9896801,0.0016502014,0.0065083746,0.0017463679,0.00041479868
1b5736b3ac4f1db6c28a7818835cdf7a9574658a,0.0011023271,0.0041338154,0.9866334,0.0017342041,0.00639633
1b5e71255db35337b4ed41409ad2a02e2631eb7f,0.901418,0.0019526813,0.09353578,0.0025072924,0.0005863012
1b9efa38da384b10eaa53d56a07a9094febd5c6c,0.9890314,0.0038871006,0.0023007828,0.00396764,0.00081319077
1bc2142fc267f7d22be3b03f1d8b96791148b0cb,0.020345826,0.9764949,0.0005771667,0.0015750421,0.0010070411
1bc5f88ecb46e60f0f63bef176307d245171062e,0.019964965,0.97711474,0.0008033928,0.0010853144,0.0010315768
1c3ece194677524c78a9f91716667bce5fb9b7eb,0.0015402612,0.001175207,0.99588495,0.0005863325,0.0008132475
1c626c21d45834c3cee43ec7ec17c73629afce5f,0.99140537,0.0036000921,0.0017528322,0.0026031982,0.00063856447
1c73a9479849e76c9269bf9f1542e264493cd91b,0.023135422,0.0011608788,0.974183,0.0008745675,0.00064612634
1c7e51812e18ca91b75484915554483ce2a55119,0.0016322515,0.0008312337,0.9962746,0.00043081742,0.0008312337
1c9268524736398ee3e60880113cc4d92f934989,0.9835383,0.002044954,0.012317607,0.0016755755,0.0004236518
1ca667458b92c09852f3e4a2d3be77fd0064c069,0.028943587,0.96788603,0.00079115556,0.001212273,0.0011669707
1cb82db6885a902029c17c04ae7511653a1d23b9,0.04024302,0.9514836,0.000705387,0.002625954,0.0049419925
1cca7897a49ff7f29aafea06ccafc2ab7f050d9e,0.023882136,0.97278386,0.00050939806,0.0016062655,0.0012184075
1d21046991eae6f767d0af4f3e2df0c41d57376d,0.017575463,0.0011931089,0.9799484,0.00068782637,0.0005952641
1d3892ce2970b5f0ab94bd5d6df178022b82fb75,0.0022649178,0.000766846,0.99572986,0.00049656566,0.0007418024
1d3b44ab1c7acfdf3850e0f32c81ac0733875299,0.022096789,0.9751016,0.0006646638,0.001232092,0.00090494583
1d7c293d74195e673ba22ac413866beec98ca7ba,0.02253758,0.97436476,0.000572543,0.0014019167,0.0011231763
1db409415257ad5afb7d1a4301b5bdd7e4b23a4f,0.012617613,0.9834342,0.0005313221,0.0022788432,0.0011380678
1deae0ba27a1dff11ac59bca2da59863dcc89401,0.004837327,0.9923063,0.0006492098,0.001076656,0.0011305318
1e5f02f3348efc9deda3149c6dcb24262b68e0bc,0.029779095,0.96707433,0.0008219818,0.00122913,0.0010953482
1e6b54269bbced15cb129fd99873927aab30fd92,0.3406899,0.0041203317,0.6515865,0.0022511503,0.0013521229
1f306e0c91d64cf18674974f3520900b53ae60d0,0.02767877,0.96906304,0.0007813616,0.0013619901,0.0011148853
1f8ae4a40785fe5619988e033a6bdd897823827d,0.08314614,0.0014208622,0.91242653,0.002179288,0.00082716445
1f91a15048e3ee430b307e0d25298ccb4d778c78,0.03939773,0.95732015,0.0009475924,0.0013720231,0.0009625147
1f93a643487d5fc6008d958f25d7ee0ff54a7d11,0.58063996,0.0029359218,0.41254035,0.002851156,0.0010326203
1fa318e91639e14ded7d95319fe5e497b89c1c6b,0.97559047,0.002539256,0.019740105,0.0016767074,0.00045348858
1fec12dabcfdbf1509bf3c4a94af4f3be401a957,0.99261606,0.002387079,0.0030590896,0.0014836192,0.00045424927
20514b3a900e6865ddbee4dc7f3ac9a494c3982e,0.98339015,0.0044680987,0.010160074,0.0014988194,0.00048280874
20db7329999438154327e166b1e270010149814a,0.100470245,0.8946075,0.0018419748,0.0014800682,0.0016003354
2186342b9a2ac3d8370cd188deeb4460adc17368,0.02082449,0.9753626,0.0005458168,0.0022056284,0.001061377
219c4fdda89354527ee17ad814be82a051c69f85,0.002367304,0.0014211946,0.9945387,0.0007416389,0.00093113247
21d98fb6b5204400522e33450b68f43377298c45,0.0035140393,0.00086178334,0.99429095,0.0006243669,0.0007088836
22133cda28691ae1c52d81796c20644a27ad65b5,0.9617914,0.0016178568,0.0346251,0.0014860793,0.00047964067
2232f3e8f9147b183adc5e5922031ada4617fe49,0.98742026,0.0033016163,0.007460999,0.001427655,0.0003895376
22650528be024b0ae698b5211306bc3732636d13,0.0012414628,0.0010221972,0.99604285,0.0005979917,0.0010955869
2271fe2c21330c061b949ee2ef4e519280852b13,0.0015402219,0.0011126351,0.99585956,0.00062779954,0.00085977785
228a29757133e396c6f0962ee01ecd920542a044,0.98146755,0.006927061,0.003351344,0.0073414845,0.0009126345
229d4fe6fec882e0612a7ceeda6ac8204de18c82,0.9888304,0.00172454,0.007925669,0.001125472,0.00039392203
22a7967c345454212d50c6f8b35414ca1947cfed,0.982053,0.0062070168,0.009541131,0.0016567861,0.0005420983
22aa78381e31b43c9ae7f2a931d04e5fe3a9e2e1,0.018334791,0.9788119,0.0005969009,0.0013126942,0.0009436534
22c65d35241b8783cbb04b57e5d8bbf67b18466d,0.003618232,0.993486,0.0006299837,0.0010275696,0.0012382759
22d51c0b65218f37924043f86cad2836c06750f4,0.9783255,0.007027333,0.0024250266,0.010885476,0.0013366137
22d605a5ecf7c468fa8ca8482cb4295a0c6622f0,0.9909739,0.0030273043,0.0013645131,0.003929117,0.0007051402
22da997d2d5a443d57cc82b9c0b996d4444012aa,0.03509982,0.9617387,0.00089778943,0.0012910572,0.0009726396
2331aed1ec908a42e14752a12d2ff6db43352185,0.40344954,0.0039437097,0.58816326,0.0028824632,0.0015610582
23432f8e81eae4e9d012a18339e19ab9076f72b2,0.96828985,0.0023285786,0.027227907,0.0015988451,0.00055470865
234503eb2811a7bd940e16cb63e858165b824b02,0.0139084915,0.98222834,0.0019316575,0.0009817886,0.00094972533
2389fbac7e9352ec0de7cc8775f2efc4b4cf6b5a,0.027474955,0.9694718,0.000780166,0.0012712907,0.0010017529
2396eedfb4b784c10e02b5ff30b30a67b2b43c8b,0.20632021,0.002905874,0.7878228,0.0019038585,0.0010473115
241de8bd14a3c5059ba72e47c9c7d81256740add,0.43428916,0.004341595,0.55763835,0.0022392308,0.0014916493
24951db6a078339cfc92582044799ca6e960669f,0.028918734,0.9679997,0.0006901392,0.0014105529,0.0009808856
251bd51aa700823c7d36d58b331cdc110a1701f6,0.004089151,0.0009950198,0.9935231,0.00058608555,0.0008065789
25222836d355cefbeb28dce0331b511c5504d970,0.95088375,0.0019388195,0.0452621,0.0013456068,0.00056976575
25310ef53a4af995ebd5cd6ebf505eb496bd1f82,0.99048495,0.0032288318,0.0013839649,0.0043512373,0.00055104104
258ac68db6c7767d8e8ba2c49921e2c329aa0f88,0.04536095,0.951101,0.0009053705,0.0016187329,0.001013967
25c7ddcde232773eeb3487aa8e6cf929750416b8,0.9914186,0.003372125,0.0029889964,0.0017821987,0.000438028
260a4acadfa1c8e2a5b405b858b556fb841b39c2,0.9899974,0.0026122248,0.0039579635,0.0030540002,0.00037853816
26498a5987dbab32e9e3841a04434d9d6216f7e1,0.00088466424,0.001277162,0.99607253,0.00060387806,0.0011617341
264fa2dc9c98b37c6db6f1f7c8b7f54fce27c993,0.98687035,0.006535211,0.0014967973,0.0044620708,0.00063564343
267db0653386b9e84e4130fd216b57a77289b54d,0.028476132,0.9681949,0.00086580304,0.001462747,0.0010004335
2682e0c1a27de26e0649f196994225173d6323ba,0.21890843,0.02365456,0.74273044,0.008740352,0.005966225
2683a7feb3b17d27344244cb210cd148d35223f0,0.03098288,0.96573347,0.00084524584,0.0013142661,0.0011241514
268b71f045246efde4ea467a4ccfcea2c2804b51,0.00094174454,0.0012610831,0.9960983,0.0005956935,0.0011031633
2691ac6f3a6e113168f145237d836b60df881924,0.0011804986,0.0009979702,0.99646914,0.000492105,0.0008603041
26b702a06ae1e864430330d015aaaa35f21d4eeb,0.992401,0.0030080716,0.0017392389,0.0024241447,0.00042746935
26bf62e344aaec65d875ad14fd562aa40b49408f,0.0065141255,0.0021436776,0.98958766,0.00079947076,0.00095497415
271825ae352bcae7618044ca2b5719b6f67c6e07,0.046218522,0.95033836,0.0008941052,0.0015179564,0.0010311207
27234421a1cc225bbf6d4795f3488dfdf1d2a1c4,0.33710125,0.0051286197,0.6535981,0.0027025924,0.001469374
27559809240c440f0b528fbc1af7e5cbe1b8fea0,0.002873133,0.9924034,0.0006305275,0.0017307714,0.002362221
2799426ff8c1dda3701fbc7dcbb624bdb230cae3,0.02293476,0.97140884,0.0004911055,0.002266418,0.0028987927
27ec30c7c2416334df93fd818a58e3d9554913b5,0.0013664194,0.0009327275,0.9962424,0.0006360649,0.00082232564
27fab48d0e16964ff46d6c5b904ebdf9e81e8747,0.98762417,0.0048212665,0.0023474041,0.004304906,0.0009023574
2851c1456c5a6737c8594631348781c2ebfa30cb,0.003338625,0.00075723353,0.99483854,0.0004378254,0.00062776863
28667773b1bcb3baf526df79f8f3296c0d4c9674,0.0031656048,0.99363273,0.00091229094,0.0009749294,0.0013144758
28a78ac3fea8a67371457536a90b0e9567273865,0.9876036,0.0014819048,0.003118864,0.0073339213,0.00046177045
28dc3ee972f8779bb4b14107db268c8409f50219,0.03386312,0.9629319,0.0008216642,0.0013323907,0.0010509244
28e36096ebda6cb2169943384d6c1fa8180fd9c0,0.98689646,0.008025913,0.0017516895,0.0026840814,0.0006418982
290c85dac0aae4c60fc1f957f7b17b380e049c23,0.03220013,0.96428275,0.0011115546,0.0012744037,0.0011312662
2949d2d118a3240ba3c654d7c7e93169307176b3,0.0036496536,0.99334455,0.0008025059,0.0009529992,0.0012502497
2957893c8d9481ae20b144a940ea8a293d90d18d,0.004436874,0.99286485,0.00073606515,0.0008689923,0.0010931584
29a252032b84ce882412cf07189c50cb15514eeb,0.990445,0.0033803477,0.0015666438,0.0038061985,0.00080172776
29b49407d4bf17d71f7bd1d4f4e47c4a899a28ed,0.963647,0.0019287225,0.03224181,0.0016005294,0.0005819421
29c81c827ac7170ca7898afd9b27347ff592bdfc,0.9853537,0.0076193875,0.0034545092,0.0028807186,0.0006916204
29e5ea1ed4816d8687114bbb13162d9a074e7eb8,0.03586586,0.9609013,0.00090935576,0.0013611112,0.0009623489
29f93cb4ecd517363279aecef84e97875d5545a6,0.9864202,0.005693341,0.0015802119,0.00550472,0.00080159487
2a84a5008e52e2a6656bb548d835335011aaaf74,0.030869085,0.9659524,0.00079576776,0.0013669305,0.0010158165
2a9af38c7e7210b6ba6c72cf5864052629eb3b6f,0.8886906,0.0023771944,0.104902394,0.0032397343,0.0007900638
2ab0ef31dad96da6e0da678339f3f4f045ac1076,0.9859838,0.0023780863,0.00958166,0.0016472522,0.00040923347
2ac85346f12429c41daf50490f042007dcd08c83,0.00684877,0.9891137,0.0021636775,0.0008069296,0.0010669221
2ad94bd023bc1acacfed6a3352a100906678b109,0.99006873,0.005008584,0.0032148925,0.0013008382,0.00040693546
2b48e2cac369ea2abb17921a610162bd33f74d68,0.9787369,0.009196127,0.0028502187,0.0079897335,0.0012270614
2b95c79271040f8a030d774286ad44053ee16b9d,0.0017932936,0.00095334166,0.9956442,0.0006668409,0.00094223494
2bba32730836833faaeb1a263ed29ab4df5735a5,0.96842873,0.01943321,0.0033068215,0.0072723054,0.0015589839
2bd8ed9333cd7b9864725f1742a689df365ad51c,0.04856652,0.0014340082,0.9482461,0.0010050173,0.00074832555
2be0d207f3a86e11d08edc1188508e1af1d63fb0,0.005431731,0.9901182,0.00059792795,0.0011368861,0.0027152891
2c498e330e035ae446ecde1a08bbf4f9598ea178,0.0075675626,0.00089664606,0.9890702,0.0008164055,0.0016491844
2c6451ee38d8ba82c2d43d23ada828a269ca4116,0.028832234,0.9679359,0.0006982283,0.0015295454,0.0010040805
2c966c3f4143d9c68580bf1c3d404a59137ae609,0.005937797,0.9906617,0.0006506705,0.0016310001,0.0011187816
2cada7f16de01df9295a1b644efe5c619ac8a2b2,0.23996499,0.0034666485,0.7522518,0.002670982,0.0016455442
2cae18f86c326b0eb16f03b0aa9c75818a977448,0.001447925,0.0013183508,0.99558914,0.00065518526,0.0009893294
2cc876deb0920ade25c16884bb57a0aa8359c43a,0.027087236,0.96989477,0.0007927975,0.0013020061,0.00092326064
2d2fe22b39e39e7bb306d5e84dc9f9c4d470114e,0.023087183,0.9740525,0.00075677363,0.0011261108,0.0009774269
2d9c99c1154e7e7bce3b3f191f4d828672ea27a6,0.0017456247,0.00093802257,0.99604475,0.0005266971,0.0007449412
2dff481ee72ac1bcde6262b26c372a9e8b7c7497,0.9905731,0.0016777008,0.0055184565,0.0017720053,0.0004586579
2e543d501ac8b6dd450fef9425cae55ff7b50a73,0.0015895818,0.00093537994,0.9961528,0.0005055862,0.00081665005
2ea80316710f886c245ae2e2d45915567e548c7c,0.11843029,0.0025633543,0.8767988,0.0013259604,0.0008815565
2ebfaa78df27a0a64d26bf6772757307c9ff975a,0.115329005,0.0022441703,0.8792234,0.0019046027,0.0012988261
2ed11ec456a062d53dba7f7a9d57534d12acdb95,0.9715208,0.0033696208,0.001699323,0.022362342,0.0010479452
2ef825bd7e0591e0e7cb78dae66ce5a2b6c40f5d,0.001164686,0.0013629863,0.9947103,0.001049128,0.0017129101
2f011c8fb460b9dd5e28275c0362745a010f4ca8,0.9878669,0.0047709253,0.0016552407,0.0049998863,0.0007070601
2f508eb79e87d75611f3ddba309163ce9d0835c8,0.031487223,0.9652946,0.0008733847,0.0013435091,0.0010013406
2f79ff4c3493a02edea1636bcfcf555b1bf7d64f,0.99222577,0.0024982132,0.0014041103,0.003314446,0.0005574267
2f85f84d5136cdf6e1ede869b0015b7bfea6b800,0.043706346,0.95291394,0.0008912906,0.0014382553,0.0010501969
2fb671633b2e8316879cf56b830a57c8b33983fe,0.9915816,0.0035104582,0.0014734146,0.0029561021,0.00047834768
2fbe2ccec11883bffc4a999febefd5f09b871424,0.023061398,0.97391516,0.00075962854,0.0012808645,0.0009830323
302994572385583073738f971152dc77783b528d,0.98909074,0.0041138697,0.003131196,0.003157295,0.00050692825
30bdb11d5166101e7dbb5634d71c2575b6e5f54e,0.9886672,0.0027232515,0.00156842,0.0061429376,0.0008980331
313225e9af2ad60d37829216caf4bce04f23ea92,0.01841319,0.97868687,0.00066580594,0.0011846115,0.0010495076
31964043423a074f2a221988df0c76b5e6b8f5b2,0.009283936,0.98735887,0.0016511614,0.00078071543,0.0009253135
31c938d5ecab1bf0f1c4e8082776f0361a50f27d,0.0015552422,0.0011191055,0.9957989,0.0006204477,0.0009062793
31f73e02023dfa2d1e29e8ff41fd9b18c79878c7,0.03983405,0.9566456,0.0011201168,0.0014984761,0.0009017988
326da275051ca238a24ffeaf166b24c00be6216f,0.9214483,0.0021331236,0.07395714,0.0016874395,0.0007740765
32f27dc369df8e68abab72fede10e6a6ed9ffbfc,0.9520253,0.0026248845,0.042946655,0.0018704328,0.00053275714
33892ecb8c7c790fcbc2105f390c491c08963ea2,0.9907259,0.0036614235,0.0022013327,0.0029248483,0.00048641034
33a7bd491294f9bd4db119b53c5ad00ed70bc6c2,0.15981163,0.0020755907,0.83571917,0.0014689423,0.00092464255
33b2fcf2f8546fae425948d41785c784da14d6f9,0.84834373,0.0032410687,0.14513451,0.002477744,0.00080283615
33c00e4613dc29cfd313ec0b072111e354130d9a,0.22709276,0.003167357,0.7667458,0.0018277629,0.001166344
33c58ca9d55b9898c0c1d86a2321bf4da5e1f0c3,0.9528941,0.001676537,0.04273472,0.0021090182,0.0005856532
33c989d20b0b8cda8a03f2f35a54c9f20d4358ed,0.5203429,0.004063111,0.4719305,0.0023862482,0.0012772667
33e428a439707970edb08701626948e828fdcdd5,0.0016776025,0.0008720302,0.99633586,0.00041111413,0.0007034384
342f45fb99ca21761635a2554f6874290379264f,0.006071532,0.98857284,0.002005848,0.00075910694,0.0025906956
34c01b50cfbf61b078e8b418bbdca0a04a3748df,0.98766696,0.0041563716,0.0017754545,0.0054554497,0.00094570336
34c47b3aa1a1f73b6c8b2ef6ea2c5b9dc18feca9,0.9834257,0.008427672,0.0018472505,0.005350419,0.0009490277
3503923351a4e5b9f1526ebe2bb91828008c7ba0,0.024890674,0.9721715,0.00069991534,0.0013088916,0.00092905003
3515161f7bd3c88c82fc4880721c119c8b65b6a2,0.0026825937,0.99360025,0.0006772731,0.0012814788,0.0017584291
352512f17d97d8c2ec89b553c49d9b66b73cfd29,0.001234141,0.0012683525,0.99598724,0.00066123344,0.0008490406
353f1104abb19365f64a32a062aee01bb7b736ef,0.17808752,0.004000329,0.81546575,0.0015317573,0.0009146541
35cc4d648238374926f5b1c5dba18f64a62aa3f7,0.004099969,0.9931161,0.0006963884,0.00088203844,0.0012056036
35dcca283f314298e197346f79866e31c4c9a806,0.03329052,0.96343684,0.001025114,0.0012882947,0.00095925113
35df43cc777af342d62d49720a39d7cc544672db,0.9900817,0.0019835671,0.006138974,0.0013539969,0.0004417301
35f111d0e97cc60de6b2295b0dbb3bd3c185cce6,0.030781263,0.9660304,0.0006649425,0.001531013,0.0009923652
360dacf49e0f34b5d7ca48bbab59ed497f667a1f,0.032414727,0.9640961,0.0011288405,0.0013871423,0.00097312126
3616b750238fde10f0af92b39f8642ed04f4292d,0.011295395,0.0020000935,0.9847744,0.0010017892,0.0009283149
361806eaeeb8e109ee70a5a7682afb4c62db6a6b,0.03441018,0.96237785,0.0008423089,0.0013887326,0.0009809197
3667780549f63698b6bcda210f734afe6f00b6f5,0.0028649059,0.0013310044,0.99440527,0.00059934513,0.0007994497
368581ce89aa3d42dd5da5b819eaed2a7518d5f8,0.9892328,0.0028140505,0.005813664,0.0014756776,0.0006638421
368e350eda45f3d79eee691af6eec3b5ac67734d,0.986478,0.0027492512,0.00906576,0.0011963763,0.00051055074
36a25b2cd071cd97e370fe277ecc4ac8143298ec,0.023755925,0.9733295,0.0007444879,0.0011838934,0.0009862863
372a5ed3b413fac23455e6f6c7b06707653d3d73,0.9640537,0.009080306,0.018084818,0.006894454,0.0018866805
376e988ff1fcf958808647649e2cdf3d01ea4602,0.0018370922,0.00092510204,0.9958475,0.0006120525,0.0007782537
379e9ff20a7faf7614ccfbcc1157a2ba9c1649df,0.0012638386,0.0008151991,0.996327,0.0006621053,0.0009318962
3885298536c50c15602b994f492a3160010dee2f,0.0058382833,0.9916047,0.0006154257,0.0009347536,0.0010067692
38dc25352f81252d7e3e6510f383867dfac5c1c2,0.6688135,0.0036708645,0.3234171,0.0030611372,0.0010374391
396d208d43ce393a6dccab5756f7277841766af2,0.0016379235,0.0008857533,0.9963253,0.00044887792,0.00070205843
3970b66161631251dbe027dd83cece64dd0de64f,0.98045385,0.010432488,0.0015721886,0.006580491,0.0009610597
398a4144007d77ecf3ec1c1deebee3b6f4cea7e1,0.99153054,0.0028219647,0.0011769444,0.004033406,0.00043722262
399d32183389be62b9e3e781c566f30a35c0aef7,0.023417726,0.9736309,0.00080996467,0.0012218526,0.0009196046
3a1253a00f5dd488cf15f8679bab5ef457a3a969,0.385758,0.0038413939,0.6068826,0.0023163112,0.0012016863
3a3f9fbb047cfee35b1f0fd80ccef2c4f6fd1867,0.03395582,0.96274334,0.00094924524,0.0014333599,0.00091824477
3a4658180642cbe2761195b9b7780b1fc18b0766,0.003771904,0.9933333,0.00067247835,0.0010104959,0.0012117698
3a5d3d3191b1a854703715c46186fb9122eef2d2,0.0011322161,0.0009358942,0.99670047,0.00048458815,0.000746889
3a6f248cd6c1eac31bf2c6ca7d6686f08a259b94,0.9650082,0.020938095,0.0031534713,0.009080425,0.0018197501
3adef46c0ad4a98d53de3f6bcff7507e9adaa103,0.017943274,0.97919136,0.0009854666,0.0010459549,0.000833908
3b0a48a292ee2314e553b3ae0e9fcfe5acd82924,0.02508716,0.002445455,0.9703235,0.001040539,0.0011033297
3b2fba8eab2d0c87c14342ab93f9593833a58ccd,0.0012703327,0.00087993365,0.99656844,0.0004234355,0.0008578729
3b4fe73c7a6f4cd4809eadcc3a8ddd5c26a7b329,0.0037127198,0.9933869,0.0007236198,0.00094470027,0.0012321214
3b66c5b3641287eb6bcfdfaf1432db339d636699,0.0051022945,0.9922897,0.0006684998,0.00086594827,0.0010734885
3b99fb4e5cdd412fd4a195cc34cbdb68f95023d3,0.0051943115,0.9921893,0.0006684321,0.0008197803,0.0011281926
3baaafacbb8a56cdbf2f0606aae30356237e7a36,0.009997089,0.0011606426,0.98739237,0.00082624,0.0006236787
3bb07573a736eb7a159fc4266b7cfab3e2caa588,0.9926502,0.0028752515,0.0021211128,0.0019087949,0.0004446094
3bed99a322bab956e678483c2ed0338635bae020,0.23362166,0.0022069106,0.76005477,0.002881166,0.0012355491
3c194dad83f96a132dc193cb478b44cb3461480d,0.9869444,0.006395222,0.0012229359,0.004624334,0.0008130613
3c2d132307838479da9a7ea2aeaf7b49bb1f0e98,0.034209583,0.96239,0.00072470796,0.0014596677,0.0012160302
3c2fbf3e89cf8927e65c8c95dc1f965f97088d1c,0.021609612,0.9752643,0.00059010915,0.0014922522,0.0010437967
3c49e11299417669bb889f53ee69a9eac81f3c00,0.018339423,0.97858125,0.0006683397,0.0014134941,0.0009974353
3c63bba60c34b790de86d559d5c64bf24983e7d8,0.03730683,0.9593412,0.00094404514,0.0014338848,0.00097401236
3c9fe40cd16d06c217583aa70ff91ff98449a19b,0.0013777178,0.00084382854,0.99666303,0.00043862834,0.0006767122
3d1d32fa2c804524e6be92202fcb61c9c6f6e6bb,0.0014140818,0.00091121835,0.996349,0.00048631325,0.0008394537
3d27f4b78d09d18c7fdab658245b1acfcdbb1ce2,0.041015193,0.95563895,0.0009990993,0.001279116,0.0010676982
3d7646aa97f7a6fd4d5d7962fe039ea0267ce82e,0.012924994,0.0031801912,0.0021081453,0.97699386,0.0047927173
3d7b8c6d5faa987683984b2e13370fac13d99bce,0.041633602,0.9550083,0.00093611755,0.0013124247,0.0011094979
3d7eb9ce8727645ee4ec20bef250e766d937bc33,0.013605713,0.980754,0.0006304713,0.0036192648,0.0013905898
3d968ff12649d5fadfc7bb51a998e81141b6af67,0.0047619175,0.9925229,0.0007488602,0.0009337936,0.0010326063
3dca37fb5b222754452768c19679c0a1e6350aa8,0.98170185,0.01399639,0.0018767132,0.0016578119,0.0007671989
3e2708a682dc263246f9339ad8336ecb8ebab0a1,0.0049845427,0.9914091,0.00069045543,0.0017005696,0.0012153424
3e4a810a0d73e508de6c53ecdfcc3db19b6defc7,0.0010231758,0.0012221917,0.9960234,0.00056505133,0.0011662235
3e75e226e7455e797ba49e7a71bdfda5584c345d,0.992447,0.0016164813,0.004098708,0.0014044234,0.00043337388
3edc14fd83dd2a5a168cb887b108488e39d07676,0.86395967,0.004192936,0.1266724,0.0040918086,0.001083163
3efab5e77da8308ee9d10d8377599e04f4541b65,0.99052495,0.0020474487,0.0017963108,0.0049573523,0.00067385944
3f21caf8ed997cfa7908f309bbc09978d7fa138f,0.0017724478,0.0027681033,0.99372756,0.0005919588,0.0011399167
3f991b7a289f5c96810a62e767d9e8e4a8506c89,0.9837894,0.006465689,0.0056892578,0.0033955527,0.0006601892
3fb4a05a1d41f82013c9b5bb2162253d7ddb8041,0.90122193,0.0017161436,0.09378981,0.0024534655,0.00081860414
3fd93c73799d370d5fdd697bf21bb51a46ffc60f,0.93343294,0.013710556,0.00291345,0.04660924,0.003333769
3ff07631c53fb574981f8a8566ad1df74e9b38fe,0.94975173,0.001416782,0.046734467,0.0015289176,0.00056797697
406e2d7535778e94393ce2e5d838c09362780035,0.028509006,0.96836656,0.0008761642,0.0013425301,0.0009057439
40aa2348315c7f16368b4f6a53455fe9be5af037,0.04048465,0.95253426,0.00059002364,0.0026033062,0.0037877883
40e0e34c64479a19963ba2b3a4ca66ad2fce2a0d,0.001330467,0.0011593212,0.99594706,0.0006612067,0.00090199907
4139d0cd9dd188d32c4bd09f1f615c9f8f074a78,0.98943895,0.002658347,0.005670475,0.0017803778,0.00045191182
419f3484c1d4d86a847a90dd8b750219233fc02e,0.9839093,0.005058277,0.0015457033,0.008702657,0.0007840897
420d57cb8b69cb097e553a18b2ae5496b90fe177,0.9912633,0.0024546976,0.0034532375,0.0023354369,0.0004933736
425fa2c3e26db62deeade6a465c14fe6ba7a5769,0.0043707737,0.99286944,0.00073535007,0.0009544057,0.001069928
4266cd82b4012f07076553cbc7637904c4434738,0.018583385,0.9786119,0.00059794565,0.0012161685,0.000990671
42748c8819059ab2e3e4a11e49b4904d18f6dde7,0.35526988,0.0053734574,0.63581586,0.0021001704,0.0014406081
429b3c1cc70b8987fbb65cc64ddbb2ac4af2e413,0.9755172,0.004159722,0.00096184004,0.01838046,0.0009808105
42c2f1c46d8cc0e1e53d3ee5a982b6b6b134cb11,0.0011816764,0.0009302298,0.9964897,0.0005037854,0.00089459325
42c69bfd2bdcd6f298cfd1d2c80a28ac3b11bb2d,0.007565749,0.98856163,0.0020097469,0.00079242676,0.0010705002
42d72fdf8b86e46185455a13c498c706f024f0d0,0.99110776,0.0022588116,0.0032562022,0.0029561324,0.00042111528
42da4b38de50486157849b2a650b7450582f1538,0.0014614979,0.0009995791,0.9961281,0.0005016392,0.00090923876
431fe08349f4b79dfda06907dede71aa34837c5c,0.2883218,0.70116913,0.0017278705,0.00541131,0.0033698175
439d7e5cc85ec84ff8c5b289de3cc9418bb25654,0.0013827503,0.0010037691,0.9964038,0.00042336553,0.00078633
43a4f680a89759370ccdb4593b8adee125300d3a,0.01161021,0.9856399,0.0008593055,0.0009291308,0.0009614372
43f86b4839c0ec3eb2d84e81a856e227a90dcb74,0.0034766723,0.9907075,0.0018285027,0.0012180455,0.0027691394
43ffd5ed227791dd5c9851f7d905e9f82d8143b6,0.8040917,0.0039793546,0.18766063,0.0029170497,0.0013512654
44223f4d8c80798db4c67a3886f9998440e8bd36,0.11422037,0.0025908782,0.880176,0.0019178707,0.0010949062
44a93f93ec30d799bea904fe8a6c590449bfbbc1,0.000990146,0.0011804295,0.9964108,0.00055325613,0.00086530915
44ac3f9e2b4857633860cbfb643520d2531fb490,0.0055294237,0.9879483,0.00438911,0.00084136566,0.0012917294
44f5d1ed2fc82b23b06512ed53b1b98d9b274abc,0.6713063,0.0038992648,0.32021454,0.0028863905,0.0016935107
44f5e18fed1a59fde38b7115f238e5fc874979d1,0.030028258,0.9666326,0.00079944485,0.0014405565,0.0010991329
452786c6035f1b0993d6df134bc1c59f80bafac7,0.43438488,0.0032587796,0.55776125,0.0029787659,0.001616367
454d211c41b771239334065bdf189c9f96c24f7a,0.022971584,0.97391903,0.0008133755,0.0012896553,0.0010063482
45bb6098cebfcadc5640c6624b3fcb9631ac2b68,0.034603205,0.9621223,0.0008274123,0.001421288,0.0010257168
45d0b1a2040340f9781bdaee64f3fc6c7901bcc1,0.02677794,0.97012234,0.000789892,0.0013074089,0.0010024251
46d17d2861e55a2d3a7dc177936d3ab6cd60812e,0.9875635,0.0028202974,0.0021392927,0.006924291,0.00055264443
46f7d99c5024a91169d68f7a9001524b7aabc64a,0.07556838,0.0022553816,0.91881496,0.0020635999,0.0012976887
4718fa12fbae9140868d4fdbdba755d1b9b1196b,0.13710633,0.0024940823,0.8581176,0.0014392413,0.00084278773
475bc2d8c167d10a9866a5220a35adf48ac6a4e4,0.04770091,0.9487875,0.00088916597,0.0015499035,0.0010725389
47732d84ebc10d114f7343b35b8c819ced7ecc7e,0.8366065,0.14911896,0.0030588093,0.008330961,0.0028847316
4844cb02f7be947986205fd1be1e54359d5babdb,0.00084651087,0.001247402,0.99593323,0.00065669307,0.0013162332
48b701e4a229a02017217ed52c9b8e224e7e46f2,0.77639586,0.0033709998,0.2168643,0.0025896882,0.00077908556
48cbaad2e505e5ff8a6daf0e65ddcfa7b9dab801,0.030580323,0.9663073,0.00082454435,0.0013009963,0.0009868504
48ed17ea7e5054a02febfc7c5ab01ea3963d49f3,0.019139871,0.97786075,0.00054508133,0.0014730283,0.0009812484
4924991c24da1d29571b87e46a77aa26629bf211,0.020646295,0.9765063,0.00061080843,0.0012314594,0.0010050879
49332e6f1f7ababfd0fc18e396eca6de1db6b11a,0.0015970984,0.0011106076,0.9959882,0.00044090723,0.0008632544
49740fefc32e31129f8c9dc2aa6ff7f84f0ecf12,0.0041371468,0.00088613393,0.99383754,0.00046377853,0.0006754531
49f5d3d270928177b9704551664459ecf50ee002,0.0012307374,0.0011195054,0.9961547,0.00051757676,0.000977404
4a3c5532a96ee5d9cca5495b0c891b5b65b2b18c,0.039697748,0.95710355,0.0008525479,0.0014042419,0.0009418432
4a9a5b9ce7c49ef6d3025a1a36236ee187311423,0.95572376,0.0020007528,0.037917703,0.0032858236,0.0010719723
4abffcd8cff043da06735cf2de74fecaf0708e43,0.9893188,0.0026386273,0.004464413,0.0031288608,0.0004492171
4ad2d58e8d4159b492758479cc2ca008a2a8160a,0.005861659,0.9879479,0.0039943773,0.0008250918,0.0013710157
4b1b9aaa2431e1fd6c17d0b7915989bfe28c9b22,0.0032845086,0.99364024,0.00073233637,0.0010207277,0.0013222103
4b316bdcd74d1c4cd61a2f73940cce36a3e38775,0.0012562497,0.0009879693,0.9961642,0.00065620424,0.00093539065
4b6eddb260cf69fa0ec1d343699edaa3c91de592,0.02059961,0.97620296,0.0005274153,0.0015577475,0.0011121853
4b7f4f3ec8977c4bd930528c5a16f614edd59433,0.001079078,0.0009229842,0.99648273,0.00059767184,0.0009175919
4bc882e9e5a9a33ac6310e9e66234803cb51b2b6,0.04452293,0.9519422,0.0009367641,0.0015220037,0.001076105
4c5fec07ab429a07e915617d597778e7d7b3bc83,0.9872689,0.0042304387,0.0016445743,0.0061657806,0.00069026306
4c7aadef8f8567eede8cb0690f090afe1b26c815,0.8256492,0.0039641946,0.1674135,0.002287588,0.0006855183
4c92d992f539b1c7935a2ad8919ea143ec457bd5,0.0024041578,0.0009948886,0.9953342,0.0005091328,0.00075761083
4cccc9422b54fc433479e10306a5293839cd1891,0.98981583,0.0025687446,0.0050085275,0.0021609883,0.0004459452
4cee51b2788d75bf3cc62fe90ad2c44c35b96b8a,0.022242855,0.97486037,0.0007693287,0.0012174364,0.0009100386
4cfa6e5fd96a7e01e57d3112ad22a99bea040aed,0.035030384,0.96171266,0.000849987,0.0014248511,0.000982158
4d243e1434da227f8f665bb2f3f42e3e9a240197,0.7132887,0.00473159,0.2782389,0.0027869963,0.00095380004
4d30e5726e84c02fae86f224a0bec2b2f27f0997,0.019161243,0.97799724,0.00078395836,0.0011174985,0.0009401096
4d4b0b920ca88db835c48891e2bc915ed37ddb2d,0.04370224,0.9528244,0.0009845512,0.0015041963,0.0009845512
4d991190f7265ce225ec8e954110adf7812a9fb4,0.026449278,0.9704578,0.001018563,0.001123051,0.0009512614
4dab277070219a9e560f549a49f8a6b5c78bd86e,0.87392175,0.0028115418,0.120840944,0.0016319697,0.0007938067
4de4d5dfb2f1584da96dcf14b1b38077b284a9f4,0.9832213,0.0020106367,0.013066261,0.0012631487,0.0004386693
4df59854dd007fb1ab530e4f2c592afbaa6c89e2,0.2660553,0.0030793534,0.72604376,0.0034893649,0.0013321965
4e5bd6e8961e9c4799618f589d470f6878326c06,0.0031862066,0.9930434,0.0006929456,0.0013607022,0.0017167325
4e6c10248378a0d05b5a65f983463c558e52070c,0.044116266,0.95250386,0.00083204015,0.0015184467,0.001029441
4eb936b5f5f9af34bce71a68a663708d05d7c160,0.57166237,0.0039470266,0.41987404,0.0031932797,0.0013233802
4fc0752c514347b8d2143130e12894fc9dc29341,0.034767013,0.9619683,0.00099789,0.0012250306,0.0010417027
4fdd17f3d722646d7523eba88c70d71bc581b121,0.9920121,0.002267506,0.0029704105,0.0022852903,0.00046473855
50092d4f78944002cd8907b6f0e18aaa47e38681,0.014372581,0.98281395,0.0010747203,0.00083372986,0.00090500526
501365960bedde7040ab68ccae6c1fb3a9fb8162,0.015098023,0.0013289485,0.98226076,0.0007339151,0.00057831116
5016b0996b59b836fb5b7212d0e75013495fadd4,0.001466086,0.000850995,0.9963321,0.0005467673,0.0008041337
5018c43ac36a275028ed9e1048fca60e68f1e7b8,0.041393075,0.9541386,0.0007515065,0.0016112656,0.0021055946
501b5e2676faf018e4737f586ec6e62fc385f168,0.18464899,0.80836934,0.0014070615,0.0035511968,0.002023411
5026edc3937dc8e12639053066b8a7130746c56d,0.028884344,0.9677932,0.0009922362,0.0013722129,0.000957959
502842bf998366359620b9486789f1e85582c4d4,0.0015648472,0.0010434315,0.99609524,0.0004909606,0.0008055143
50619271d55a78bf05f2dff89cdc893c8291f74e,0.0018300085,0.000983847,0.9958902,0.0005562167,0.0007397514
50a8b92b597491939365a098c448b79c8d283334,0.98657066,0.0020234052,0.0025083509,0.00831111,0.0005865488
50e24045ab34f9a06798545f90b82d7faebbab6a,0.100470625,0.8928653,0.000984018,0.0036883452,0.0019916568
50e33fbb7c515474bb684b8312b877f75c64d5d2,0.9890028,0.0047869175,0.002002805,0.0036604134,0.000547002
51613eb8ad494addcab281bb55bcfa4d1362935a,0.002222268,0.0008965631,0.9957624,0.0004486243,0.0006701845
52004be06c1495c8a2e8d3af7be60f4a3978f103,0.98983496,0.0016995283,0.0016601589,0.006318369,0.000486923
521947b7254043afad5321488b45bd86bc9fa9e4,0.9920729,0.0033974962,0.001644527,0.002377632,0.0005074646
52389364131fc64749e056382f21e7ab23096fb7,0.98964894,0.0031161807,0.003977879,0.0027073848,0.0005495016
52488500b9cb9ad27efd3e9c7e1b6069d76f9ed4,0.029611776,0.96729183,0.00089245336,0.001275886,0.0009280046
524ee4d9cd355c91d4dffe1725197af0d6918333,0.020215614,0.9769006,0.0006594189,0.0013490814,0.00087529595
52a9e8ca172d2bde982c97193a5ee5f7a6a97c15,0.0011178667,0.000787286,0.9966413,0.0005474714,0.00090616057
52e207a7301dbed444e95437b27b36f9c739fe13,0.98993623,0.0042397976,0.00091334584,0.004274094,0.000636374
52eee36406e8117cf59be7b9906e0dd085b70f49,0.0012784845,0.0010734425,0.9961307,0.000663269,0.00085415307
52f3116321ab77268a26b15caa4b5977934d21df,0.979071,0.014265506,0.0039546234,0.0020880145,0.000620843
531188121a60a5fc43d8ad724fc134a921e73659,0.0016085118,0.0008900412,0.99627197,0.00042997568,0.0007993876
53175daa7da6c12a02bb5d43fe53bb144d52c844,0.0072846394,0.00092106446,0.99053335,0.00059236545,0.00066862116
53332d2e0363433b554581a07239a648c5bccaff,0.9775778,0.001852476,0.01883768,0.001343441,0.00038867947
5369aaeedb5bc24f9ef3f1bc3030397a5eee1ba4,0.9928229,0.0022178725,0.002729362,0.0018449762,0.00038484432
53ebd8e93dc6ac7e39f636449ebc6bcb84a7eba1,0.0013051705,0.0026070732,0.99433655,0.0005299177,0.001221314
53fd639b02e2f3b268a5f0258e0ff0945f01f3dd,0.027554289,0.9694269,0.0007877856,0.00115634,0.0010746742
54067c7a878c3b58fd11de9198320fa4b253e3de,0.044890534,0.9430778,0.000789158,0.0039071986,0.007335338
542e0fdca9eca8f1a8ac3f759f2320f897941e3d,0.98584116,0.0048621637,0.0021272358,0.006544354,0.000625136
54c6327ea2d922515d7163f6b7d440651e35cc17,0.011701837,0.9842449,0.0022874132,0.0008398504,0.0009260054
54c6903a8b969096bb76ec66c4a13b6e0b79c7cb,0.037975628,0.95858675,0.0010139947,0.0014369609,0.0009866438
5503e470d7193f77e462e47a43d9f9b6b66bf91b,0.9753836,0.0013924615,0.021214943,0.0015159373,0.00049311493
555ed405d478feb0d94588bbac2b59a51f6fc4a5,0.003967867,0.9932017,0.0007545125,0.00090745336,0.0011686118
558bb6fa5f377c6c25426487db900d7fda9bbeb2,0.1837281,0.0031860105,0.8090646,0.0032078642,0.00081345474
55da7de7ff954cfc1a71aea496f4ed5b9cdc8bc9,0.02507774,0.9718555,0.0007419101,0.0013225976,0.0010022565
560fae6ec45faca058217fe528498b8f3f60cfae,0.80121416,0.002172703,0.19405848,0.0018153614,0.00073922495
5617a7b9fb9683f0d8f9252e693e44b0f056df7b,0.02924069,0.96737355,0.0007515846,0.0015926592,0.0010414358
562784ca558a3edd53d16967c5c8289e67ac2b31,0.70702386,0.013452303,0.25832757,0.016578963,0.0046173194
56b8911bb19bc8102fe4fd245f0de4a221bdd5bb,0.30050915,0.00316687,0.6919146,0.003142225,0.0012670967
5732dbb50d3e1063ee48700c04b4ecd8164ed3b9,0.97642994,0.0035009827,0.008423061,0.010601057,0.0010450442
57453b728072b8f4ac1a990da4c20fac8ae2bd17,0.9905095,0.0019555674,0.00566415,0.0013479838,0.0005227481
5745f26be877d7bc6841578e9976b7975cb0a50f,0.935711,0.015638784,0.003578345,0.042128343,0.0029434664
575669e9a06757b33795350edf2ecc3dc7c55b5f,0.030675534,0.96553683,0.00072565896,0.0013230118,0.0017390661
578b9b45ee51e49001a85f9d4c2fa417109a2d55,0.9909739,0.0029028133,0.0024206587,0.002934164,0.0007684182
5799cd2160dee3092a53dc89f8bdf4fb810a2c80,0.9832086,0.0053727967,0.007975451,0.0026610263,0.00078200246
580f1261670fc795dee645c261a1c8a14473b21b,0.81760526,0.00226973,0.17716524,0.0019796938,0.0009800195
5818195dc82ef1b86aa03ed7644cb973307a2f9e,0.9900657,0.0020128046,0.0044852695,0.0028832096,0.00055296364
581978bb76e9d205671c4fccd7ca5efe25afc973,0.0020331305,0.0010656453,0.99567837,0.0004347849,0.000788063
583018a3e6b001d56495e5b2c5f0af165905c0c5,0.6529311,0.00310749,0.32831436,0.0074036964,0.008243305
58797486ce63157a998329605a155c6226ec4cba,0.0044023897,0.99287474,0.00067085633,0.00095347915,0.00109852
58aee3aa1d94554ff57e6a053dbd60658e4890ff,0.03804098,0.9583629,0.0010812493,0.0015322694,0.0009825678
58b15b8d9ba8a56c867a26c0598bd613a57cb77c,0.27796024,0.0030281346,0.71536326,0.0023861125,0.0012623144
58bf4ab284faea337a0d32107f98fad33ca5ae72,0.0031496524,0.0013753094,0.99394965,0.0007254453,0.0007998641
58e14980924abd6531656ef3af536852284084f8,0.02364292,0.97344095,0.0007008293,0.0012740048,0.00094122876
5959fab7b3f173e06a13ced0f5aecc60cbde40c1,0.03220036,0.9642895,0.000797507,0.0015060307,0.0012065895
59aa58b5a39079b7f52fbb08f024848e4c2a1edc,0.9875251,0.003349056,0.007051542,0.0016611442,0.00041308787
59ccdd7b9de47214adaacc2b67ce9923dc382f62,0.29788157,0.0026434546,0.69666547,0.0016770033,0.0011325032
59ee593b27cb3b792b3f4d9c7ff0509265409521,0.028332412,0.9680236,0.00057552196,0.0020344334,0.0010340257
5a2d56de8f4035ee0f63b1eb158fc1474ead5633,0.99077386,0.003431368,0.0012288804,0.004027377,0.00053843326
5a6e4698b3f6b34fdcc3f4cea46be02316337834,0.035657592,0.96093553,0.0009076137,0.0013361367,0.0011631252
5a772ebe24a1a88a37e93bb5d5e09f527a31d14b,0.0018700564,0.0011243213,0.9955669,0.00062884204,0.0008098183
5aa9f42e2997030682037a7545035c07b2f9d10c,0.0010881994,0.0010312931,0.99611264,0.0006003742,0.0011674674
5acfc258efd4d5fa8756ea3cbc7a25bac5203274,0.006209164,0.9903319,0.0015725958,0.00089167355,0.0009947338
5b17d138a5aa1cf2c6016e9b0aa92a893f2bc3bf,0.84355754,0.0041828277,0.14831626,0.0028109613,0.0011324085
5b1ad0ee8439755707f2651b62a58eceba714a1e,0.7617086,0.0031929803,0.232308,0.0019140779,0.0008763287
5b32610d9fb1e6c06c9a759c9325afe1c580bcc6,0.98719263,0.005965414,0.0010901021,0.004969709,0.00078211003
5b5467b06ed20a92a9137215df91d48e80aa33c4,0.046820138,0.9496362,0.00091821176,0.0015242596,0.0011011041
5b8bbeb9a7ca0e754c4d54d25d164f9ad29f592c,0.0010683044,0.0010693483,0.9962153,0.0005640575,0.0010830105
5b8dbd2f3e9a7a2bc4281d4cbff969b8fc191e86,0.002694595,0.0012641653,0.99463993,0.00051276805,0.00088858313
5c16246513e338b4ebe14d84ecc16ee1f87447a0,0.030232979,0.96659255,0.00082801585,0.0014334801,0.0009129568
5c72a46844f5cb42829a1f1845c3d60d72fbf310,0.023130873,0.9730408,0.00065043045,0.0012884925,0.0018894491
5c86228fe34314d82d5db352632cf55f9d450c48,0.9909512,0.003073406,0.0025145723,0.0028647296,0.0005960979
5c8cef625915c6a1220f0cd86ce0ac0dd78a6e6d,0.97416425,0.0017563197,0.021595778,0.001886097,0.0005975577
5cbeb23ec37cd92586317894971a58371c66dd5e,0.16410181,0.0043348977,0.00504825,0.82286465,0.0036503496
5cf8576037a8428434adf073dfa7fcdc1d4b91fa,0.001104652,0.0012026065,0.9964688,0.0004959645,0.0007279944
5d087f02d1541d434bf4a32e539c1d0d1868bffa,0.016834369,0.9803167,0.00087493233,0.0010678102,0.0009062388
5d5311827f2cfeec7edfe2f8870a2b865a07dc1f,0.992512,0.0018158035,0.0025795177,0.0026073765,0.0004853875
5d5634590701455990abe734d362c5d5c7bee90f,0.119183615,0.8755094,0.0020110037,0.001619046,0.001676978
5d8ea177728d8ea79812d96a27219a7d5d2620c5,0.99255264,0.0024221486,0.0030395386,0.0015039464,0.0004816299
5d96d8e3f4ed7494a97ee83502cae3f3f87d7b9c,0.16168408,0.0015758346,0.83403003,0.0015881939,0.0011218076
5dc9d7f6d10704dfcb4fbdc56e4bca75400ab27f,0.19181314,0.0032491605,0.80127895,0.002335716,0.0013230758
5e3775e6cd75950ecfb2dd52d44c0e40b59de390,0.012231611,0.985053,0.00087487727,0.0009561843,0.000884326
5f01334d1c0dbfe04ccecfaa6eec1cc5cc534e3d,0.9885777,0.0034759806,0.005410056,0.002106231,0.0004300013
5f23900038a99e911753e9c154bddadb5d15508b,0.021717848,0.9753749,0.0005855833,0.0013722004,0.0009495677
5f75d7ccb5d7641dfd0c6dba3dc61942ff643b72,0.039215513,0.0014637278,0.95755666,0.0011277724,0.0006363406
5fdef434a2b49463e5cbb4a729574345647a194b,0.0013316537,0.0014147722,0.99586236,0.0005015054,0.0008896753
5fe829f295891aa0dab6a838791b576c5660d6a9,0.0017484943,0.0010099764,0.9957354,0.0005954765,0.00091065717
5ff773a6eeb3180c55f96aa7c5e4eb6183a5273b,0.98720306,0.006103218,0.0008949534,0.005096318,0.000702457
604802030b06eeae31f0f9f9f44885a00a60ca5a,0.011766056,0.0012049164,0.98578805,0.00066282373,0.0005781252
605af423115f4f3a1242799fd315157efcd34729,0.006931648,0.9883713,0.0026867804,0.0007129696,0.0012973405
60a41d7436e2647a15c7d57aadaf1d6fb7e37974,0.98960924,0.0016581601,0.0070077963,0.0013586477,0.00036603233
60e112b51e98a607921c2a29cf2e46d57df95921,0.14797634,0.0031501274,0.8449182,0.0027023521,0.0012530341
61023bd78d026327e80ea3a76d8231e54c72ce55,0.97226804,0.009202501,0.007405257,0.008523398,0.002600759
6104898c110df931c113d79fe356470934a27d28,0.022513265,0.97426444,0.0007809662,0.0014266309,0.0010146009
614fd786adf4a1876a5d5b7c43897e7fbce29c06,0.991355,0.0018494586,0.0050928234,0.0012587603,0.00044402928
617137f0bd56b49da4ed41bc8caf9ac0eae9eedc,0.98687196,0.002098494,0.009124349,0.0014465041,0.0004587326
617227c2d4b80a8f4c20b82535aac34dfadcfa17,0.07913499,0.9145396,0.0012741113,0.0018793402,0.0031719874
618ceb1dd4ea60b89c8c921896c37f3dcf45714f,0.004562174,0.98997736,0.0021216078,0.001865013,0.0014739067
618d36b105582d3ceb1bf8b194f99d9bd3bb2e02,0.02877366,0.96785796,0.0010079291,0.0012556136,0.0011048336
61b4d23253eecd6cf2fe1a8ffd335d2e5f937810,0.79048735,0.003544592,0.20261781,0.0024101306,0.000940141
61d337198d7bc3441d0a5ca14d17c32a2eb922a3,0.028108213,0.9688413,0.00078577356,0.0013223641,0.00094228645
61f0326e3ed61b418db3656ec18884cafa1e705d,0.03434406,0.96240646,0.0007448104,0.0014314598,0.0010731613
624320fff44f833c1c8296fb299ab6825c2c5b42,0.00421737,0.9927862,0.0007302792,0.0010761253,0.0011899995
6263d9a1596e632b0e35af422c6c7b7c19319d34,0.15591246,0.0030309164,0.8379306,0.0021097308,0.0010162217
6290717e64a93dca3056942ef52034b12e2e0891,0.033419214,0.9633907,0.000770743,0.0014120867,0.0010072036
62e30da20c6583c451115b772c017f0ad8837eb4,0.004723275,0.99258363,0.00066869776,0.0010028544,0.0010216357
62fa2d435fe7c8fd8c397d9203b0efed7702eea9,0.20309488,0.031148458,0.0012893045,0.759765,0.0047022835
633d378a5ddbb5f2b7cc63788a66ba8cd43591ab,0.0042054667,0.99288875,0.0007023752,0.0010431241,0.0011602847
6357380f249a669fb4943a25c1f519152b9c3bf4,0.030177249,0.966697,0.0007643779,0.00135469,0.0010067201
635df35717a0191c013fc3eed105d72f350f89e9,0.9828472,0.008111919,0.0019903397,0.0058157565,0.0012346237
6360d3db5c148abb44efb1722f91ee852935b23e,0.037061326,0.95956516,0.001013049,0.0013433832,0.001017014
637dd71e973595ece26e0c25f9b2a93f4bc494b3,0.03995574,0.95676094,0.0009470388,0.0013592227,0.000977101
639cd49dede254f5fa9b8b5e95f15a6118eadf03,0.0014296168,0.0008654146,0.9965322,0.00048073588,0.000691993
63bc19b4b88d7bb78c33368241e3ecc8617012c7,0.7704186,0.0036098012,0.21751885,0.0057012415,0.0027515609
63f56c8cad492e08f889b57e038a78e5557e5254,0.983423,0.006416115,0.0026254652,0.006626252,0.0009091104
6424e559f393310c073f4d6fe7c78eec68a2e4b4,0.002373214,0.0015277797,0.9945905,0.00046868465,0.0010398224
64871a0691cddf644392c9d099016c4580e226fb,0.97209936,0.017360361,0.0022925239,0.0065916628,0.0016560879
64a93a8c68b5deb4b10a11724d4168953da105d8,0.036923267,0.9597323,0.0008649666,0.001491612,0.0009878229
64ac267142e26e3b5fe2faf8d8a52a92bec46034,0.001278506,0.0009290027,0.9961475,0.0006366257,0.0010084228
64b3100a90d7b579b4f66545e43c10fe9c0d8d42,0.0010639095,0.0011961856,0.99599993,0.0006802361,0.0010597617
64b8e10e63d628388b011950c876f16442751bca,0.0008225342,0.0014549148,0.9955224,0.0006739603,0.0015262271
64fa4e7b5eaa2a99c56443b65507159d60e1e960,0.037766792,0.9589177,0.00090747856,0.0013837394,0.0010242988
657815adacf02df2786a40af37c538fcfd4888c9,0.9671513,0.0020726894,0.029034814,0.0012031003,0.00053805974
6619b1412033a3a2101a83acc0886e7e5eb4202d,0.0012851001,0.00079560245,0.99640805,0.00058207515,0.00092924567
66233feabe9d6522180481e341a021a46f43ce61,0.99274445,0.0025990885,0.0016153873,0.0026118106,0.0004292909
666d159ddea5ec0bb15462f9c781fa72fc2152ad,0.011536133,0.98438513,0.00064402743,0.001238973,0.0021958041
66bc5c0a87bb4f42fc38fed7345879c55cc91a6d,0.990668,0.002021912,0.0048586107,0.0020718824,0.00037953514
66e3665d6c0148cc17e299050f744290b8a3d093,0.0025489263,0.0010866865,0.9947278,0.0006558982,0.0009807813
67739262a5ab2475ae7180e250e62e8d3e7e3db2,0.0017220317,0.0008701303,0.9961087,0.00045495815,0.0008441832
6785befb8d46eba5ab121260b0712c1a47d7f5ea,0.0074462485,0.9888121,0.000702229,0.0011287532,0.0019107214
6789d7f08729f9f8fa244f46b6a7bed62f5159e5,0.026079627,0.971015,0.0007441696,0.001215005,0.00094624684
679aa28fed2eb1a03cbed1fe216be4df18fc1712,0.9737709,0.01495657,0.0017556106,0.008149633,0.001367271
6882c98a5a411b163d838e9aea148cebd5aab5c4,0.025029192,0.9718704,0.0006174818,0.0014427156,0.0010401643
68cfb4cefd190d64520200428b1a773d5ac65853,0.9721523,0.0019821855,0.023866631,0.0015407153,0.00045811103
68cff36caed2898f19953a94b3aed78b29116044,0.021280518,0.9755363,0.0006173945,0.0014853978,0.0010803912
68f2fa12b2724f34f4a5eb70f9a9d61d32cedd5b,0.9864204,0.0060016345,0.0023652401,0.0042682826,0.0009445098
6921316307f25e1f070c18a393f61ca57040842d,0.020678768,0.9761338,0.0005883326,0.0014335619,0.0011654777
6924a0be0cfb962389189d06d94520969f1edb6c,0.033578496,0.96326745,0.0008348943,0.0013237748,0.000995342
697fe27651f3e320d31b68f340d284f4d1ceb3a2,0.027021294,0.9694252,0.0006646778,0.0015975963,0.0012912486
69bb74d66efe6e02fdc08fd29a1ccdd84a09db62,0.07854315,0.0028414438,0.9166076,0.0011335645,0.00087424146
69c800368874c2c6aa0a05203ca693b518288bfc,0.0018115009,0.0009002678,0.99597883,0.0005256346,0.00078369543
69ec582506cb25ebc18e901e321f06fd9013aca8,0.0032050598,0.9938111,0.0007296066,0.00092411233,0.0013302091
6a1392c6a0d3ebddd1de6e260b5862d1a572896c,0.0037617753,0.0019458743,0.9923604,0.00069382286,0.0012380815
6a274eccab7892485536c065854a6da4b496a625,0.9907589,0.0030518759,0.0022143426,0.0033403926,0.00063441985
6a58f97d959a1a061cc94e0ee613986c7d017ad8,0.0038148335,0.9931768,0.0007493536,0.0010282537,0.0012306585
6a8a58f0394fa1b8b9fa401bdd88d3d103fecb47,0.7973843,0.005592217,0.18718885,0.008073308,0.0017613884
6afc6c4f1d14d5569ca59ec6a8366f24617cdc49,0.9690672,0.0014231838,0.027303038,0.0017166872,0.0004899216
6b0cf9f25c17d4548d4efab83260f8038a6de4ef,0.0011875466,0.0009302973,0.99656206,0.00046143093,0.0008587055
6b262ee93120e0a1644994735fe7b346a3a2225b,0.80388546,0.003429538,0.18724643,0.0043142247,0.0011243343
6b9453518b7e7749cff874b821f8d104f0a1ad7c,0.99023145,0.004134734,0.0015181156,0.0035626234,0.0005530562
6ba8844ddadcac56422e8034a0425e7747265d9e,0.006452463,0.98960567,0.0022291124,0.0007265192,0.0009862689
6bbbf6f199215b285ef61d9aeeb1c93e9c560864,0.32147518,0.003133219,0.6713217,0.0026957332,0.0013741594
6c235a74119d55dbd3559b0b7d1bbc04e9f787bf,0.99146265,0.0024792855,0.0030645002,0.002403006,0.0005906096
6c923170e43107bf80cdf29d092a8e2fab805c30,0.035562888,0.9611952,0.0008153905,0.0014352537,0.0009912627
6ca7be5ba4e89977b21edcdbed449805b7588524,0.02632192,0.97051215,0.0007042008,0.0014004705,0.001061268
6cd87e2b10f1c509ad970c519843efd4fea963fa,0.0013680883,0.0009042511,0.9964856,0.00043940762,0.00080268836
6d2bcb3ddb35a2d843625a75e0b35b3d4e334c54,0.9905342,0.001684201,0.0059306943,0.0013786377,0.00047227534
6dceade8d897ae6d1a852562410c6b3696125d05,0.009258614,0.98779607,0.0010982505,0.0008153538,0.0010317108
6dd5e61f60beff3e1b431d679dd5854f6fd8dd7f,0.0017375235,0.0008996564,0.99627495,0.00041674796,0.00067118456
6e21bfa733cef237f87765595749641afce188eb,0.010166378,0.98685724,0.0011794323,0.0008437258,0.00095326966
6e7c9c3cafdf89e02fa3b4a3d5615574bf778123,0.9544007,0.0046048,0.0017072977,0.037939243,0.0013479483
6ea294001b6f78003b2e13e85b0252dfe7105302,0.029331181,0.9675286,0.000957697,0.0012687425,0.0009138409
6ed4417d3de4a939fdb48b3e110d9e5e8b47bde4,0.9909045,0.0026687921,0.0026069698,0.0033819159,0.00043780083
6ee12308a614a08079b7e7884e9b154437eced0e,0.04013908,0.9564694,0.0008113816,0.0014967377,0.0010833365
6ee3c1053c82b37f43a87086e0496f11a1cd9fcf,0.000864045,0.0012670382,0.9959273,0.0008124882,0.0011291304
6f1c14f17352c43f8f613478bfa9094fe6081c95,0.99337596,0.0021247375,0.0024029452,0.0016531319,0.00044319985
6f1d449838e0268bcf3f98b1f75599acb264606d,0.019791286,0.97716534,0.0006493715,0.0012990186,0.001094952
6f2b7f26b1a1f59e014c572ee6f38802da8e5974,0.2316671,0.0021419309,0.758125,0.006258705,0.0018072128
6f487919066078ae5e2d08c7e2b4f593eca6b3d6,0.004389114,0.9929062,0.000630847,0.000994402,0.0010794131
6fca45a91078b43e391fa3181c2d12643fdb713d,0.9603394,0.005556359,0.029398942,0.003651073,0.0010542542
6fd8d72582414959b81f736ce615be6460be48b8,0.9748013,0.013221161,0.002153295,0.008392604,0.0014316051
70c478677047b4b00cecd462c30b55ace1eb086d,0.99042344,0.0041395766,0.0015990691,0.003106461,0.00073139253
7141cc0565e4ade59694dea1fc763addd0248c49,0.045409214,0.9511837,0.0010627205,0.0014010185,0.0009433589
71a2a1345d8a2c4f0207ce2a3dfa51f4b43a58cd,0.9797213,0.010246174,0.0015481688,0.0075462987,0.0009380953
71b9276ee4c3ee28476615bae7af34d619ab1650,0.0011485277,0.00092919834,0.99635726,0.0006165663,0.0009484508
71bd90d681e50bb0e10723525ed6c5ac126503e4,0.0009721603,0.0015872449,0.9956601,0.0006203612,0.0011601197
71fd4d43438e740869f1302716a03863d57bc88b,0.036263857,0.9602453,0.00092485,0.0013762154,0.0011898526
72047c2ecc3dd679c4f0cd8276612934114ac56e,0.0048547722,0.0020070407,0.9910944,0.0008742462,0.0011695538
721a31c9ac2b94a4e71f0680efbc0a8a48388f89,0.0043371813,0.99284464,0.0006701813,0.0010420596,0.0011060218
72239f6ee95fc60332e5551aa9210cb7a412cd08,0.11378329,0.0060568526,0.021275112,0.85107714,0.0078075915
72562d5df82cf681a20660315014691be110e15a,0.014756317,0.001947933,0.98183686,0.0006563102,0.0008025591
727432189a618542e8c5f0279d02042fbf38627e,0.9751687,0.007869783,0.0011418051,0.014611441,0.0012083444
72b0721d459d10fa5f3fbdbc54890e7fc4322857,0.0975559,0.002199947,0.8979838,0.0014203925,0.0008399127
733b492f2dce7e6a7431535c9ac2bff218ae7310,0.96896374,0.0016315142,0.027008433,0.0018433393,0.0005529306
735f520a7acfb1da864d7ed41eb9ca907018a02e,0.0011405494,0.0010683127,0.996223,0.00057631143,0.0009918949
73758ef1f2c1c88bfa2460e56c1014d9cdbd5bb6,0.980188,0.013377244,0.0017915067,0.0035110265,0.0011320979
737e9bc0682fa0c1da5460a75c38d5b5fb9f626f,0.9903944,0.0038753897,0.0015757697,0.0035701762,0.0005842399
7391478a4a6cd67e15d01e0de0280028935012fa,0.02496951,0.97144854,0.0006017397,0.0014995357,0.0014806188
73b484b59fe8ccd1ea387781cfcb307f64626a04,0.0009624052,0.0010026996,0.9963146,0.0005763644,0.001144001
740ddb0b1253eaf5a8f694c1561aab3898f94236,0.8922706,0.002741796,0.101686485,0.002530799,0.00077034405
743280d1f3d59a6fd96d6bab8633f94eed8de854,0.019117605,0.0013233938,0.9781551,0.00076891924,0.00063497125
745d2597fff1e7faed78b9bfe5fd7078b2e8ae76,0.9777991,0.0043503884,0.014981819,0.0021493963,0.0007192549
7460c0dc2c2b4409c875dd838a8ac4d0e7640c82,0.0047640316,0.9888509,0.004057024,0.00083558075,0.0014924959
74d4900964a84fd9af5d4f67a4d7ff23486b046d,0.98642784,0.002040972,0.009322857,0.0018547002,0.0003536302
75174185e289225d5ef42a17ff7541d79409d81e,0.4209829,0.003115352,0.57317203,0.0015880615,0.0011416059
75380a38f0bd7cd8b49565a6c79ac63a7e7a0d64,0.97492456,0.0018241428,0.021538889,0.0013062046,0.00040622705
758cb430b7a1813d360d9183978d8317773815ce,0.99150884,0.0042217234,0.0012862962,0.002389078,0.00059410813
75c582ba616d8f7bb3bc0cbe3a0f2d900d3fe25e,0.036754567,0.9600235,0.0009032173,0.0013758976,0.00094287324
7631d2a4862b8696d037be74ae03ca6783d2d02d,0.03410797,0.96234673,0.00110069,0.0012843261,0.0011602921
7710932bde4ca0ccea17ce889cdc9a97eff2947e,0.0016128079,0.0009810873,0.99601054,0.000559553,0.00083589694
771992f1d27f0aa23708611b5733980796971e89,0.9884647,0.0013425765,0.008442982,0.0013933345,0.00035644285
774e3340401efb155d9fe6b6335d82daa423706f,0.8830979,0.0028327517,0.11118223,0.0020008907,0.0008861573
77a4a170e752706645ab29dad6fba028607ffdcd,0.9868173,0.004366993,0.0015777634,0.00665237,0.0005855506
77c028788501d4cee3d89bdbc6df7c88355db164,0.8899644,0.003000559,0.1046432,0.0017281316,0.0006636567
781b31cc1654baefc49002bd7f5f20fd6f06ece5,0.99326855,0.0014977002,0.0029380876,0.0018602813,0.00043543024
784a31a5aa4c0a985c8a57178b4f926dd0d2490e,0.013345887,0.98339707,0.0014584017,0.0008949924,0.0009037753
784d5231d4e9490ad83bc2d0e437e3b2ffd388aa,0.94489896,0.0021139092,0.050767172,0.0016559889,0.0005639723
78f5d6ab6b21bf131c81d2271eac5f741b454ee1,0.0010856858,0.0025765975,0.99478275,0.00050885073,0.0010461351
790bb0e9ee9dc366865dca419180d5ccd5f4f0d5,0.9737037,0.014566355,0.0017249007,0.008500629,0.0015044851
790ddca5decc331d39c21cddcdd8757fae87c86b,0.0012974609,0.0010537987,0.99621576,0.0005853828,0.0008475783
7920d21b1ccca84da6df5d6510aa6d30300b7fd9,0.9825966,0.013591397,0.0013333034,0.0019570705,0.00052161945
794825ac8ea36a584d28ccca0e5f081dcb149b53,0.0363429,0.9604606,0.0008324615,0.0013927501,0.00097134704
796c2db2137687c4114afdf82a60921372160764,0.99256814,0.0022270689,0.0026126218,0.0021968277,0.00039541104
79b06459a66f92a021e085710b3cd44c286c6013,0.0011282592,0.0010850363,0.9961313,0.000639107,0.0010163155
7a5152f7711ca295a3f854a8bde2563c49e398fe,0.9883945,0.0063547776,0.0017612148,0.0028503707,0.00063911674
7a6ff39cbdda2ad3b37cff9702af218ebde5ed34,0.9932815,0.0023185813,0.0020814096,0.0018261063,0.00049245066
7a7fbfd1cbe94d882aaa08cd5cd244fab33893a4,0.038021393,0.0017678951,0.9588053,0.00084411365,0.0005612037
7a952147c1ea570c66008cd1dd170227c064403f,0.034311928,0.96244556,0.00079598196,0.001424545,0.0010220611
7ad9326bc9500287e796d0f23f529e2dbc2282b5,0.003833276,0.001053346,0.99384487,0.00046017277,0.0008084175
7ade65877708417e5d7e0e781209c4147029c7cf,0.03946795,0.9571551,0.001006565,0.0012798948,0.0010904841
7aed818a1c94c2d05baf2b2ee73b12803878e0f4,0.9914101,0.0031926362,0.0021835766,0.0027670467,0.00044666344
7b281087a160effcf89502a1789c4a61edabbe83,0.027469046,0.9692634,0.00063166185,0.001614581,0.0010212911
7b431d5b6dde0737aa12f92435e0fd3d7306051b,0.0041527166,0.9928398,0.0008291774,0.0009789198,0.0011993976
7b57ec1a95b89697a7eacf7247674a332edf3a44,0.03373299,0.96298605,0.00071670854,0.0015730978,0.0009911718
7b6d3e6f1a05874adc5f5929c4d6d50931fc6494,0.05182547,0.8144559,0.0022565755,0.031052353,0.10040968
7b877dccd9212dff93e51b26105ff48d48d40786,0.9885085,0.005378073,0.003281135,0.0021163921,0.0007158594
7c3b0de651ebf290fca93f600a03a59de64ef5cd,0.042335395,0.95418525,0.0009537581,0.0015063446,0.0010192437
7c6fec764798444ba48b9e29c28907b52a9f7461,0.90049547,0.0026045034,0.09426493,0.0018076139,0.0008275859
7c9c60384f852b1018b03d72d522bbd5f47c30eb,0.0012577652,0.0010417062,0.9963924,0.0004275154,0.0008806379
7ca1b27aba0d373e72143b6d4829b1766cab05a4,0.0012786695,0.0010715029,0.9962748,0.0005575193,0.0008175481
7cf05f7bef40f282ee3505f13f7c8c9400c065e4,0.0014100006,0.0008345822,0.9963882,0.0004797285,0.000887541
7df19dbbe38fc64abb38dbf77823f33eff95a0ff,0.026500141,0.9704268,0.00079633703,0.0012601762,0.0010165432
7e2c139357e1aa60a9eb5f8b55704e9b8c99aaf2,0.98127085,0.0031630725,0.012626796,0.0025391192,0.00040018075
7e628d0421fcb4bb226d1e96075626288b65c711,0.02442127,0.9726504,0.0008059945,0.0012301955,0.0008921546
7e6b5bac0cd7dc4a049dd244f3ae5d3e92e645b9,0.0011871312,0.0010756302,0.9962134,0.00059112604,0.00093270035
7eac2bf5cda2744a31d4344ec96acec36f0a2a54,0.011714354,0.98529774,0.0012268714,0.0009037552,0.00085733103
7ebce418a37093c4bab86409c3c2e0f428e88175,0.9921827,0.0027169683,0.0017679649,0.0029049355,0.0004273753
7ed93ef2f8f44850ba66eca3f0e7cb75f0057af6,0.0031525807,0.99366015,0.00087479915,0.0009903098,0.0013222368
7ef98c43fe16c30a6ccc0740ea9125f15bca547d,0.0191423,0.9779849,0.0009775471,0.0010274663,0.00086775183
7f09297fc1b6574f88998b31c1d81b3e91a18c48,0.9901445,0.0032198515,0.0020687662,0.004058366,0.0005084604
7f9997156d9570ecaffc25844119687e0163c182,0.0061958595,0.99030054,0.0015542253,0.0008483249,0.001101035
7f9c782a3bb19fc187af4483ee8853f27d7ad88f,0.9865969,0.0020493113,0.00940562,0.0015378639,0.00041028848
7fa086a2728956870a846a86da4e02671eb25a7d,0.01172958,0.9856154,0.00087880285,0.00090935925,0.0008668697
7fa49d935dcbc001b9a575a44b671de14baa5812,0.019182019,0.97667027,0.0006788635,0.0023787399,0.0010901305
802bb47bbac63060cc2a31ea488a3e88e898fd24,0.7429323,0.0036552036,0.25031355,0.0022256703,0.000873289
80657bbb29eaf7a9bb0e49ed7e8d6b3f7f5930b2,0.033448644,0.9632981,0.00097612146,0.0013199443,0.00095724146
8073e0fec4423f60bca714433d608d84f98043a1,0.018598314,0.0019204571,0.977487,0.001070985,0.0009232468
809931de28ac84cde391bb4184fe3cbb8a8fb3d2,0.004324729,0.9912034,0.0025225922,0.00077160436,0.0011777057
8099b0a0e3cc5f9932577b989819453fc85d4930,0.9853146,0.0016158725,0.011015558,0.0015615757,0.00049233227
80a72a4970ce34d789d3bde3bdcc1897a4d96d74,0.9895397,0.005042707,0.0024030337,0.0023634692,0.0006512042
80b72ffb6209c77a1b6317a35491a2ded6b52321,0.9899753,0.0021466122,0.0061113983,0.0012254941,0.0005411608
80be339d9c32080b162f55e76cb3d04c646f1571,0.0016436181,0.0008353891,0.9963779,0.0004471515,0.00069595175
813c5ddd13ccdd76a16ecb6ecbeefa0477e6471c,0.004652477,0.99258715,0.0007174105,0.0009940824,0.0010489355
8157913bf8aed60ca8bb93efddb90d2803aa6a6f,0.0035218166,0.0011204308,0.99406165,0.00055628084,0.0007398368
818f42973d933924c2459d0a3051233e8b572558,0.9705246,0.015378959,0.0024579337,0.009811925,0.0018265815
81a21083e49c2c7cb50a59102453bc94da5dc661,0.7933469,0.0026591816,0.20058951,0.0024000255,0.0010043952
81eee390bfa2ba4a6783bf742d7c1f5577872727,0.055070456,0.94058686,0.00070277764,0.0021880865,0.0014518973
81f4e7e4447feb07eeace7a9e61165191bc5fbe2,0.06774021,0.002477094,0.9278475,0.001123075,0.0008120867
81f5fc093364e94b8bd6e20ceef313e89e5a307f,0.60818905,0.0037788928,0.38508135,0.002134307,0.00081644516
81fb4fef951ee50c5311c6f270321d2419f27e6f,0.9729215,0.0038821055,0.02146317,0.0011845535,0.00054872094
82402665be55b87f84aca36ef2f01139a704e6af,0.02656372,0.0011456725,0.9708571,0.0007440486,0.00068947783
825097219ff0a24995bd0c1990e7aad327633d41,0.0010145364,0.0010066412,0.99633163,0.00060050614,0.0010467411
82741a528f701adadc471d3025bb9781b5dbac08,0.020287322,0.96965414,0.0020082267,0.0015040921,0.0065462515
828eb52539fabb6f2a63b32d3f2ae8a783f0e924,0.9851223,0.005222727,0.002032308,0.006953705,0.0006688763
8295a1111aafc032d6aac0577cd2ae74f2d6ef18,0.3700757,0.0025827736,0.62340224,0.0027120153,0.0012271855
82aa9714c0624a02478fcca3f7e098c1a5a61513,0.8569576,0.0067506484,0.1338799,0.001670552,0.00074130297
82beb10b4596758f4a7f7026962e218ff67d952a,0.012729833,0.98445964,0.0010272225,0.0008499357,0.0009334717
832cc72e0de7acae91cea6cfda292a0b29a2765a,0.0013654034,0.0010438287,0.9964743,0.00040876912,0.0007076706
8372eb7514a3de5ef20435e1aabf0808e7f25604,0.0048547615,0.0009144123,0.9930298,0.00058237213,0.0006187223
83833f6832ba25805852cd145ae2a0a1c5ba0001,0.0014134385,0.0010012996,0.99589574,0.0007339987,0.0009554468
8421b52dfc2c73a5c1a5bb5492a9093f019e40f1,0.98094076,0.0044115023,0.009416995,0.0044115023,0.00081923977
84a12a8fb9ffb82c79899838ffaa32cce933a8f5,0.25247177,0.005851225,0.0063143377,0.73197955,0.0033831235
84a84af332d8410a649bdd889722d90fddd46bec,0.026528109,0.9705027,0.0007055707,0.0012801213,0.0009834219
84c6dadff44ba7c6d6daa7a2e59e0b59d46364a0,0.9501979,0.010316256,0.021237468,0.01620204,0.0020463245
851a6548977da40c3fe95f93c8fa63820618640d,0.062085737,0.0017339312,0.9339788,0.0012860341,0.00091550394
8564e8dd4c184aa8f193e7ffd7a19529a2ada380,0.81686014,0.0030904585,0.1763137,0.0025998869,0.0011358064
85b739fb368731cd3a22a740d1b08dc8377200b5,0.0020605954,0.0010146045,0.995426,0.00052023743,0.0009785985
85b9380dd8658400eddbc561f13b9e2602d25585,0.024095392,0.9728819,0.0007722792,0.0013753927,0.00087510695
85fc7c85ce292cf90c89ac9de6920fb23355dd90,0.48599234,0.40093932,0.03418873,0.0064932504,0.07238637
86b0edba7f83c164a8cb1b597e84cbaf473771b6,0.19038494,0.0023365074,0.8046876,0.001599596,0.0009912737
87344c94ad76e7e284ae2c6ea21f2fb4af2d6e6f,0.032147057,0.96457547,0.000902198,0.0013570074,0.0010183386
875b40e7c1a60b0df8559f1570f8f66691bb9cb4,0.0048954436,0.9920438,0.001204302,0.000768497,0.0010879961
87681f25a07d0a804ce9e362e1567a0d587b4815,0.0012462691,0.0009839563,0.9960008,0.00071847317,0.0010504891
8771c61774bafb439e99f54fe2f1ec8a595f6a15,0.35605836,0.0038525201,0.63598365,0.0026868673,0.0014186476
8799b775bb3366dfbeddbdd164c29abdef9d282e,0.69635105,0.0027421562,0.29774714,0.002102484,0.0010571954
87b2eec153fcdc330b4c1bd0afab63e028638377,0.36949286,0.003559262,0.62363726,0.0021885189,0.001122161
87b3e02af79114d65b1f4b982d644dfa8ecd49f9,0.007792729,0.16792268,0.0032996489,0.078626946,0.742358
880628b7c9df29b90860022f0ac69ed3cc1b4d29,0.9617226,0.0028088875,0.032636303,0.0020894276,0.0007428289
8817d1ef9dbe2964ee7ad49511b168e0ca188c34,0.9911839,0.0021959073,0.0012150662,0.0048516556,0.00055358815
88265a7926dd85e77d10f015df7158e877b450a9,0.0031338306,0.9918584,0.0005862474,0.0023713221,0.002050205
88ec6deb265592eacf5180b3720bfd69274b3a03,0.68069786,0.00482543,0.31043118,0.0028813959,0.0011641892
8925998973a33a0580f4b36f6249793330e00448,0.0076231495,0.0012396311,0.9887629,0.000822553,0.001551812
8927230a94cc87b5007f95b83a056838711a8d18,0.024556942,0.9723399,0.0010549924,0.0011769291,0.00087120966
8944fdc054984a2d284ab4b46cae71a7425927bb,0.006474124,0.9891698,0.0024663156,0.0009517784,0.00093793793
8964da0bbf32d72667b4a8a7132c59a21efb5ad4,0.9861247,0.0056418306,0.004296272,0.0032477502,0.00068946305
8971560da841654042f221f023b57627ffb3c68a,0.8901738,0.0022303509,0.10528291,0.0015924041,0.000720562
897bf1448815e1b20b77416abcd4502baa854609,0.016146922,0.9810889,0.0005924752,0.0011309275,0.0010408423
89af600c262bf0f90467ddc60a798c710409ca5b,0.028991766,0.9666609,0.001634007,0.0012095568,0.0015038486
89b3233697a364f36648f5cc762b8871bb796219,0.0047523803,0.9925321,0.0007488671,0.0009411261,0.001025581
8a00e47d47f430d08e977673bb3aa1260773505a,0.17236184,0.003426801,0.8206879,0.002242966,0.0012805021
8a04bf8e4820320ed7dba53cf31d7346ac0cf6f8,0.9801276,0.0023024455,0.015888767,0.0012752617,0.0004060091
8aa6e6fbcd12d694dbdd004d64ccde6fc467e228,0.014171323,0.9828713,0.0011219716,0.00093561324,0.0008997705
8ac57b97d3011dd06d76b12f98d6ba6e379a8583,0.3575713,0.003087562,0.636196,0.0019359243,0.0012091065
8b6d5c21a1cd3fdc808991200d40ed4216fb434f,0.047608256,0.0036036652,0.9423321,0.003554732,0.0029012877
8ba27d258fde5d01ce3a01d3b32e3a77f5aaa01c,0.98824805,0.005393747,0.0009481097,0.0048372853,0.0005728157
8bac789341101abeb21ae2bc647a5ac4537d8bf9,0.007238518,0.9858251,0.0050681266,0.00069465954,0.0011736054
8bb8c2e76969a4d5dbf60a5d57eb04af8b20c4bd,0.20215484,0.0041507613,0.79022294,0.0021512844,0.0013202007
8c0d596e13f61b8f2785d18f7728cd7f59dfd91a,0.031776607,0.0017460625,0.96469927,0.00078701205,0.0009909978
8c399ef2d3cecd969018e5919f079602ec8592d0,0.03963951,0.0019581767,0.95663327,0.0009962397,0.00077284744
8d71c5e43546c487adfe2376024bca4f71f13cf9,0.02228143,0.9746456,0.0010329973,0.0010249584,0.0010149977
8daef43d6364153b91cdbc9ce110c9768d62c747,0.025127139,0.9718698,0.0008260578,0.0011468676,0.0010300553
8de16294c60318a5e14f3d75ff1c31efd33f4929,0.039877176,0.9567465,0.00091788766,0.0014244317,0.0010340264
8def6fa867c1f6fa018a75d9437c96da27ebc653,0.04113145,0.9555441,0.00085616077,0.0014436343,0.0010246901
8e09bf48158e6e3f1895bedab209af94422a38d7,0.0011869663,0.0010598417,0.9960751,0.0006396953,0.0010383279
8e29e7517b9d8cc0bec21b841cf4bbc2dfb1f2c9,0.98902434,0.00497893,0.0018236146,0.0036551352,0.00051790243
8e5d659c8dce795ec6ab2ed7a1b61cd39688cb5a,0.43977034,0.002977653,0.55375445,0.002390276,0.001107248
8eb1126142f953756615fafcbb2cc29557298c18,0.0010758692,0.0010970889,0.9964347,0.0005478927,0.00084445946
8ebd13d8cc5bf38e26fba6b558a3ebb6e425ac5a,0.0013255001,0.0011448866,0.9961125,0.00055961026,0.0008574804
8eed74ac393a9c28b1553d8f19bef476e170be8e,0.0014012186,0.0010311777,0.9960012,0.00060148066,0.0009649252
8f157f16224358eff499e4d516646d594376bc53,0.04237172,0.9540718,0.0007426992,0.0016901232,0.001123668
8f21bba585efc8b1d70bbbce9453745a6f07fe3e,0.0012801464,0.0008919425,0.9964521,0.0004959562,0.0008798309
8f6025914c3d077bae6b408315ada9c4838de506,0.04651674,0.9499543,0.001092901,0.001435189,0.0010009456
8fcfecacd3c47dafbddcbfaeb72a09f51e04b494,0.0013178666,0.0011528363,0.9952236,0.0008668139,0.0014389374
8fe33e7476cb5b7f63150df082a0f91bde079be5,0.38792005,0.0036288807,0.6008223,0.00628854,0.0013402156
9055ab4f12aad23abe3b5dafc2d48c5c293d17cf,0.14690079,0.002195989,0.84535575,0.0039841966,0.001563284
9066fc88715e33b69494562e2417356810a0286c,0.9778591,0.002471677,0.01771875,0.001413831,0.0005366297
907fdc32fd896f08a94c5b27ac8913bda5e0aaaf,0.0018763565,0.001071729,0.9955124,0.0005965071,0.0009430307
90e0b14f284e0319a84dab9ba868a0201b8406a1,0.0070033255,0.98858565,0.0023223148,0.0009766307,0.0011120846
90eda08f48d3f894a1ec1e7e68ca42eec7b9ab9c,0.12004947,0.0025756632,0.8741531,0.0020039706,0.001217846
90f9f6236bf100916598e240422ed7143d336444,0.977843,0.0033849308,0.016239535,0.0019590477,0.00057346566
910dbff5c52c1ca9c7e90f66ac8ccb6fd9f61958,0.027241793,0.96973026,0.0007077685,0.001369599,0.0009505482
914b001550281785098ac4cb2fbf6f1d2ef65a41,0.03489835,0.9618377,0.00080171827,0.0014702718,0.0009919254
914d19fd563923a99daf22b5f4bb076be008a2fd,0.036956407,0.9596562,0.0009573549,0.0014441943,0.0009858172
9153e54b3bc15a1e89adc3fdc502966689bf1e71,0.0032599089,0.9936905,0.00083967025,0.0009579975,0.001251907
915ba928b81b61b9c0e562cd0d444499f382f4f1,0.08855681,0.0018272003,0.9067041,0.0014971544,0.0014147114
91fb902c1e4ec7acc975c5120a24a2d2cb500220,0.004492697,0.98687464,0.0060603623,0.0007202815,0.0018519196
92019adc09c1a28bb28b43afe1815e06f2fad72e,0.0012951569,0.0008780603,0.9963909,0.0004920664,0.00094386283
92053977a6b28dde78f6becc7609e7e36ff8ef9a,0.58557504,0.009409643,0.0046128435,0.39699453,0.0034079468
9228c551e38331bec7142222e3c95cb5f96a0247,0.39533418,0.003838055,0.59695446,0.002541759,0.0013315877
927e636fa2d50337331faf0a3d5173850529489b,0.90263116,0.0020332,0.09185009,0.0026830512,0.0008024573
9299e6433f32a140e3b56adb2aeb3661afb103e9,0.9774954,0.011920084,0.0015073968,0.007702059,0.0013751837
92dce967653e37b0587255194db8191acff0bdd2,0.3849423,0.0030891565,0.60915804,0.0018356345,0.00097489817
92e0f406a48566b9bca344f49c38f8c339c657e7,0.91430396,0.00623924,0.075417995,0.0029015162,0.0011373602
9300f3171f0a4df9abcb3e456046f7562e8be257,0.012649766,0.9844971,0.0010935141,0.0009047862,0.000854963
93090a1272d6e9c4070b181a3dc61b17c6ad7c8b,0.047037955,0.9494071,0.00094159687,0.0015892459,0.001024092
9315a4e62cbf0be09064a1543983028800e3ec36,0.02810581,0.9687585,0.00061670796,0.0015353367,0.0009835737
93528a47cb418a0d319023602d2d1dbe22a14124,0.019047549,0.001271752,0.978385,0.00071408524,0.00058168214
935df75fb21adc0c4008726e4baeb0337fc03307,0.98180354,0.0021393134,0.014173218,0.0013545288,0.0005294061
9362cab7b1f02ae1e56b9b62b23f16bddc55b1b5,0.0010028211,0.0010387035,0.9964354,0.0005764343,0.0009466744
93e4e980d21e107163b60e3d56869b48ef0071d2,0.0009982267,0.001413235,0.99575233,0.0006827288,0.0011534487
93fb42d64b30c15216541fa674a3a463d55b36bc,0.9904467,0.0030898931,0.0017206246,0.004131596,0.00061111565
94b0f94445627a400153dd2edd229fe138391de0,0.99190044,0.0020927729,0.0038173792,0.0018093762,0.00038000732
950827f1535e1865470ab879f625a407cfeefa52,0.43297663,0.0026304845,0.5614088,0.0019817199,0.0010023271
950e83f2fba446a7cca7d0387f3ce3235a596ea4,0.04096404,0.95537955,0.00088146277,0.0015439967,0.0012309816
9514ae4eeea6d081cd345c84180d44defe56eca9,0.02157106,0.9754277,0.0005995024,0.001393885,0.0010079071
952b5f73d99ad910a2b872562ed92deb32f6c9ac,0.0011129592,0.0013424853,0.99614966,0.0004392595,0.0009556904
953dbdc2712c9e869fa8a37870fa62d0c2f12be3,0.01528243,0.98171544,0.0006261781,0.0014221817,0.00095387566
95420db42eb68eb218464930925d3a1c8086709f,0.024007376,0.97312206,0.0007242524,0.001230792,0.0009155408
95a5a039696020101f02fc51d7d34f52fa6974ee,0.27052817,0.0028901654,0.7239709,0.0015349552,0.0010757655
9613558b5ab1950db48f591e88863268163e7e97,0.003378058,0.993648,0.0007438748,0.000938511,0.0012915916
9628e4a159ef849ea6afcde70f6358edd2c20bd7,0.9272219,0.0030477983,0.067233354,0.0017180283,0.0007789267
967e6d875a1dbfd2a8a4fa2aea7ead54b543d3f2,0.015794655,0.0022739952,0.0017813967,0.96896243,0.011187534
96a9bd9d745a09a0d645b2ddac4a447ee969b885,0.02800036,0.9689012,0.00076761853,0.0013237379,0.0010070468
96b36be6ff419d2fb9b35dfc05503e7ed2aa4ec2,0.03555807,0.961065,0.00088497816,0.0015350898,0.0009568896
96e09eb3e3afac7a1ef3334f3df1fb2ce8e3b19d,0.99217075,0.0014122832,0.004557793,0.001440138,0.00041910404
96e14929c32c48d5dd271c99a0206edfa9a6660d,0.00096050603,0.0012442016,0.9962924,0.0005763516,0.0009264197
96f1f0be06407ecf662270dfa3f793b51ef0db31,0.0016517765,0.0011330331,0.99547344,0.0006647761,0.0010769328
96f6511ac646fd5d6cbb923952aa3e7e275b230f,0.991471,0.0036445493,0.0009447216,0.0033987523,0.00054092094
97180137e718b513c96960f856d97ed3b120d0c4,0.03155009,0.9653347,0.0007768367,0.0013957227,0.0009425506
975383d8f1bb6bf4370da455a59e567c5f7e7dbe,0.0017432276,0.0012016168,0.9956488,0.000530617,0.00087569427
978051623d4f7910a4ddd55b99ad5569662e68d5,0.7931522,0.0032892635,0.20054029,0.002056359,0.0009619156
979d205d2bbf709301db8b70852bd10970113df7,0.01798675,0.97917044,0.0009194336,0.0010357681,0.00088767137
97b22e9a72b630f6de7d72e14f2f3000df7dad92,0.025583941,0.9713468,0.00073288276,0.0013558991,0.0009804398
97dc0fe026418693904e4868702f331386900eb9,0.030669013,0.9662746,0.0006535214,0.0013687225,0.0010341753
9827223b6be2be42cff2387778ed07e4112e9a8a,0.01793599,0.9792718,0.00060422067,0.0011601252,0.001027814
9846d89eeae0d807b02a436e2fcf481b3bd7fb82,0.022301907,0.9745891,0.0006708337,0.0012411027,0.0011970588
986bdb07e65310e4ebb424903c153d50422d88b2,0.016125627,0.9807523,0.0012748291,0.000920919,0.00092633086
9892cbd1d2a4328213ac714dfe24a46da3283dfb,0.029822882,0.004582429,0.0016275452,0.95908445,0.0048827357
9895f081172c758e065896489e2fd2af8eff7d65,0.02903024,0.9679437,0.00082917337,0.0012880167,0.00090889185
98a70c388e03db2750c872b65b38f0e7c3b6f6c3,0.003932386,0.9931311,0.00071780366,0.0010202046,0.0011985784
98e92cd1fd1062aeca09bd068ba00e465e9d0cf4,0.028808452,0.9680825,0.0007205016,0.00133821,0.0010503731
9928f7fa825aff4637a52d48f5def4866d638c13,0.42734602,0.49091247,0.0050932006,0.014523354,0.062124915
998feab6cfae08373049d3083ac990f902b93508,0.120033205,0.87318146,0.001397442,0.0025428263,0.0028450508
99aa4b7b310ede62a66fc6797801c10fb3f18f52,0.0013337566,0.0008561071,0.99646145,0.0005067315,0.0008420117
99e05a1c511cbf76e64d3fee419ce7f5635deb9c,0.7892583,0.003403501,0.20428808,0.0021402815,0.0009097992
99f84e3aecfc812d8d28677eb0ea9d0865961a4c,0.98537827,0.004367017,0.0022523426,0.0071126386,0.0008898165
9a3c2f79840227c83eb207ce1b65a9a3eadc47e6,0.9884524,0.006200359,0.0017340112,0.002915288,0.0006978725
9a87006903e08e379a9496f868ce9634843bea83,0.024818234,0.9721862,0.00083443575,0.0012711206,0.00088998885
9aca589737a4007b3036ce3cff316e22c6f47842,0.15076722,0.0030865844,0.842556,0.002154783,0.0014353952
9afc1a2b4d9f515bc9c5fa39575d1cfeb5969612,0.037590683,0.9591179,0.0008152191,0.0015156111,0.0009605627
9b6a30faa2348dfcec47c8384447f699507e711e,0.8905173,0.002445725,0.10228264,0.0035136181,0.0012406441
9b6ac379b03b908107ae8df566ba259fb4a63d07,0.0031936406,0.0009958869,0.9943889,0.00055973406,0.00086186826
9b7dab4354255fdfda8ce0c7e55237bb35f01b26,0.96801656,0.0017848792,0.028526548,0.0011490334,0.0005229924
9b866284715be55e9a191da635240dc1df63bd14,0.0016915797,0.0012718934,0.9948738,0.0008733053,0.0012894018
9bf745ccb5a22910bb6557d9c5065e4f0b47380f,0.0037046087,0.993397,0.00070136355,0.0009756505,0.001221352
9c16c25eb1f2acb33ab0c5ef85bc7cbf4e9200fc,0.0011364671,0.0009421644,0.9965424,0.00051274645,0.00086626894
9c98d322f1e1c03867822cfd101c9c681ad4096b,0.99049133,0.003561819,0.0012430116,0.0040558255,0.0006480224
9c9b00876222cd20f4ff9ae894ead1fa36526960,0.009159423,0.0022238856,0.0027247618,0.97578305,0.010108898
9cc0096196b2d9c6174e4e4ab12b6c05c519efc8,0.028481267,0.9683695,0.0006770492,0.0013892148,0.0010829787
9cc09294223581af49a0ef72482f6a4be9469b89,0.8738582,0.00203683,0.12177986,0.0016065516,0.00071849435
9cd84cd14eb9cdf596d00a96d0fcf35c891b0419,0.019476715,0.97582394,0.0006384263,0.0016160128,0.0024449492
9d13cf231ebaa17077222150aa737ebedc8c50f7,0.9902327,0.0036685462,0.002001383,0.003421131,0.0006762973
9d7bf1ec92ccf34b91c01093b93b09cfaed588c4,0.046434943,0.9501377,0.00091511494,0.0015265543,0.0009856176
9d8f90ae8b33243294ce2c742fa466ed65c8cf3e,0.0018822668,0.0009267983,0.9957268,0.0005255016,0.0009386394
9def047c04147ddcac5d32b2b9638aacb09162c3,0.99251735,0.0028776752,0.002190289,0.0018752841,0.00053938077
9e8250f92f72775c8e508808f215cec4ac703f72,0.98441803,0.008038073,0.0013423131,0.005093119,0.0011084783
9efa7906b28c4f1278f7b2b0736917a6efdcdfbe,0.9910953,0.0037095852,0.001972071,0.0026485336,0.0005744661
9f165429099303d27923c2de8bb5e2efa92f0845,0.0012899623,0.0010736019,0.9962787,0.00056299276,0.0007947227
9f1702b44113e407f4be693ed91b39c61b7a90a6,0.98582304,0.0059862966,0.0019274005,0.005366082,0.00089720025
9f52d77cdae11505ddf4776ae95ac9c0437dd3ac,0.0714322,0.92453945,0.0010846407,0.0016506526,0.001293084
9f67c236515506f0e2a80cb122e08a3f2bbac8c9,0.02829016,0.0018173817,0.9684696,0.000750968,0.00067184994
9fff4a006d27b240f15195970433028b7c317d99,0.9813353,0.008465377,0.0022191347,0.006862169,0.0011180325
a0285ee2657b30b0646d27a10adc4df925397cce,0.034343023,0.9623774,0.0008505745,0.0014188909,0.0010100822
a07a9fc65276c7b3e66356369647d501687ab04c,0.99198604,0.0020186792,0.004291318,0.0013579268,0.0003460305
a0c6401fb1c07118f4bb63f7ece49386769e1a1e,0.031246576,0.96543026,0.0008400439,0.0013702,0.0011128774
a11113e50f5711a29925f618136065af9c3c2dfa,0.9873695,0.0052525634,0.002193875,0.004397261,0.0007868471
a14d8bb64623087cc9764520fae4173e8cf687a2,0.81808406,0.0028263787,0.17657788,0.0016713067,0.0008403857
a19d4b56498ce7889ac847c466c870a987824926,0.051643148,0.001530819,0.94169164,0.001981027,0.0031533302
a19dea4e11e86bff4b9a65ace1bb222f83a2398f,0.026899261,0.96977085,0.0006753857,0.0016505083,0.001004021
a1d391ad01aa22d793b176f1fb8e092e243b1ddc,0.99297637,0.0021615466,0.0027768367,0.0016540817,0.0004310718
a257be61549c231c125c084cc5e8ef087bfc5f52,0.817437,0.0028021657,0.17678316,0.0021028284,0.0008748787
a262992f34139d818076c787fc2b683521768242,0.98045874,0.0027006415,0.00936652,0.0068560396,0.00061809074
a2983bc28b9bd42c33903e5a0a80d0c2494fb88d,0.026958639,0.9700151,0.00093061733,0.0012196949,0.0008759432
a2f6d6ff0f62276e425653dc834074230854ae79,0.9433674,0.002950214,0.051182278,0.0019576044,0.0005425464
a2fecc417616647bc98aad030152301a46a1f21c,0.0015036613,0.0009736852,0.99624854,0.000455022,0.0008191248
a3400257cc6da250b6e3c02112201f12fe88d01e,0.9724969,0.013700274,0.0063510295,0.005989591,0.00146209
a3c8bb81aa30afd27de00f07bc08ff1b9f957470,0.039706413,0.95637816,0.00096910936,0.0017999571,0.0011463591
a3d534ba088759cd569f290427199dae40c00ada,0.0016965348,0.0010658194,0.9958411,0.00059437763,0.0008021692
a3fb0263888145b3e8a5213946f2f77a964238f5,0.0011645327,0.00094306737,0.9965238,0.0004454735,0.0009230223
a4404b8b4c1efc887286ece86cc72b5259cc8b20,0.0013663535,0.0010253522,0.99619436,0.00053090777,0.00088304613
a4ac80773e8734bb7afa1f1e6750d194980b37e4,0.992431,0.0022224162,0.0032925468,0.0016164551,0.0004376197
a4b429ed6e571c822ec3c642fedb7b54e37e1b55,0.9916122,0.0023986788,0.0018177043,0.003670071,0.0005013195
a51bf1fd150d83b6bab3f088f05ae1ad2ba331a1,0.040893395,0.95559645,0.0008816629,0.0015398295,0.0010887083
a563a750d36fcdd1ebe1b64bc254675d689aa6ee,0.003305122,0.00088999595,0.99427754,0.0006764123,0.0008509004
a599038bf7022cb0e9d0d9b9b901b3be58c0aca1,0.020448381,0.9766366,0.00064648973,0.0013046706,0.0009638845
a59a4ee43d81b5eebeceb3b53b8737ecfc87a63d,0.8908067,0.0023095421,0.10474224,0.0014452747,0.00069616444
a5de11781e5f40cd401f20b475cc0051f06e0e3d,0.0011121917,0.0010366768,0.9964353,0.0004911282,0.00092474464
a5f0d36e3a2181a7c9399c83265993b63e4f7868,0.0009852463,0.000994915,0.9963331,0.0005831693,0.0011034234
a60c2d34fa4321a8f1aafc53adcc0bd77e696d91,0.00139096,0.00091489026,0.99646384,0.00049596204,0.0007344174
a61b719feefe1e856ea6db2cefeedeb4eecf7837,0.0034247586,0.99346316,0.0008026017,0.0009521827,0.0013572951
a6317e7e908c3743410f36809b05c91d0597b32b,0.96596897,0.018157283,0.002936544,0.010778208,0.002158937
a63c46f1c92fb53c522c6f26246a5558e86ba3fd,0.19923718,0.0028642553,0.7957313,0.0014402381,0.0007270316
a641973697045ecb002324e5e94e194b5043f695,0.9898677,0.004401934,0.0012193922,0.003903708,0.00060719025
a687352ae1f99b7ee12fb52db8d3eff7b5842396,0.99025446,0.002584985,0.005291112,0.0014136912,0.0004558316
a68e1cd072da13f6815d92b3427e65f18ce0d7a7,0.99138683,0.0032603014,0.001307668,0.0035459427,0.0004992516
a6a82b5f5fd74c15ab95ee41d3b1bdb093dd6d5f,0.0012704398,0.00152349,0.99567974,0.00054747757,0.000978848
a6ab6279c49859a309e7635bf5c9a58cb67cdb1e,0.97604316,0.0020254108,0.019972308,0.0013988568,0.00056024344
a6f9524e2d54f0bb869afdd4df7a74c6304c4781,0.030668452,0.7828809,0.011080293,0.10095156,0.074418835
a71160643f6e2171f2be2e52c11c8332e16b045f,0.0370627,0.95960075,0.00088362984,0.0014398864,0.0010130866
a73018ec3aacba5c1ca71831f183eda81f1481c4,0.0015262663,0.00845432,0.9878005,0.00064879126,0.0015701086
a76cc2dc5b6c59d0ffe466c8dd6f4be22c0dabbe,0.98991895,0.002291631,0.0056332005,0.0016170944,0.00053902034
a7a36eba4e6f2010f4279e58b313181c630cb8d6,0.9800454,0.008634686,0.0009476146,0.009347725,0.0010246157
a8abcecf7e3e2922cdc49468b3f369f2ea295377,0.4136559,0.0037177564,0.57880867,0.0024405464,0.0013770676
a921e2c4247025be7247ef32ab7b4bd02d5378fe,0.005489391,0.991812,0.00063138374,0.0010542755,0.0010128972
a9785f054fc51e55009da4c78d9826333c7baadc,0.9894567,0.0037654485,0.0019194502,0.0042047654,0.0006536981
a9a478475998201d18bb95e7baab0b799cea9809,0.0018363497,0.0012951916,0.995445,0.0005462805,0.0008772267
a9d176ec1baea859c466ad74a87f3d06fc959e36,0.5824016,0.0036506108,0.40977067,0.0032248006,0.0009523188
a9d9494484aee1a859ffc079838829ab27ede021,0.8413544,0.0040832288,0.151733,0.0020252964,0.00080403546
a9e3bd5d1285ae5c79e16310c4712dbb0b2d4d0c,0.009010633,0.02420513,0.012436939,0.012522249,0.941825
aa2e03ee8f11facdfec5c357e0fc987adc1ad8e0,0.985538,0.0019155862,0.010229918,0.001808335,0.00050807575
aa2e45dc757c7fb476722a6ab0ab02d79d17f5db,0.9927719,0.0023344276,0.0021568849,0.0021929913,0.00054375053
aa3d7d93c5d08b69eb8f0be7f58dd3bad595a323,0.0028631508,0.9899216,0.0007751351,0.002387584,0.004052503
aa3f6951c32fe66db3ddcb4ac081606fb3ce5ff0,0.9772998,0.0024130396,0.01854941,0.0013042822,0.00043348
aa4fb0146659d0713351e5ac23315f549bca5389,0.024295127,0.001690859,0.9723627,0.0008297114,0.0008216482
aaaa3de32e2bb82d4f724acec8cb146d3425f771,0.031779334,0.964782,0.00070278294,0.0016662474,0.001069525
aad3c9fa7e5abd75cd4fc4e76c44608a827cda5e,0.8517075,0.004469351,0.13958162,0.00325392,0.0009875557
ab0573c5fad77973d8032da5583ff200d6ded9a8,0.08901879,0.90610933,0.0015710406,0.0015989006,0.0017020208
ab78de95ce2bccf7828f06f62280318fbeef83e7,0.9874843,0.0044867005,0.0037177897,0.0035806047,0.0007306477
ac2d59b08a60925d90bc6b874f55eb637cb91cce,0.9826446,0.0026908494,0.012666101,0.0015726271,0.00042575417
ac37b67d868c42fe1f1bb8787f759efc13dc1f22,0.025317395,0.9716082,0.00084377,0.0012324828,0.000998095
ac3bb264d91b914866cce86bf407c2c014a44181,0.036601212,0.9597596,0.000895942,0.0016771123,0.0010660375
ac4fe2820b4ce072f7a20c5858f93a06497624fd,0.0017550105,0.0012978604,0.9955498,0.00055929413,0.0008379616
ac575d1705d8bdededf8b0937317c85d518b8587,0.044710156,0.0014052845,0.951289,0.0016720792,0.00092340977
aca61929158a49a75faf74697df765aab9ee3ac1,0.003441173,0.9926352,0.00067926344,0.0015232879,0.0017210618
acc1819eff732bb96d4ea17d2f12cc882e42535a,0.0012446089,0.000873983,0.9966186,0.0005078023,0.0007548935
acf29144dcee2f39efefc957007b08ce509481b4,0.031044167,0.9657557,0.0006925856,0.0014576378,0.001049897
ad1390e694ce72d24c9244cb97d3bfde4e5b807e,0.009398503,0.9876572,0.001188485,0.0009130246,0.0008427621
ad5cadab36e5f9bf048ed5ac77460c75a81fa6d7,0.66749275,0.00321424,0.3246752,0.0032299731,0.0013878382
ad8ea9231afb45add85e8d5f1ab90767090ceed4,0.9908065,0.0019390365,0.005243253,0.0016601662,0.00035106172
adc859e0aced36905e67fe3747492b90dcb04649,0.98829496,0.0034868838,0.0023651111,0.005188629,0.0006645093
ae3baa6c34aa523fd2aa4de3c89448efff922311,0.49900255,0.0025132976,0.49511924,0.002283918,0.0010809558
ae53cdc13a51df53d1bfb022ab8cfaff9d86ed75,0.0010035842,0.0011744553,0.9962204,0.0005651631,0.0010364532
ae5922ef2aafcfc09e714f439e0abc8910acca06,0.024818428,0.9721938,0.0008199025,0.001139434,0.0010283882
ae8f2bf59b806326cbf5e9216764fc7c720aa0fa,0.0026439603,0.0008864811,0.9951983,0.00056790106,0.00070332177
aeeb2f9f6202c23e51da33c3bb17aa94773b479f,0.036068555,0.9606864,0.00092708383,0.0013835869,0.0009343551
aef83dc3b29a3f0b134e8d5e9caba49fe411b6f8,0.15028618,0.00242915,0.84480333,0.001580678,0.00090064324
af0c363f7207e4199d3b5cea6cd5ca977ce58756,0.9884692,0.004951897,0.0014803095,0.0043700337,0.00072852516
af7fc5af7f0d17eb6053fae764c19eecb98bb0b2,0.80590975,0.0034047612,0.18771794,0.0021017136,0.00086591736
af9e220f6610cfa4ca22b2ec62261f7ee9e3148e,0.10948893,0.0027733117,0.8713486,0.004644423,0.011744694
affcfab8fa5467f555ab9a19fa296ac7456bf9cc,0.91459334,0.013026877,0.066674806,0.003990471,0.0017146048
affd5449f7828ac42b1e735cdfa59ba404017f71,0.9905874,0.0031559027,0.0018498322,0.0038799322,0.0005268895
b04dad4f1870c0532575b7649af87b09e7a6f36d,0.9892474,0.002517614,0.0013958002,0.0062418124,0.00059740205
b0a5b13388bc58286ae6e8dd9469a0d2c8f63d42,0.0013344185,0.0009734255,0.9959829,0.00064026105,0.0010690988
b0f3bc798d6c3c45dc72a428d2cd9314697bb844,0.008157183,0.9890555,0.0010544301,0.0008414864,0.0008913944
b1807b0293714fd077c5a446e20d392e0c4263ae,0.9791148,0.014794656,0.0014952208,0.0039068176,0.00068858487
b18229823538b034fbd2739a975e9649098aefe8,0.97276175,0.01626596,0.0055518076,0.004487218,0.0009332524
b1e4fe5a56790c796878c91570eb55dff230bb4d,0.0056152577,0.0009335195,0.9922315,0.0006027254,0.00061701867
b1f0d046dc7745107c56d319dda1efa405694316,0.0015253974,0.00088283233,0.9959532,0.00062541076,0.0010131611
b20e138790e88df3b650c1ba95121414e3150d39,0.985837,0.006167368,0.002010088,0.0049628844,0.0010226499
b210cb5997bb7165f8f299435daa3a42f0947500,0.024838584,0.9720337,0.00084413943,0.0013436718,0.00093986804
b2370dccda5fdf4c1454aa048c6a4d295a1609b6,0.03650875,0.960144,0.00083871407,0.0014849833,0.0010236077
b25eb0a5efe9cc31463e649667dd705b8303b1b0,0.022080908,0.30038497,0.0036792953,0.24231079,0.43154407
b29ab6ea95cca4231743f9a06772d8a81b63722c,0.030986771,0.96585476,0.00078335137,0.0013535097,0.0010216828
b2b02b5b8950666ca731e46ec0b4c1fe39652046,0.9358362,0.003361994,0.05781572,0.0022704,0.00071580976
b3302479a4931ff9233a4505882ca08f82504338,0.0010028944,0.001956872,0.9955355,0.00047096607,0.0010337196
b3b7a564d7321ff2407d5ac41b1e6753f93fd66b,0.0035580536,0.99331677,0.00076948316,0.00096232456,0.001393354
b47afab20f73e2fe129051737f4618558ca1fd4d,0.97943497,0.009921973,0.0016866057,0.008233138,0.000723278
b4e7fb790004249f73da1aee9bc92a1691c8420c,0.97475195,0.002571998,0.020259988,0.0018946213,0.0005215135
b4e8cb26e7ddc0899002aa6f037dee20f7f205df,0.9832039,0.00809903,0.0029947811,0.0048231813,0.00087922474
b4f615c200810e27c2cbdfa6e03f50fb48b6629a,0.9471861,0.0025485556,0.048323095,0.0013668105,0.0005753628
b5414650126c64991b9441abd834fc4510a279db,0.017275142,0.0011584932,0.979806,0.0010819455,0.00067838794
b5b953503542609bed3cc9a21010b122b498c5d1,0.0015666953,0.00087284925,0.99629825,0.0004462434,0.000815972
b5c79072d139d556a90f8f71f80fc88522219d28,0.028322103,0.9686168,0.0008527515,0.0012286883,0.0009795957
b5e06fb3570dfc4d48411bcfa9ae2e1e1a2e6632,0.003936658,0.9931183,0.0008197469,0.0009602549,0.0011650953
b5ee075917911a030fd7b05063111f171087ddf8,0.037979815,0.9586925,0.0008966954,0.0014385235,0.0009925513
b5fae332f02bf756db6817cb67ff8e41dbcd1046,0.0015575107,0.0014250709,0.9953055,0.0007561107,0.00095581345
b607fb7459e29da0846b2fd549f08763599a5860,0.010411212,0.9867306,0.0011241793,0.00086869847,0.0008653117
b6382f05521a36b6f8f2c35cbe25bd2ae9e03cbb,0.99280494,0.0028756994,0.0016814808,0.002171752,0.0004660193
b6ea03548c371a68e97e45a854873446c339091a,0.0011895223,0.0012106167,0.9962722,0.0004471041,0.0008805316
b741cfbb458532cd74f866755e1cc5f9eceea4be,0.988617,0.0018752255,0.007246899,0.0018807274,0.0003802318
b7522ce8a3de8e4a5acc15c9dc8170c70d0f94f0,0.07643649,0.9194401,0.0011128986,0.001727061,0.0012834428
b75e1b6f971f0b6c238855dcf6fdc970ef114153,0.036267452,0.9603405,0.0009807567,0.0014438136,0.0009674392
b780884b569ad649ffc2fbe3ffdcb83796ab77e8,0.027359644,0.9691815,0.0006038633,0.0016207633,0.0012342164
b7d51ebc10df58e9ff0d81c7bad4f5ceeaed8d9a,0.9830815,0.007276763,0.0012016082,0.0075610965,0.0008791153
b7e0f66356a10621a0df84622ee58ef7317a8031,0.96394247,0.0014778122,0.023682414,0.010030214,0.0008670659
b7f794d81866ce8cbdd35c58563e5d21ba9f3850,0.0038299195,0.99321705,0.0007192692,0.000986009,0.00124765
b82a1963807ffd59c94e442c9a77b39427c6b67e,0.0014875494,0.0008617687,0.9962179,0.0005684829,0.0008642971
b8d80e386622a5bfaf8fd9158c77fd90aae21d1a,0.023385705,0.0030660399,0.0010900319,0.96803623,0.0044220244
b8e676365b693078c0084b5e9387a3842d688499,0.9855138,0.0060579185,0.0023241595,0.005201893,0.0009021896
b91cf5580ab8fc273c333eb48d3afca51aed4e32,0.033220455,0.96328884,0.0008349128,0.0016701801,0.000985691
b939657b3a7e388455f3a13cb84e0fcf5e745c45,0.9318818,0.002099088,0.05980637,0.0055574295,0.0006553672
b943eb89823af783fbb796d245ec33dc463bc322,0.022598635,0.97414625,0.00073643186,0.0013128319,0.0012058993
b982ea8f3c0ee1209e2fc014f66a5f465c8e1d20,0.037129954,0.9594663,0.0008513205,0.001497035,0.001055355
ba296ac966f96f1aa18952ccad689ab34c68a926,0.9869717,0.006761487,0.0022406157,0.0033114157,0.0007147464
ba397f5338dccee6292878cc1506924bd3bde22f,0.028666053,0.96801233,0.00079590874,0.0013459766,0.001179728
ba3ee9b441039aace1175fd4a4e6f2e68c76d75d,0.0018284442,0.0008811609,0.99601114,0.00053288764,0.00074637245
ba6b33d571605f4ebfc22aa1de38eb440fd43cbe,0.0021938724,0.0010128001,0.9955983,0.00041241772,0.0007826313
badbe559bce1dc2504aed06e7cf35f63c701e620,0.023239562,0.9738017,0.0006637777,0.0013291345,0.00096579076
bb2035965d75b96a01eb4ade932e13dd12643669,0.07507647,0.0031877889,0.91819835,0.0021214522,0.0014159549
bb56e256de6bb3e5a7d4566a6006a87a1e6495a0,0.0012850408,0.0010285336,0.99636203,0.00051466003,0.0008096739
bb67f1ff3ad9a0ba9e732ad8a0daa8adab7e32e8,0.54377806,0.0045332164,0.44642687,0.0038548128,0.0014070706
bb97ed6bfda31c2f3eca438dc751091299bdbe7c,0.020099204,0.9769831,0.0006183102,0.0012649787,0.001034464
bb9de2e1581f1f5b53149e79675bf150a689fc17,0.93679065,0.0027764435,0.05815797,0.0015681267,0.0007068101
bba94934f7cfa11228693491fb4f1dcc9ec60f1b,0.98914284,0.0025569906,0.0064487075,0.0012645666,0.0005869306
bbc26ef790f4a1a18993c52a2eb8c165c50691d9,0.6289063,0.0025752212,0.36540762,0.0022549392,0.00085587817
bbf28e2db4d0d47a1d4694f14846594ae33244a9,0.0010478535,0.0009805296,0.9964168,0.00057137955,0.0009834066
bc017e6bd7d83c8b6e0c74d446cd7ab529a9a280,0.003761521,0.9932628,0.00078845775,0.00097076705,0.0012164261
bc04d5218726ad73f6e9612e384f282ebf405913,0.031938016,0.9648766,0.0007933305,0.0013950604,0.0009970047
bc2a6e6bb9a879525018c3c43c4adcbc8aa3cf92,0.0014474469,0.0009120022,0.9962327,0.00054351875,0.00086430996
bc2a9e9ee0b1745d4406c09077da5ac273991672,0.0010966483,0.001160556,0.99603456,0.0006749659,0.0010332284
bc3f7e48c85170f013d828c3050717a5a494686f,0.0009626058,0.0011276004,0.9965223,0.00051776774,0.0008696419
bc435aa30b1af7355e1ff47fd9433062d832a3f0,0.4241909,0.5362275,0.0025421141,0.009669083,0.027370363
bc59fbf035e5ac3069ee3a877e2c7d536ad397e2,0.0012263588,0.00090161496,0.99649566,0.00053106836,0.0008453362
bca97783b475ffff043436fd01607984eb389ede,0.0038569076,0.9931593,0.000780714,0.0009985483,0.0012044793
bd3ae5f62cc76de4546975f8b59f74d8b8e78913,0.9697224,0.001938988,0.025578598,0.002295869,0.00046416212
bd65a7355c4891580917237c1883a7ec0447c63e,0.9885124,0.005155673,0.0014264453,0.0042316327,0.000673805
bd8706678fb86ea594ff6589406a400147bf958f,0.9771791,0.009743864,0.0017259934,0.010525345,0.0008257181
bdd900d7cdbbbc83616162e21fcb5770d338782b,0.49945146,0.04025362,0.0052020736,0.44162604,0.013466824
bdf43ae46589b7b5cfbd0ef5832c0c03f8b9f6b4,0.9796141,0.0018690681,0.016855191,0.0011605307,0.00050109165
be566a7ad37160a761be7e73d469acbe9b775367,0.001508236,0.0018398265,0.9953837,0.00044583375,0.0008224196
be7413153d0f555f0616d4606917167f2c8ee2ca,0.001067239,0.0009345057,0.9961941,0.0005563864,0.0012477288
bea74a5ec769faf97fab64087a4b5289a5d15041,0.0034503506,0.993583,0.00078181026,0.0009560248,0.0012287596
bed4cf019dbc672c9bc022f835928fc09d051523,0.022111448,0.974796,0.0006909244,0.0014442351,0.0009573818
bee828e72df09d02d66c07c1d9f459534f35232b,0.024816392,0.972114,0.00063599914,0.0013622812,0.0010713572
bf35626b5186ba5c90d24bc102099569e99f2c05,0.9617007,0.0017560011,0.03452055,0.0014543553,0.0005684224
bf89671f753e19f5467f79fb9ab2bb9e40ad0665,0.0022752,0.0011230109,0.99537814,0.0005537633,0.0006699259
bfa451a648def2c224fc61df21474efaef897a31,0.8496454,0.004537595,0.14198999,0.002636437,0.0011906585
bfcada19f8807fbee284f3b4a72397bc226f10b3,0.044604335,0.95182186,0.0011386717,0.0014836582,0.0009513958
bfd4b483a02b1d0b52e26f3b5497bd4f242513ad,0.007080639,0.9785532,0.008732757,0.0009648334,0.004668605
c0120e482e4c0f6c32d8105ce88c91324380bc01,0.3765923,0.0027868536,0.6172683,0.0021325853,0.0012198663
c021db26b2e37b3f2a09404dd7a977ed10f9e0d5,0.029472467,0.96745354,0.00069380325,0.0013824899,0.0009977169
c03cf0c5372f5da45dbbd8e266aeee554f847deb,0.0037672769,0.99332654,0.0007392897,0.0009727274,0.0011941405
c05c34f3fda6ea06133fb099c75f6de4f25dba0f,0.9860589,0.004019971,0.0015658105,0.0076738624,0.00068138505
c084633acbddaa388df517640ec629295f8876a3,0.022756461,0.9742667,0.00080733385,0.0012688747,0.00090064603
c08ebda618fa715ddd15013c479b562f9c144cbd,0.17226909,0.0027146614,0.8218499,0.0020652052,0.001101115
c0d6f9e76d5d1d7bb71be0fad0c707b2ee7b72d4,0.9801937,0.00276124,0.0133544775,0.0028461104,0.00084460137
c0d839e08d58f05623136df040c86a952094ae6a,0.0013284953,0.00091573945,0.99641526,0.00049111835,0.0008494054
c13fcf9178304e135f3e669820bba80bffafef88,0.0034155499,0.0013421281,0.99394155,0.0004985867,0.0008022043
c1e54fa1948147cda67b7c5942eed3adb342d163,0.9725202,0.0026866344,0.022693496,0.0015248302,0.00057481736
c1eaa52ab811b58d7c793bcb8ee23627f62f236d,0.99251467,0.0033841052,0.0022204341,0.001489274,0.00039154736
c250188cc8c62897d66a75f9cf6aafb4511d93ac,0.054650415,0.94165266,0.00089812884,0.0016136453,0.0011851888
c2dd1cb278640f47912c39b1f44ba384af0f10ec,0.7272526,0.0031453164,0.26649827,0.0019077309,0.0011961615
c30e757b47e395f6c3082add4c0d36d5aa90d38d,0.004387104,0.0011573696,0.99329984,0.0005356051,0.00062010053
c32f70cc6884db6746e94f34ea7616a142bef90d,0.028132211,0.96872205,0.001051067,0.0011991847,0.0008955203
c3a8394f51b0b80d29717771dfa1a40d9925c68c,0.004413026,0.9906675,0.0009979904,0.0012702317,0.002651271
c4415f7635fb0dc156e29649fbe17ba7e5682939,0.0043548886,0.99276924,0.0007388749,0.0010278316,0.0011091825
c45c169cb961154f721a52902b8a8d16b11b7459,0.0009043069,0.001035781,0.99654704,0.00056149694,0.00095141475
c48d70d817412e621643e01c8ddaac811b72a15d,0.03125466,0.96568,0.00082079665,0.0013180493,0.0009264583
c4992b42a931a21500dac80c7e3c1b4521e5b2a8,0.044436038,0.7365021,0.19591744,0.0048855753,0.018258788
c4ee26a3ade8064a2ec494996e836900fd32dd8e,0.99186677,0.0032459912,0.0011455866,0.00329389,0.00044774287
c5433fc034f8a897f01886f4da50af0343f17c59,0.03338976,0.9634821,0.0008994169,0.0013150494,0.0009135807
c56b184a370262e2949e4394316b0eba85d24e9d,0.013695792,0.98339844,0.0010659494,0.0009090877,0.0009306461
c574e96247af7a6f91a52a8928319771b9c028f1,0.10635402,0.0025530306,0.8887538,0.001484813,0.00085432344
c5b111fe50620ad97e28270b2899f7a2baa7155d,0.037764493,0.95885926,0.0008149992,0.0014815489,0.0010796984
c5f2231a19f4fc07bd3e00e76fd4f05da54a27a6,0.00090924674,0.0011516428,0.99613684,0.0006717472,0.0011304714
c66c79a9e65198f5eebb4990cf76972f6bd6ace8,0.033922225,0.9627304,0.0010651682,0.0013217453,0.0009604218
c68c9d891fd782447aa4a031fd3179a4117823d3,0.6834202,0.0036928803,0.3068407,0.0046956716,0.0013505978
c6c76cebf43bcdf6d7a0354fca7a517a33137b33,0.00219061,0.015859904,0.9763189,0.0010247147,0.0046059266
c6da0c74dd1d4f5bdec3e41d22dfa5a0ed9c055c,0.009719416,0.98681927,0.0007727059,0.0017464284,0.00094212755
c6f39cf418b301b3af64c02f844da9241d6a69b0,0.9923815,0.0025566095,0.0019026957,0.0024502778,0.0007089055
c7895f6cb2b5db18f44b5b9120b3b5891765775c,0.0013102654,0.0009938814,0.9962704,0.0005877062,0.0008377497
c7a9cfd06b583a9c4c52eeca895c66bf4902c751,0.0053660898,0.9918107,0.0007512517,0.0010470919,0.0010248356
c806d79743c36959592a8d57788fadab3f37ec81,0.9890534,0.0016251751,0.006990834,0.0018325945,0.0004980765
c83e9738ae5d1790ee85b99863deb734e7614c52,0.96530783,0.0016333141,0.031120813,0.001395684,0.00054230436
c849c5dfc1bcb2d2525595c792e5e12ec24288ae,0.03682126,0.959889,0.00075751374,0.0015227663,0.00100944
c84bd2536a962f3330898cb4f19107ec0b580c7f,0.16434567,0.0023951752,0.8297401,0.0022544577,0.001264636
c8957a66453d3bf8c5d9a8dab3d7db47de8712b4,0.8469441,0.0022195375,0.1480417,0.002054742,0.00073983066
c8e49a700f1d664be60760fa1588c40694ca9e8d,0.37506858,0.0041020378,0.61717695,0.0024256348,0.0012268533
c8e892c58980372ff7d5d4253f1ffae2318e9660,0.0017881048,0.0010941145,0.995676,0.00046192194,0.0009798006
c8ead25b9e3c3f05fce76e1f1d102964c5e038ce,0.98687345,0.002341043,0.009166786,0.0012050655,0.00041362233
c920cdde9b65a124de592bf659ff27baef9da5ab,0.0011527165,0.0011986356,0.9960925,0.00057398947,0.0009821268
c92bba121202830c4f14119dfdcba813f390f271,0.8207859,0.0037567094,0.17238241,0.0021615145,0.00091345696
c96036221d1bd893a7e51932123e8b03acba5757,0.9537461,0.0019163775,0.042440064,0.0013391541,0.00055824243
c9848c9c75b92481a9afdf7fea3578176468e817,0.0016341847,0.0007419995,0.99599445,0.0006922953,0.00093705975
c9e22427f4c7aa646ccfffac8f18cf52d73e446f,0.992786,0.0019928736,0.0032379136,0.0015505367,0.00043267602
c9f91af501aec7b0bb4779d58f74c551697bdf1a,0.6183864,0.37142536,0.0017885593,0.0046938546,0.0037058997
c9fde22724acdcb871ee1090ed615496ba205e87,0.776408,0.003956585,0.21602224,0.0026049477,0.0010082275
ca02cd38409dd53ab400043d6f2cf12c9f0865c8,0.032576147,0.96417767,0.00070509163,0.0015191494,0.0010219027
ca18d2404b1358d24da0aeb79cea4ebc842ea694,0.6815842,0.003020657,0.3114431,0.0027422938,0.0012097762
ca2532ca69d48b19310c8f7e3ef90e2fa198cd80,0.97009575,0.018611534,0.001583165,0.008407328,0.0013022759
ca6f551f8ba46016386c7f4a13b7aa5d4821b3c7,0.0038737005,0.9931097,0.00081336056,0.0010221772,0.0011811235
ca8150df84803ae2614d5212c9955a5a994b4d21,0.99279165,0.0016281345,0.0036807212,0.0014608763,0.00043863463
ca967afa4e839aee8db005d7f1a4245103e3fbf9,0.0038952418,0.0010748253,0.9935255,0.0005172199,0.0009872788
cabf893c95f15a2f07d9f520d21b10f056b43dbb,0.022145791,0.9744051,0.0005182823,0.0018939471,0.0010367845
cad9dbc323820473785d6629d41d64c86f9a2ea0,0.03227228,0.9645576,0.00071647746,0.0014151783,0.0010384043
caefdd4de6156e38ca33fcf4d4a5ce3dbd665d2b,0.2740991,0.004353202,0.71513695,0.0047904034,0.0016203308
cb1208f8dbacecea218e0cec2d76fa1b4ac4d0a5,0.9804498,0.0026073228,0.014401154,0.0019854847,0.00055621634
cb21ab88bb966afd1a426ddaad8a8e0cba32387a,0.001679272,0.001201881,0.9958676,0.00052148587,0.00072968984
cb8998305b3b5c68ef7cae28ba51fc04cd86397d,0.9915559,0.002698071,0.0016292871,0.0036430822,0.00047368678
cbc4b663926fd8a24a60085869830b17103347ea,0.021002823,0.97606,0.0008492931,0.0010704664,0.0010174639
cbc6e968d7f5931833b773f3e3c04de513b9e96d,0.002236681,0.0015737015,0.99490696,0.0004352974,0.0008472919
cbfacd101b49a5684864f5c4f2634f4fa4b8edff,0.031192368,0.96563965,0.0009049591,0.0013348331,0.00092823076
cc0be3b0ddc900c3ef969bc8305f851a44de9ad8,0.0013723093,0.0012157987,0.9956632,0.0006545945,0.0010941004
cc177c2cd2b1d4af25745d9084dc24e7008d7210,0.9226197,0.0023252296,0.07276086,0.0014881439,0.00080593553
cc1ec6952a5227b4dc799f42536bcc4ec534fbc4,0.9906775,0.0016599499,0.005951135,0.0012978301,0.0004135979
cc3864d11bd5e88a6d463d48ba99c2a437dd4880,0.025466438,0.97161824,0.00091770367,0.0010834332,0.00091412594
cc41b5ea1ad863f38e63cb94460ebffb9ffd9340,0.015625993,0.9814906,0.0010241244,0.0009984487,0.0008607165
cc62e7b9e1a98777caa8883a4cc603e5104f2d99,0.0013621687,0.0010608581,0.99605715,0.00058643386,0.0009334652
cd548c8c2d5b494e374b79688dbe2ceca2702b53,0.0014127118,0.0009785568,0.99635625,0.00045152978,0.00080101815
cd667821afeb639c9365139b43854a9005098104,0.023524487,0.9733055,0.00056746986,0.001551608,0.0010508962
cdcf6391e0c55304d97baadc9273c372a85cd0c6,0.885269,0.003795223,0.10739531,0.0025704852,0.0009699461
ce2de362a163389d83e83844a32d5cdf6363e39b,0.029523147,0.9672262,0.0007968172,0.0013794682,0.0010743309
ce8a1578c0eb95557e98c1a651c5c054cd7c2765,0.026000114,0.9708948,0.0007661992,0.0013473505,0.0009915354
cf15d4184bc43b05e11237cd90503368e41819c7,0.04284905,0.9535791,0.00082327495,0.001705828,0.0010427516
cf259ec891e9093c9c66a8c25a6eb2e1d607a9b3,0.023463158,0.9736164,0.00082754233,0.0011750268,0.0009177966
cfb169d1dab1642fde37e4151880d6d9b606f313,0.9889417,0.0060243243,0.001795192,0.0025891326,0.0006495408
cfb84f64cb1fe2940b24dcf30a77897721483b16,0.005533457,0.9887897,0.0010812548,0.0011068961,0.0034886296
cfe2db107b6edc3ceab4c5c08fd38a1069b98730,0.9904122,0.0029627252,0.0014890245,0.0045708683,0.0005651699
cfeb39e1ea90be9bacb1e6e739c1a90c2137255b,0.0038683098,0.9931814,0.0007327134,0.0010083701,0.0012092204
d005feb68474379f5904014bd2b0720518f05e1f,0.0010698715,0.00089478446,0.99670273,0.0005098328,0.0008227056
d00f43ec6efe6e239fba779b331b4e0856bc93d3,0.97522813,0.0065135355,0.014245986,0.003339809,0.0006725859
d013a5976e3a95c6d82cf4dd528bacd57cbcd56e,0.98488945,0.0019143255,0.010909127,0.0016993142,0.00058784103
d0433b4a961d0b447b8adc7a01064ffb00890e07,0.6165565,0.0031759138,0.37689346,0.0023440598,0.0010300617
d05787a28af810bd7d7c20856fea4fef17b8f0bd,0.075917065,0.9194559,0.0010557494,0.0019801194,0.0015910706
d05e335c896be1d68c0bd54cc29a25c079cec9f1,0.0011201234,0.0008817744,0.99670464,0.0004827009,0.0008107437
d06dc92d4151980ea5fc69c70d753ea20c069b06,0.61688787,0.00452956,0.37562582,0.002102331,0.00085441006
d09fdb4125b7dcee205889074ebe3992797da98b,0.89156616,0.0024533926,0.103004895,0.0021906332,0.0007849176
d0a4732b7965d6da4efd4e12808c3ee5773ff34c,0.612277,0.0030419454,0.38165933,0.0019601951,0.0010615848
d0f6014f7cefd377168147483e5a9b89e375b468,0.028002122,0.9689622,0.0007858716,0.0012944185,0.00095537695
d112ebf682f1338aa5a84b25a9158ff3f318f47a,0.0023046779,0.0009393942,0.99555486,0.0005368211,0.00066418154
d11cb8cc53d729efc6236f7a97aba5d8504c6077,0.0054168305,0.9914179,0.0013798678,0.0008135625,0.0009718069
d16693fe7d8fa0fb9400a9550bd4a26fe3b2fa9e,0.0011916148,0.0010423942,0.99607736,0.0006267116,0.0010619162
d1857540dbe5bcd867fe8fe5bd9e488f22c8a075,0.032451738,0.9642547,0.0009507354,0.0012843616,0.0010585524
d18d4f31f5e03258882bb8a77bbc214763c6b73d,0.4033823,0.0035972085,0.5892149,0.0024174112,0.0013882025
d1a8295550eaaf3375cb2db5f38fd59b38d26fb2,0.033041358,0.96372586,0.0009670645,0.0013731343,0.0008926434
d1d0d8eb9e9b1dc3d0ba7ed86618268f64b57427,0.0018641407,0.0014905831,0.99532926,0.00053669943,0.00077936944
d2088a09d9e2c875e2978a9f84bea689f4c028cd,0.1506602,0.003176093,0.84360397,0.0015815197,0.0009781596
d211fc0940d5da1622d7745cb14bc6ccd913bfa5,0.99146456,0.001522978,0.0037437268,0.0026008124,0.00066794385
d214443fbc8db6edf587ca299d2efe6714a57e4a,0.9860242,0.0042665685,0.001666738,0.007145157,0.0008973834
d23e4d425a8e18d559443275b441f7f74f6e6c2e,0.8854882,0.0074689058,0.0045345463,0.100422,0.0020862287
d25c69f99c4b844ffab77f632920e3fa9032be92,0.016320465,0.9800805,0.00048971694,0.001975069,0.0011341868
d26afbd138ff96d9466388b195f7e183c0bff3d5,0.99225557,0.003446582,0.0014110253,0.002430901,0.00045586153
d2d8b08112beff69fb1336e2bb7d569bee31ed24,0.027523672,0.96929586,0.0010537456,0.001242829,0.0008838834
d32197f3db6bfa837d5d87797306a762a3d66d4a,0.028535647,0.9683253,0.0008676126,0.0013333273,0.0009381128
d378367989d05bc8a20d1b5e1a86077a8ad768af,0.04055735,0.95611036,0.00086170225,0.0014729798,0.0009976417
d39ef556f489720d0b268f94aced549e0d89dc14,0.03344893,0.9633063,0.0009609963,0.001363186,0.0009205781
d3dd1bc9e20cb888169900832b4c67546c6a0a4b,0.005362653,0.0011206822,0.99234456,0.0005477793,0.000624363
d3dd7b26dcdd412dbcb68496e4ce7b19aab014de,0.8345002,0.005344413,0.1551226,0.0033739724,0.0016588587
d4077d83a5359394178167ee288176a6fc960751,0.9516276,0.006041205,0.033793993,0.0067000776,0.0018370735
d40b1b5d1d86c0923195cefdac86c4151418674d,0.51782614,0.0022048405,0.476113,0.002478969,0.0013770617
d420024c918fe5694623a001408600a6da4c5b2a,0.9907607,0.0025737088,0.0037210295,0.0024083497,0.00053632696
d42df34f8d3f5c2a1327418a884c4abe2bfb84ef,0.035241626,0.95810974,0.000518652,0.0042586266,0.0018713892
d456ba6139f1e5678a8ab460d827af937d89f412,0.037594672,0.95921963,0.000859454,0.0012814036,0.0010448303
d45e1d8ae9cc6007a0f77a7da0120c5d8a4f69a9,0.992168,0.0017870326,0.004031075,0.0015971996,0.00041665442
d4869bffbe66a36d9ff5e4e32e2f8b36d8f399e6,0.023732554,0.9733219,0.0006468173,0.0013066068,0.0009920746
d4af711bc55f07896229d6026413f2460f1b7562,0.98903465,0.0022918207,0.006539158,0.0016062107,0.00052812253
d4cbada67a83b397ebaf0740f48d1c041e4148d5,0.98312205,0.0021695555,0.011752872,0.0024274152,0.0005280504
d4d02e73da889db1f4fbd9157ba8122d6b1d9ce7,0.8996974,0.002743103,0.0060621137,0.08943077,0.0020665624
d598392e86af429cedd649dd7ef994031e6e58d7,0.8958202,0.0025582956,0.09943434,0.0014197404,0.0007673899
d5b4e18816472105d9a8d077a03032d35fe63ae7,0.001640357,0.0009300947,0.9953725,0.00073648425,0.0013206407
d62b245703125f2e5bf0708694cc53d7f2b0dbf3,0.020504287,0.97644186,0.0009646338,0.0011189949,0.00097030256
d64370a40c913742fa0e76134caee5aa99fe2fd5,0.9885174,0.0033214632,0.0037380706,0.003862383,0.0005607931
d682cf768640d3e80131ca8230dd5bdcb76a0191,0.0040537855,0.99314016,0.00072132377,0.00093986525,0.0011448193
d7e3f6424ffae44050202d881c995e7ad3ca0e81,0.99145824,0.0031234026,0.001502288,0.0034623593,0.0004537194
d85fcaf4a3eec9b797c49c034145a877103cf5ec,0.031189833,0.96556115,0.00094093214,0.0013597213,0.00094831194
d862361974270e180941553285c430746e607449,0.9919525,0.0024492184,0.0030690096,0.0019565048,0.0005727213
d878e173af778553972679125cbecc579fa8c63f,0.5047389,0.003381035,0.4882552,0.0023465531,0.0012782931
d897658c3347a799c08c8a175499e041b13d270e,0.95266545,0.0025235587,0.04268276,0.001629332,0.00049886305
d899d9750e073d928bee63a8b98bcacc71c19da5,0.17165884,0.0035245994,0.82053953,0.0028431797,0.0014338351
d8a53489430e4a34f8de93aa599d5e4dd954b414,0.9816067,0.0019531907,0.014695343,0.0012647746,0.00048005432
d92fcd0792f47772fdfc7b553b26382218e5f2d4,0.010046423,0.0010047376,0.98767275,0.000637404,0.00063865003
d93722c9c7b1c70aadc0ad14da0c332eee58a4a0,0.030290227,0.96653324,0.0008087853,0.0014760074,0.00089175353
d95158fa1adbd3f9b284dda815ec2776c53f1613,0.002829246,0.0008874407,0.99530315,0.00036670314,0.00061351276
d9a08adc801c17e65c72f9158f118c1fd51424cf,0.97825193,0.01389622,0.0012753098,0.005648954,0.0009275855
d9adfbd38a7b1e1906801044e968e63f7d6e7ca3,0.98616844,0.008821151,0.0024732817,0.0019450964,0.0005920634
d9c9feada8b7a022f06510a07a6139875a0dfc0e,0.9918143,0.0028476915,0.001403528,0.0033504888,0.0005839359
d9e12fec63d883964d1822d69200472877cff3e2,0.9910104,0.0038251444,0.0015133868,0.003166514,0.0004846532
d9fdf4c7b9b51b1b538a558379cb7656240dc869,0.75781494,0.0023331894,0.23706393,0.0018135441,0.00097451947
da058bfb9d85e11d0d012e56ebf0b1c0b09b418f,0.04954337,0.9467582,0.000908305,0.00171359,0.0010765342
da5e2fc2250ded2e30b7f4d7cb4602575cfd60b8,0.89738435,0.006147748,0.048562825,0.04303708,0.0048680203
da69c1c34a12c895a3d0a52c57daca9fc3bbf82f,0.020822331,0.97621447,0.00096440915,0.0010874958,0.0009113027
db4d1667675c0233d90ce7f0a3775f900006243e,0.91278,0.0044515515,0.0790599,0.0027026404,0.0010059658
db4d6126261d321e9aaa909a84c72fc968be8d2a,0.022819897,0.97412443,0.00059172633,0.0014029405,0.0010610654
db59ee6c47c0c7a46e5ab2b291c6cd47b98be4fd,0.94327325,0.037625287,0.0030824454,0.013757344,0.0022617818
db842eeeb2c95a8c129df97b9e9904dee2eaa21c,0.0010304329,0.0010466599,0.9962542,0.0006737975,0.0009948362
db8e26fcbdb5a17085dea03bc2491f481ad9a323,0.0019608454,0.0020650069,0.99318284,0.0010609003,0.0017304401
dbdabbad2e58692b8debea8756429438879927f6,0.9838113,0.0074348636,0.0019981374,0.005962424,0.00079325325
dc01fbf43d09af1ba655d5f30684a0735dc34f2a,0.98986024,0.0045716683,0.0015505031,0.003511215,0.0005063327
dc117ed4ce6c089a0ed328f271de10a2996b8c3b,0.9835917,0.0014947412,0.013135164,0.0013229747,0.00045542535
dc562be2f7e02c7a50c95b4df1081eeec758397b,0.9933961,0.0024635852,0.0019046409,0.0018085687,0.000427063
dc649b42fca41df09f2e9402845807aed2af621d,0.0039931294,0.9932006,0.0006447381,0.000991787,0.0011697523
dca334b810b9021828fc7f227e784d99acf23a7e,0.02373237,0.97331434,0.00079559267,0.0012238433,0.00093378255
dcae6506c15134f10d6ae3733947eca0c59deeae,0.70641905,0.0022005872,0.28765768,0.0026183708,0.0011043657
dd65788e513c2abebd1d6072a6f06212dba600d5,0.5740057,0.002737202,0.41995153,0.0021027885,0.0012028222
dd9a44d9a7c5c32955b9a4e9dee9c3789cf44b3d,0.984583,0.005542971,0.0017527108,0.007328916,0.00079232646
ddb6a2a4d384bc99867bf8128d51b848482af361,0.65187865,0.0025371218,0.34150898,0.0029316389,0.0011435704
de165a1a543cc6b94cf0bab11618339367a0b223,0.92440444,0.0016248242,0.07149156,0.0017161565,0.0007630287
de1eedc62bd9c4ff29e72a9dabb604188301c8aa,0.33507898,0.0021459558,0.65862054,0.002644731,0.0015098684
de3b4ba7b7ec43cd2ff2fc819f79030e3ed82bcb,0.8864271,0.0032032053,0.10806217,0.0014751524,0.0008323483
de431a8b564be15671a1bb420f9c90885d96fa5f,0.98891056,0.004764319,0.0016586083,0.0040751384,0.000591395
de6fc0c6a7b8daae7c6367a623b538ab0db67ec3,0.29098865,0.0025077302,0.7035203,0.0021199854,0.00086326955
de72e8c4c5a713eb29d2f3adfe3fbbf98d60dcbb,0.9833999,0.002330526,0.0121516045,0.0015388802,0.0005789819
de794d6f9a08d85f93bdf3bacdd6ada5971fbbda,0.98828274,0.0054869107,0.0010271914,0.0045788926,0.0006242411
dec4101b48d9e34b431fcbb507d867e58901e2b7,0.88201064,0.0026345898,0.11301455,0.0015963998,0.0007438463
df347c2cfeae69ac152b02ce7e9bff4b90554983,0.012809296,0.98433673,0.00071005913,0.0011346713,0.0010091976
df7f7188bfe99d170fe88ec509f980f59e12a9d1,0.9891828,0.003985724,0.0037883767,0.0025076347,0.00053547276
df88a4c1c1e5439bd0125622689edcb436d94621,0.03489876,0.9618491,0.0008534347,0.0014125832,0.000986142
dfcb7266c7b2120312a1dfc4721214e08fec2af1,0.00181675,0.00093518273,0.9959428,0.0005683259,0.00073690625
dfdb44a7d8eb584ea06199cd2f34507b15949952,0.024515249,0.9725868,0.0007965522,0.0012075012,0.0008938403
dfe30cdde4cfd07a58f7c33a7bc7c02aff419032,0.9231139,0.0023355803,0.07237451,0.0015242503,0.0006517418
e006a3025eb8e44f71aa1ba48e75d944be23377b,0.003869155,0.9931559,0.00068294635,0.000971611,0.0013202761
e12fc793103f1e2e1f3c7068587c5693f28a5b9e,0.9911436,0.0028388263,0.003312448,0.0021851223,0.00052002684
e1371921331aa897ad9c9160010babc920ab08d1,0.08977987,0.9049753,0.0013982919,0.0015568635,0.0022896877
e16949b03e8b501dfd54090b527942dbbaef2bd8,0.012561315,0.98383844,0.0018516389,0.0008120871,0.0009365339
e188c64871c9123794e44108d8f463a080147ecb,0.990854,0.0024085767,0.00405533,0.0022450404,0.00043692434
e1916779d87d289a7501d1733ac2a9c723d54ce5,0.033638872,0.96311665,0.000776567,0.001445162,0.0010227737
e1a18f02c3a32f6313461f114ac9e185a85192f9,0.01753589,0.97965336,0.0009180922,0.0010063595,0.0008863763
e1ea2efbc36d9e9a53382bf485ecf6b0579d4afa,0.35325408,0.004596939,0.63841236,0.002306976,0.0014296389
e257f539c35e8adec6a7ddac6e144508fc221ad2,0.0012507767,0.0008571306,0.99667907,0.00043183492,0.00078118884
e2ac0a206ac6f354714408942e7c3f6c2b850b24,0.9709396,0.0024161383,0.024354517,0.0016332451,0.0006566764
e2e6df05b41fdac7c6c28ec85514191bc58b2752,0.0039710426,0.0008903965,0.99375397,0.000674737,0.0007098859
e2f02773f1aaf733cb4aba40fa2d045cbc2d25ca,0.5892982,0.029011779,0.0027828165,0.37531304,0.0035942055
e300ea5c80c5e07a80b6a3cd61cea886d9133e37,0.8708657,0.0035659873,0.12291339,0.0017515541,0.0009033855
e321d86da5ce9207dd04aaca4740c43e55febcb7,0.0011412677,0.0011224772,0.99587727,0.000681482,0.0011774955
e3223e9ae357fba1ab47e00abf6354fa84743887,0.009615184,0.0011081577,0.9860574,0.0009894734,0.002229813
e3738beefd228afcd86a4e82983be99c3726f90c,0.4380417,0.4423404,0.11249841,0.0030931474,0.0040263534
e37486852ad48c993fd7b2be6dcec4e82f790f85,0.02181408,0.9749247,0.0005267247,0.00171028,0.0010242512
e3aae02d6b14d4bced0547ed664fae2cc387ac19,0.060891084,0.0014745953,0.9359,0.0009899965,0.00074437517
e3fe10749268fa621ca1e067c0150b290f722747,0.028085407,0.9619298,0.0006317993,0.0029906894,0.00636228
e4aa6d284907bb7de6ee937eb4ad0b4e9447058b,0.7350651,0.0023441252,0.2595485,0.0019020416,0.0011402062
e4b930664b4ddd4edc29b4c467ab1d5b7a18a3da,0.042817798,0.0017450068,0.95381474,0.00092767173,0.000694794
e500162e1d3e1d6bc81d435bac82983a32f9e0a7,0.4599404,0.002951368,0.52526844,0.010654263,0.0011854939
e591b3ed99fb226ff688c2d687b12dc08a2619e7,0.94637185,0.001996714,0.049426526,0.0015535244,0.0006514111
e5aa8c2c7b65a053ccd0572328dbac5b2c423c44,0.0009617212,0.00097496004,0.99657923,0.0005637128,0.0009203732
e5aa9b439d8d134f5afcfa2f727775a099f018a2,0.98690504,0.001882979,0.008878533,0.001760279,0.0005731556
e5f6ad37f86b76e0d0c75fed1366143e83ca34de,0.04836937,0.9480932,0.000987346,0.0015762345,0.00097393896
e61d77d94952b728dbe1eedd0a106687e6365e69,0.03519278,0.961465,0.0008614658,0.0014272691,0.0010534304
e648c02982810cb9e8d6c36f5be6f719ae4aea20,0.07456446,0.0016521768,0.91819173,0.0044866987,0.0011048946
e69431b75ecbecf075f1fcc5bf20b0dd0255e80d,0.00086675625,0.0012010239,0.99612975,0.0006291976,0.0011732022
e6c7dc5975120947d85b67e82f7ce7ba3451d117,0.99246573,0.0019632604,0.0038476326,0.0013440672,0.00037948196
e6c7e1db8488bd55bf436e8f4cd545ddb5610b2f,0.19095746,0.0024512103,0.80239224,0.002634906,0.0015641823
e6fd4e67adc0b7ca945bb6dab199a076ad7dc110,0.99165195,0.0033417717,0.0017618501,0.002621706,0.00062270975
e7097af7ff806e11fd6426650d7c3c5d159b39a0,0.9933442,0.0023221269,0.0022772127,0.0017206098,0.00033584342
e72f916f832c1ae41fd57ad9509b2a242fb6bc73,0.99039346,0.0029713616,0.0040673236,0.0021100994,0.00045767994
e73af8457a4f14cd9fbca401184bac2de84725e8,0.02049386,0.97642195,0.0011772624,0.0010268264,0.0008800083
e75a4ade4e43162bf822d6fa9fe0656ea1ec4e28,0.026052846,0.9709656,0.0008750907,0.0012244722,0.0008819542
e76ce214e699936abce9910a859e8d6cd9a5bc43,0.014217525,0.982711,0.0004919913,0.0015589711,0.0010204033
e78aa3a954b093085f487fd4eaf89fcf1df84f0b,0.008049601,0.002913949,0.0050842618,0.97458255,0.009369671
e7b2c425a23fe0de6d6f46bbba77ec4b9f982d2e,0.003309755,0.9937285,0.0006727459,0.0009496509,0.0013392224
e7beaaa052746a44db673865d1d17ba1ff872191,0.023081038,0.9737932,0.0007913338,0.0012184812,0.0011159595
e8020af78e466c61d20ed26e4ab654dac3eaf8f4,0.0047585065,0.99253863,0.00074741076,0.00088584045,0.0010695716
e80688b8b17b2261f7d51d27d865fca6bec84f8a,0.0015490605,0.0013484783,0.9947509,0.00095621427,0.0013953657
e8583580fa40064ae071da9a0bc97fdc508fda8b,0.0016124959,0.0022365435,0.99387485,0.0006761384,0.0015999473
e880cde7d5226b2adc9e4c4ff0eb6dfa6e00e78f,0.0010426302,0.000991006,0.99630284,0.0005718724,0.0010916005
e8eb073082f6465208ea2e254f0e30045558687b,0.07001059,0.0022681374,0.9258181,0.0011162498,0.0007869153
e9d4c66bbce9778e148aee25d1b53129aedecf40,0.9818032,0.0017240295,0.014755812,0.0012321083,0.00048486228
ea27a85d79cc6ff80972bfc23bdecdef40ba8cb7,0.021785563,0.97460157,0.0005255227,0.0020764538,0.001010995
ea706674fbaae9551b82344b31b55ce556517e8e,0.97921205,0.009855142,0.0037010747,0.006373063,0.00085871835
ea7aa889f54e92ed4b00f4fc9db56ec8141d6739,0.024841446,0.9721457,0.0008830261,0.0012416234,0.00088821526
eaad3bc3df9ac172818db9f14cfcf0e9e6662c00,0.070914306,0.92052925,0.00071101135,0.0033296875,0.004515726
ead39aa4bceb42944d932dad4a6a79891f35c332,0.9846845,0.007853997,0.0047093406,0.00213514,0.00061712804
eb34206bd75b4b14c0a683375fccbbe2c8a70d3d,0.044493232,0.95223665,0.00084325724,0.0014135699,0.0010131969
eb852fac37dc757ca931882db56983b5d54bba7e,0.99219865,0.0019878084,0.0014206226,0.00392438,0.00046847164
ebc0e56934c13deb79e35123979264c53f8c7cda,0.96961975,0.0017566832,0.026633702,0.0014407809,0.0005489991
ebcd63f41ae689fcbd70ab70a603f10b42a33904,0.039350536,0.9571076,0.00076721335,0.001690541,0.0010840595
ec03498954ca9c39330e1915490eb04253cdb7da,0.00104637,0.0019434558,0.99112695,0.00308297,0.002800231
ec476f53f999ad8c6632c829df4afc927e7efc53,0.017097702,0.9792586,0.0005426715,0.001914566,0.0011864617
ec5209f2abdc6f20f336d9b4130ce9b81edbfc49,0.023710107,0.9733514,0.0006899005,0.0012889038,0.0009597046
ec97d5e982ff9317f872c8be79281574e4ca37fe,0.0013216323,0.0010302939,0.99611986,0.00058647076,0.0009417649
ec9d2cb08c81b7a4ffaeea94fea338e223c660a1,0.98217094,0.0022188565,0.013975754,0.0011911528,0.00044336604
ed5996a2b94dd61d228197de899d405f6ce122da,0.9025778,0.0042331666,0.09006822,0.0021182015,0.0010025237
ed5a10b4df0e2625156ae899979d7921228a2843,0.8614057,0.0048923227,0.12891477,0.0037547385,0.0010325207
ed687138aa65a945c4c16dbc02025eb2cb7a8e2d,0.0015632899,0.0008278282,0.99607617,0.0006523129,0.0008803584
ed6e6e201b01f90f3a197fae08f3d7ad7399e103,0.46065667,0.0033956554,0.5322878,0.0025681863,0.0010916946
ed8f028ad0bd33a4633c0af204c9cd518a0f61c4,0.0013745984,0.0008452131,0.9963505,0.0006087842,0.00082081027
ed8fbbfb7beb57d8d8db7710cc484db60c9b2450,0.99305177,0.0029145868,0.0015585432,0.001974035,0.00050106767
ed95bfe5d2e2552bb71581187b600752afc10cf0,0.023505943,0.9734886,0.00083067216,0.001276558,0.00089817075
edc7d7a099d7237c7858c199d36bae3b0a5aef3e,0.003893375,0.9931705,0.00070877664,0.0010403678,0.0011869775
eddaf8862dbd3127a856e2308b5cff614f1b4700,0.0011954225,0.0009794941,0.99633706,0.0005696625,0.00091835414
edf68af41a6b9d43d8bef6bc884b65262805b0bb,0.0010241037,0.0012908011,0.99595356,0.000599107,0.001132473
ee1bc8402d7fb4a05e02abd348cefd4ee24052bd,0.9926379,0.0028794305,0.0021544888,0.0018213622,0.0005067628
ee3bb82f6852c5817e957792157f482086711345,0.9922551,0.0028755106,0.0017698215,0.0024764256,0.0006230885
ee855eef79ea68e30d6bad50e48dd886d096fa57,0.03880978,0.9578844,0.0009444544,0.0014205656,0.00094077224
eeaf22cf43c18ed2e4775acfc776d788cd80909b,0.023868663,0.97318506,0.00073283695,0.00127616,0.0009373128
eeb3f46451687820864a52e947b0254ffa119b1d,0.010109202,0.00097561354,0.98755604,0.0006537179,0.00070545846
eefa998949eb0f81c8a09fdabe4f01edc11944ae,0.9282957,0.00215528,0.065816194,0.0030157787,0.0007170101
ef3d6339deca5a9f8ab0f7603061bf84b08032f5,0.0015969066,0.0009591601,0.99586856,0.00056828355,0.0010071563
ef401d8f6bc700e007740b081b0042a2a231a943,0.016551875,0.9804801,0.0006352386,0.0012522681,0.0010805773
ef7246bfe17afd6bf195f046c49f0cf923e0ac9a,0.0042324145,0.9929283,0.00069286535,0.0010140373,0.0011323456
eff4265676b9057d3bf0389ddcee6666642ba8bf,0.031969734,0.964892,0.00082655915,0.0013788295,0.0009329627
f0140c66a9e641ac587e754b76288b66473314c8,0.0010693712,0.001093662,0.99623674,0.00057183445,0.0010284042
f0638ce4eb4a8439a27cfd0c58449e40a4997873,0.022477116,0.9746018,0.0007631393,0.0012100028,0.000947889
f0891b93ceb5fd96ad45dfaf844732d2eb85237c,0.0009767979,0.0010770013,0.9965096,0.0005127296,0.0009239109
f0a3241b265d196ef31a1e3ac9e634bff9598fd6,0.021101408,0.9758648,0.00066259067,0.0013568951,0.0010142846
f0b2d119f56cb62554b0d4c1cc8cd3428331a749,0.0063926578,0.0010843991,0.990697,0.00089113164,0.0009348104
f0c847341dba78b37d97647546e9f76ea7b7223e,0.0011033119,0.0010589744,0.99623245,0.0006201119,0.0009851467
f0efc079737afc79cc7a64983a7c4d0c9b8183fd,0.039315127,0.9571807,0.0010284518,0.0014847438,0.0009909861
f102d2906ae65a7f7b26e7b9ada0ee3563a9fe0c,0.0009254938,0.0012551557,0.9962691,0.0005257878,0.0010244282
f134dd31dc6dfc74578a8ec7528166271df04e3b,0.6820656,0.0031802563,0.31105494,0.002639101,0.0010600636
f15b41713d6addb3efe05f199414ea90d4556d16,0.03075217,0.9660602,0.00074472325,0.0013657486,0.0010772356
f162424b52b6ac892463728376bc106bc114837b,0.036616158,0.96015155,0.00086873135,0.0014018522,0.000961598
f170d81723bcd79533a7cd7dab303f6969610815,0.0010183296,0.0010893123,0.99615806,0.0006491889,0.0010850654
f170dfc1da299cecdf2576577d6f01f777b5b609,0.9890975,0.0034088765,0.0019815953,0.004774536,0.0007375813
f19c681417273371191c2bc2b11106c3e4f9e83d,0.005257139,0.99205196,0.0007588086,0.0009019879,0.0010301025
f217464dc5d9b52290742385e671ad257a9da152,0.99035466,0.0038132917,0.002213439,0.003139793,0.0004786898
f258bcdd72e3ca83fc9b6dd5d3cdd1214cdff164,0.46435276,0.009798664,0.0030682678,0.5190357,0.0037446644
f2a1424b0af3bbe1ef0cbaa8aa2edac6c332f783,0.9867634,0.006037528,0.0014407063,0.0050138487,0.00074451463
f2c0420b2c4187b04721620e49d833d07e18c638,0.036408402,0.96031415,0.0009303516,0.0013431194,0.0010039872
f2d8f23c36282f00b4bc1ecbb96534420cc0165e,0.051066913,0.94492495,0.001236684,0.001500492,0.0012709661
f2eac9ebe106d83690d3e9bb49f5a52873948624,0.100820646,0.010051071,0.0011310076,0.88467306,0.0033242158
f34418e595f4e6e13c36aa5383e3302cb20308f5,0.9881797,0.00712068,0.0015149702,0.0026770935,0.0005074515
f345dd03b7a1b1626696b726d924ecea157e1740,0.025194963,0.9716423,0.00083886983,0.0013120174,0.0010118701
f37987ce590d1a8cbb9073a6d99bd4819d1b54af,0.98396206,0.01015389,0.0014807724,0.0037720646,0.00063129934
f37f3e61afb7593223b6daf35914a45555a613c1,0.8444716,0.0023306166,0.14588982,0.0064539197,0.0008540433
f415febfbe939d60168894805874ecbe2ab4c556,0.99065864,0.0023684537,0.0026655253,0.0037443386,0.0005631067
f416d7d29a6f7d9920133443d958c40689224bed,0.0013414827,0.0016646181,0.9954058,0.0005941178,0.000993989
f416ea86f0a10199ef8874552936e08645507057,0.02604998,0.008442749,0.024180682,0.9329822,0.008344389
f480517dd1d148d87687a50a8c9e558cb31b144e,0.78129834,0.002639336,0.21317832,0.0019215738,0.000962461
f521c5d3a221d782cafd51c2f60e84563862de3e,0.99010277,0.0039525907,0.0014343322,0.0038328532,0.00067753054
f6299c79fea98f2352989ecb51b16455009b7473,0.033295423,0.9635787,0.0008855616,0.0013319843,0.00090833445
f63e3d1d5e4b965b3b004b47f8a4ae3d1e27dcea,0.054793566,0.9413574,0.0009957694,0.0017004902,0.0011528588
f647f4bedb047ba56eb1fee1ff2ced5c9ff54464,0.0017160255,0.0007765007,0.9955468,0.00075925415,0.0012014938
f701545d7209c336fa3de1c09677dbd702e6e354,0.0051652896,0.991808,0.001067741,0.000794253,0.001164695
f7256f787a44fa6b2f1c763b54248f77456e507c,0.87725866,0.0026983006,0.11665534,0.0025672044,0.00082052784
f78a1e78c1f5e1e6defb5cdba1b6e3c4ab04368e,0.9921108,0.0023079466,0.0021282574,0.0028891652,0.00056393206
f7ceb05475f9dbc5fb03757f267015753f73672e,0.91295546,0.0031022162,0.0810294,0.001993185,0.00091970386
f804bf88bb8c36c9c43cda946d8eae32bfb16b55,0.028100835,0.0064400267,0.0039022607,0.95112914,0.010427706
f8683bb62ef0932f883eafe899477d3579bc6410,0.7115091,0.003202936,0.2819154,0.0025213896,0.0008511837
f88dd29020381d3e5a08bd5d74a5bceaffe75c3a,0.0013799707,0.0010155413,0.996345,0.00047319382,0.00078628364
f8a787deefcb60af0876c9d7cd565f8a971a6946,0.9916372,0.0025835438,0.0036062128,0.0016342013,0.0005389024
f8c25f6f9f005b6dac3eae76bad8c77a5c4f5a14,0.9879631,0.001899782,0.008459324,0.0012446913,0.0004331044
f947396a25fd49d8dc23960e17ce749db4f65841,0.9781155,0.0031100886,0.015602704,0.0024771583,0.0006946326
f948a1fa1ff3a6bfb7b654ee672d7ce1cfa5ecb6,0.03634,0.96038395,0.0008655539,0.0014354434,0.00097507105
f96fefc70c2a918d4043028e4b3c8f675ec2df36,0.0011027084,0.0009267618,0.99666035,0.0005259943,0.00078423164
f97c4493db2a81b0887ff0c0e4025eb896113453,0.9878757,0.0010823674,0.007486683,0.003128877,0.000426352
f99ecb8f8a7402f194f1be29acf0e099a265f250,0.0040565296,0.99320614,0.00072773977,0.00080396276,0.001205713
f9a70cb56054490c7c5833769b94f5e1fc8b9614,0.028375586,0.967607,0.0009920454,0.0012825489,0.0017427948
f9e5c8ba26def6b138155b99caf13629472ad9a1,0.1325249,0.0025289045,0.8624847,0.0014437434,0.0010177862
f9f6428b55eaf0222f5de2895f304c56a6ea6779,0.018002281,0.97667193,0.000584076,0.0034881975,0.0012535101
fa0d2384c45d1928905ff94dbfaf40debf0d4253,0.040279564,0.9560749,0.0007678838,0.0016066711,0.0012709815
fa50fa69d3ae1e883988b98d3b6384362440bf20,0.98781943,0.002049848,0.008272255,0.0013482672,0.0005102475
faa4b306d93fd9e4b1a6303ba9c7752b30afb12b,0.006287573,0.066355094,0.004672528,0.009360741,0.9133241
faa9fcc129f5cc6f215ac5f02cb26eeaf5ae27bb,0.0012494208,0.0008306698,0.9965714,0.00052185444,0.0008266237
fad1b1200b49dbbfe413c52b0fa05f68e24ad73c,0.9262963,0.0023828652,0.06875905,0.0017881726,0.0007736031
fae51efe623604c00002e037903e85e696f42748,0.99192977,0.0021719576,0.003956985,0.001485492,0.00045571185
fb8af0fb2929fd10c1618b398351b3f3f20a2e0b,0.93238884,0.0028206538,0.062466156,0.001671182,0.0006531673
fbee24aaeb8eb97751d8295e2ebdf1487796e59c,0.042098284,0.95441705,0.00085015484,0.0015743998,0.0010601033
fc280ce20d6b5d89f549c0487e855bced7e2b6e8,0.027373016,0.96965516,0.000738786,0.0012252101,0.0010078305
fc31d3ffa3a4852631c65578752d35c6c0d078ca,0.0022078392,0.0015918007,0.99462503,0.0006954062,0.00087993464
fc4307ec4ff10f8eee99f8243c2acaa35bbcdfea,0.24619971,0.0026664617,0.748051,0.0016015737,0.0014812136
fc535d928b58ec844cab4f6a6f9eb7b80e5c70a7,0.97487646,0.0023171052,0.0212973,0.0010192117,0.00048997917
fc7c9c0b93845f43503478592f92767e7434cc7d,0.01507242,0.9820325,0.0010058525,0.0010561851,0.000833067
fc8cea28fb0ed80f8780c06712f4fba1c53c2bdf,0.002482059,0.0018598841,0.9940268,0.00063279364,0.0009984451
fcd6260c1c048340bd64fb57bb8db78e15a4c831,0.015840292,0.9814408,0.0007959923,0.0010013273,0.00092156546
fcd99bf3242a74a46bea2a8716360468d09f7aab,0.03654571,0.9601777,0.0008387435,0.0014591595,0.0009786772
fcdd932bc76a2bf31fd4cfeeaa522e9d64aa055a,0.0038383075,0.9932075,0.0007537805,0.0010202832,0.001180087
fd18f4bf1d2de2ee3dcffe3f662e5b86f5870fee,0.0011439578,0.0010600565,0.9962769,0.0005707417,0.00094837433
fdae06bb3e1e2a55fa58224cddc2994635cc77dd,0.99303824,0.0025909864,0.0017133739,0.0022194367,0.00043788747
fdbc31eee97116d2a8c8345d96f9f96f396a44fd,0.23397726,0.0022319602,0.76121163,0.001691366,0.0008878124
fe0883f1212cc257918826af706eb607aea73de3,0.032890078,0.96400917,0.00071747,0.0013910866,0.0009922249
fe5316ca33eda434a08bcd5d34a5a7683f36a6d7,0.03012013,0.9667536,0.00084613875,0.001350806,0.00092930155
fe57ec17625aac3c9d4ec1069685945a9680bb18,0.03176222,0.96520454,0.0007602223,0.0013342317,0.00093874935
fe6040d0d0a8da5c4d394655fe9a6e02d40ba25b,0.9875107,0.002340268,0.008086366,0.0015604778,0.0005021798
fe665cee17a0a93d27d4b80cab32f5886694d33e,0.023731166,0.973265,0.00080650375,0.001148514,0.001048802
feb4b0ae88524c9cee3e50f2301d84a235f3c607,0.99117565,0.0035887286,0.0022217736,0.0024187884,0.0005950696
fecf3f14f47237e02721ed4baa4eb6c11abd239f,0.009295544,0.9878697,0.0010069027,0.00084047747,0.0009874274
feed09e13586d12139cd59bc20996a4d29706606,0.028777173,0.96797615,0.00063701347,0.001579706,0.0010299439
ffc0bca6fde8fa0cce1ac3a7b0d746603d441bf8,0.030783728,0.9661077,0.0008707125,0.0012607084,0.0009770582
fffdd6f356ed5b8dba21717f60c53f6520e650ab,0.9710122,0.005259717,0.021037525,0.0021407397,0.0005497875
