id,true,pred,confidence,p_true,p_kitaifa,p_michezo,p_biashara,p_kimataifa,p_burudani
SW100,michezo,michezo,0.9903376392952771,0.9903376392952771,0.005896934433528202,0.9903376392952771,0.0032726287961302707,0.000360539609596992,0.00013225786546724747
SW1000,kitaifa,kitaifa,0.9053870856972355,0.9053870856972355,0.9053870856972355,0.05548368002483319,0.01944682683957287,0.01804009257920625,0.0016423148591522808
SW1003,biashara,biashara,0.9009701820873041,0.9009701820873041,0.07889588290486625,0.015465479240880833,0.9009701820873041,0.0030153153434193053,0.0016531404235297469
SW1015,kitaifa,kitaifa,0.9749437529936908,0.9749437529936908,0.9749437529936908,0.003535770107143641,0.01719463696859087,0.0032253196815976493,0.0011005202489770282
SW103,kitaifa,kitaifa,0.9909626404848729,0.9909626404848729,0.9909626404848729,0.0010664898675708798,0.007480011621087728,0.0003797201487515873,0.00011113787771692761
SW1042,kitaifa,kitaifa,0.9957147346143356,0.9957147346143356,0.9957147346143356,0.001087690246095952,0.001769058519912604,0.0012845125043484226,0.00014400411530746636
SW1051,biashara,biashara,0.7524075238608341,0.7524075238608341,0.1992262518573307,0.04416450303034794,0.7524075238608341,0.0030674099313969306,0.0011343113200903375
SW1053,kitaifa,kitaifa,0.9531552151709216,0.9531552151709216,0.9531552151709216,0.02669561583264415,0.00800602824672122,0.010281087671895358,0.0018620530778178457
SW1063,biashara,biashara,0.8033751118023773,0.8033751118023773,0.1882303261866006,0.005149048504699571,0.8033751118023773,0.0025747634227365457,0.0006707500835860066
SW1071,kitaifa,kitaifa,0.7823112995788521,0.7823112995788521,0.7823112995788521,0.11249332678497212,0.08979047222374913,0.013439560117745337,0.0019653412946811794
SW1085,kitaifa,kitaifa,0.995350276935521,0.995350276935521,0.995350276935521,0.0013582531271183215,0.0026418346700290197,0.0006048479082377217,4.4787359094010315e-05
SW1087,biashara,kitaifa,0.9303499246724021,0.06414142390552827,0.9303499246724021,0.0027022274249107947,0.06414142390552827,0.0024840201180677686,0.00032240387909087575
SW1088,kitaifa,kitaifa,0.7454361714578182,0.7454361714578182,0.7454361714578182,0.00997152252415402,0.23334198064265502,0.009569606305253043,0.0016807190701197388
SW1090,kitaifa,kitaifa,0.9947168247873542,0.9947168247873542,0.9947168247873542,0.0011202538813304375,0.003592912649629321,0.0005131136161646591,5.689506552122489e-05
SW1091,biashara,biashara,0.9735075358444754,0.9735075358444754,0.019484713654047938,0.005768936165507523,0.9735075358444754,0.0008640753248549535,0.0003747390111145354
SW1092,kitaifa,kitaifa,0.9717885686807207,0.9717885686807207,0.9717885686807207,3.991593087187684e-05,0.028094638401208058,5.631917875806997e-05,2.055780844103925e-05
SW1095,michezo,michezo,0.988733163663928,0.988733163663928,0.007913708448628428,0.988733163663928,0.0016309351486772903,0.0014569555144039775,0.00026523722436239453
SW1102,michezo,michezo,0.9966518406705639,0.9966518406705639,0.002210877008117962,0.9966518406705639,0.00021636344699945442,0.000634225155506854,0.00028669371881189925
SW1109,michezo,michezo,0.9704221900445402,0.9704221900445402,0.012737790049308268,0.9704221900445402,0.00777678769678482,0.0072512772863537545,0.0018119549230126788
SW1121,michezo,michezo,0.9856724647796049,0.9856724647796049,0.01283625892465158,0.9856724647796049,0.0007663775719229473,0.0004457680261118981,0.000279130697708505
SW1136,kitaifa,kitaifa,0.430913157745789,0.430913157745789,0.430913157745789,0.12168929808949118,0.16808673949806466,0.2718317377717424,0.007479066894912922
SW1141,biashara,biashara,0.6732079655998775,0.6732079655998775,0.24659688440789865,0.06458606783505433,0.6732079655998775,0.008150301572098617,0.007458780585071022
SW1158,kitaifa,kitaifa,0.9537294835156455,0.9537294835156455,0.9537294835156455,0.007007743200878494,0.03336463587960392,0.005460006591530094,0.00043813081234202775
SW1165,biashara,biashara,0.6213605029616754,0.6213605029616754,0.3676453723457022,0.0064127417492283074,0.6213605029616754,0.003489959311619474,0.0010914236317745517
SW117,michezo,michezo,0.9959763571829678,0.9959763571829678,0.0028479189958820084,0.9959763571829678,0.0005455941419898993,0.0002886356019619826,0.0003414940771981718
SW1174,kitaifa,biashara,0.856665688386164,0.1386101022829763,0.1386101022829763,0.002029680824467388,0.856665688386164,0.0024541410235198037,0.00024038748287243364
SW1202,michezo,kitaifa,0.6817368090603017,0.2869361438094725,0.6817368090603017,0.2869361438094725,0.02510180560150194,0.004421345352052787,0.0018038961766711251
SW1211,michezo,michezo,0.9898979865199516,0.9898979865199516,0.0063305844830497246,0.9898979865199516,0.002571594936194634,0.0008726313395432663,0.0003272027212606511
SW1219,kitaifa,kitaifa,0.5808697228442884,0.5808697228442884,0.5808697228442884,0.09475597870806227,0.2686268083276934,0.05205173030962742,0.0036957598103285463
SW1226,kitaifa,kitaifa,0.7352842728891846,0.7352842728891846,0.7352842728891846,0.001298837268506935,0.2611638665887844,0.0019347614114266967,0.00031826184209754867
SW1246,michezo,michezo,0.9768612027058248,0.9768612027058248,0.004345045636176738,0.9768612027058248,0.008258344135650027,0.008446413010627787,0.0020889945117206093
SW1250,kitaifa,michezo,0.9695173576661272,0.02617901343516198,0.02617901343516198,0.9695173576661272,0.0032739042100665273,0.0006466216862415196,0.0003831030024028507
SW1278,biashara,biashara,0.9759319094625633,0.9759319094625633,0.020423835157466156,0.003091157874790418,0.9759319094625633,0.0002702652171907,0.0002828322879892883
SW1304,kitaifa,kitaifa,0.9915281927845195,0.9915281927845195,0.9915281927845195,0.0035686005593644934,0.0009966164816372605,0.0037903090448245767,0.00011628112965399814
SW1311,michezo,michezo,0.9873776582751204,0.9873776582751204,0.010295189169453286,0.9873776582751204,0.0009405634444829142,0.001072007922104298,0.00031458118883925855
SW1312,michezo,michezo,0.9705000215069434,0.9705000215069434,0.01696572351356382,0.9705000215069434,0.008787704145163024,0.0025830653722007375,0.0011634854621291595
SW137,biashara,kitaifa,0.9789044618574868,0.015631917364475695,0.9789044618574868,0.0032302812648136686,0.015631917364475695,0.0016128365170515776,0.0006205029961721804
SW1373,kitaifa,kitaifa,0.6507144482550965,0.6507144482550965,0.6507144482550965,0.029764998847294666,0.3100818264645718,0.007699761059432546,0.0017389653736043934
SW1384,michezo,michezo,0.9899422913925834,0.9899422913925834,0.008462728143328133,0.9899422913925834,0.0007198296368130411,0.0007305507291780449,0.00014460009809733661
SW1391,biashara,biashara,0.9216824288747908,0.9216824288747908,0.07525037740820979,0.0008996287386467449,0.9216824288747908,0.00174263048298745,0.0004249344953653558
SW1405,biashara,biashara,0.9954992654040005,0.9954992654040005,0.002076085402159331,0.0014180139736796199,0.9954992654040005,0.0006467978890589131,0.000359837331101492
SW1406,michezo,michezo,0.9894903018593717,0.9894903018593717,0.010323047630676586,0.9894903018593717,0.00010017024427343024,5.26698230400419e-05,3.381044263805377e-05
SW1409,kitaifa,kitaifa,0.988460197155317,0.988460197155317,0.988460197155317,0.0009647577180967583,0.010236739821574102,0.00024110573221307075,9.719957279932662e-05
SW141,michezo,michezo,0.9936466461857317,0.9936466461857317,0.003738430776594247,0.9936466461857317,0.0008115420912126674,0.0014467505516034354,0.00035663039485783326
SW1419,michezo,michezo,0.9987575974601901,0.9987575974601901,0.00040549743879084513,0.9987575974601901,0.0003068166275560423,0.0002910733345200203,0.0002390151389428274
SW1420,biashara,kitaifa,0.8780233091369168,0.11855757968079825,0.8780233091369168,0.0009417944731128448,0.11855757968079825,0.0022207515163661065,0.0002565651928062311
SW1455,biashara,biashara,0.9971752522991221,0.9971752522991221,0.0017467104371722757,0.0007359388458023649,0.9971752522991221,0.00023146923885321852,0.0001106291790502308
SW1457,kitaifa,kitaifa,0.8700245399510548,0.8700245399510548,0.8700245399510548,0.025808260088807763,0.09648409424371573,0.005942510817074271,0.0017405948993475047
SW1459,michezo,michezo,0.9987175809249935,0.9987175809249935,0.0005845603505335654,0.9987175809249935,0.00023300637907193176,0.00032509897129465284,0.0001397533741065086
SW1478,kitaifa,kitaifa,0.9871571239702381,0.9871571239702381,0.9871571239702381,0.0005142703126584479,0.012129817168184398,0.0001453192849418858,5.3469263977103556e-05
SW1486,biashara,biashara,0.7281134086048618,0.7281134086048618,0.2495794621828879,0.015823808412559738,0.7281134086048618,0.00430012121175418,0.002183199587936234
SW1487,biashara,biashara,0.9622027110196001,0.9622027110196001,0.03467507012556155,0.0015812260995833427,0.9622027110196001,0.001022595563680025,0.000518397191575011
SW1507,biashara,biashara,0.9522838191551622,0.9522838191551622,0.04734039980082422,0.00016853349100528977,0.9522838191551622,0.00015037090677228005,5.6876646236012276e-05
SW1512,biashara,biashara,0.783756882339565,0.783756882339565,0.21232210739681565,0.0026966426661933535,0.783756882339565,0.0008267609269059933,0.000397606670519903
SW1517,michezo,michezo,0.9982171888406673,0.9982171888406673,0.0006913058254742889,0.9982171888406673,0.0004674662025691246,0.0004137513233946274,0.00021028780789454765
SW1520,michezo,michezo,0.9946139573729043,0.9946139573729043,0.0017849979208203605,0.9946139573729043,0.0016464102925124503,0.0013880323640287325,0.0005666020497342014
SW1529,michezo,michezo,0.9428719029535142,0.9428719029535142,0.03342861633688373,0.9428719029535142,0.0212654867384726,0.0013289803080004047,0.0011050136631289675
SW1544,kitaifa,kitaifa,0.947452750981835,0.947452750981835,0.947452750981835,0.0010136213905358727,0.050417717502685054,0.0009227862849058588,0.00019312384003822113
SW1545,michezo,michezo,0.9864672458883392,0.9864672458883392,0.006324090927196426,0.9864672458883392,0.004060219430019112,0.0016840456837167752,0.0014643980707282917
SW1550,kitaifa,kitaifa,0.9919962123333187,0.9919962123333187,0.9919962123333187,0.0015545742991561458,0.006191301477224486,0.00019814609760821818,5.9765792692646476e-05
SW1552,kitaifa,kitaifa,0.944071486793651,0.944071486793651,0.944071486793651,0.034755637885449685,0.004278959498543098,0.01588561985913236,0.0010082959632235862
SW1586,biashara,biashara,0.7821251179246119,0.7821251179246119,0.19171138904578758,0.018255386805483827,0.7821251179246119,0.005203262270778861,0.0027048439533378646
SW1588,kitaifa,kitaifa,0.9667958407717444,0.9667958407717444,0.9667958407717444,0.016712905563696354,0.01270983560189182,0.0027179915930032545,0.0010634264696639723
SW1593,michezo,michezo,0.9529488607353626,0.9529488607353626,0.0448185441434227,0.9529488607353626,0.0013158957834955396,0.000628653333617948,0.00028804600410118844
SW160,michezo,michezo,0.8353001336237929,0.8353001336237929,0.12913772034463372,0.8353001336237929,0.024457430036752565,0.00966026522624293,0.0014444507685777515
SW1600,kitaifa,kitaifa,0.9624341764716454,0.9624341764716454,0.9624341764716454,0.0008505335392968944,0.03617975678686074,0.00033255108019848923,0.00020298212199859985
SW1601,michezo,michezo,0.9938043531272145,0.9938043531272145,0.005419512612929576,0.9938043531272145,0.0004928510399408667,0.00022702399275189005,5.625922716301066e-05
SW1602,michezo,michezo,0.9879645870919391,0.9879645870919391,0.007759231974873952,0.9879645870919391,0.0018447401862370448,0.0017174208358857793,0.0007140199110639011
SW1603,michezo,michezo,0.9976770442416151,0.9976770442416151,0.0009698131336638115,0.9976770442416151,0.0009622785274531763,0.0002011633260663829,0.00018970077120160868
SW1605,biashara,biashara,0.9748056006632386,0.9748056006632386,0.010846593885314138,0.01189243115699867,0.9748056006632386,0.0017909777515433352,0.0006643965429051573
SW161,kitaifa,kitaifa,0.87970002140178,0.87970002140178,0.87970002140178,0.0010952709990629142,0.11603707400613385,0.002820643202014257,0.0003469903910088322
SW1618,kitaifa,kitaifa,0.9768635657136372,0.9768635657136372,0.9768635657136372,0.0027674368616106403,0.019100911648326058,0.0009439741510484305,0.00032411162537774555
SW1626,kitaifa,kitaifa,0.8409026763834767,0.8409026763834767,0.8409026763834767,0.036463668108926185,0.1109559391697674,0.009750275922980334,0.001927440414849139
SW1643,michezo,michezo,0.9923325214345986,0.9923325214345986,0.006066135815446566,0.9923325214345986,0.0010404791181840669,0.0004380202063423119,0.0001228434254283034
SW1660,michezo,michezo,0.981802899606421,0.981802899606421,0.01472769529213444,0.981802899606421,0.0016177181217083174,0.0011746843527372967,0.0006770026269987751
SW1664,michezo,michezo,0.9652381308878317,0.9652381308878317,0.03087228805088209,0.9652381308878317,0.0014699528516239559,0.0020031950260706996,0.0004164331835917752
SW1668,biashara,biashara,0.9986355912557976,0.9986355912557976,0.0010835380307436125,0.00010599979550934689,0.9986355912557976,0.00012043211641002786,5.44388015394309e-05
SW1674,kitaifa,kitaifa,0.525311499754647,0.525311499754647,0.525311499754647,0.3929395406052053,0.05812933375976448,0.017704165254041088,0.005915460626342045
SW1678,michezo,michezo,0.5224950326092742,0.5224950326092742,0.3995820079356916,0.5224950326092742,0.06414216691014861,0.011371816685187936,0.0024089758596977217
SW1687,biashara,biashara,0.6773768290940355,0.6773768290940355,0.265924739398424,0.04426101910554408,0.6773768290940355,0.010003593578905566,0.002433818823090853
SW1688,kitaifa,kitaifa,0.9743534936677065,0.9743534936677065,0.9743534936677065,0.0006195155971875391,0.023835706132064854,0.0010427945527963103,0.00014849005024467255
SW170,michezo,michezo,0.998996678196462,0.998996678196462,0.0007586219617118938,0.998996678196462,7.191678150204469e-05,0.00013042956104190209,4.23534992823629e-05
SW1709,kitaifa,biashara,0.6045082075162151,0.23566248766186362,0.23566248766186362,0.08679301453927611,0.6045082075162151,0.06523998037247929,0.0077963099101656125
SW1718,kitaifa,kitaifa,0.9869116897941694,0.9869116897941694,0.9869116897941694,0.007657668869882353,0.0022878399183511124,0.0026314874404054747,0.0005113139771914006
SW1720,michezo,michezo,0.7039565981260735,0.7039565981260735,0.2814489139530478,0.7039565981260735,0.0005380088130973325,0.012817875264149842,0.0012386038436315054
SW1734,michezo,michezo,0.9823465360204144,0.9823465360204144,0.013236901488348371,0.9823465360204144,0.0028526447189946213,0.0013096054364795284,0.0002543123357629888
SW1750,kitaifa,kitaifa,0.9544479916841748,0.9544479916841748,0.9544479916841748,0.0063815049175162016,0.037984742121467976,0.0008594016913202728,0.00032635958552073343
SW1756,burudani,kitaifa,0.8638574756651187,0.007188919389672088,0.8638574756651187,0.029585400539267673,0.08428384347893207,0.015084360927009469,0.007188919389672088
SW1757,michezo,michezo,0.9971970790130296,0.9971970790130296,0.002405825315152594,0.9971970790130296,0.00018490713531003165,0.00017116045942038664,4.102807708731618e-05
SW1774,biashara,biashara,0.9835419323915066,0.9835419323915066,0.013078140627470546,0.0014389708533369572,0.9835419323915066,0.0015692762719849102,0.00037167985570114084
SW1779,biashara,biashara,0.9326326121905052,0.9326326121905052,0.061683576420662675,0.004185970422700963,0.9326326121905052,0.001024686799491183,0.0004731541666400104
SW178,michezo,michezo,0.9942978483607383,0.9942978483607383,0.004622791310517788,0.9942978483607383,0.0005858068729917022,0.0003409586725041053,0.00015259478324808386
SW1780,kitaifa,biashara,0.6628823176558902,0.2774856162767844,0.2774856162767844,0.03172242737214612,0.6628823176558902,0.023723412311070044,0.00418622638410931
SW1792,biashara,biashara,0.9283649139830993,0.9283649139830993,0.06430018081614129,0.00589999007986608,0.9283649139830993,0.0010104774991765739,0.0004244376217170473
SW181,kitaifa,michezo,0.9905625154115826,0.00831700777020466,0.00831700777020466,0.9905625154115826,0.0006912507342195295,0.0003005728615782081,0.00012865322241501672
SW1817,biashara,biashara,0.9676246711004495,0.9676246711004495,0.023404430690270487,0.004956603508043858,0.9676246711004495,0.0032121470171743048,0.0008021476840618777
SW1824,biashara,biashara,0.9251143005419653,0.9251143005419653,0.07038947047818717,0.0028093207813826484,0.9251143005419653,0.001207332076227105,0.00047957612223787884
SW1826,biashara,biashara,0.9236689698402512,0.9236689698402512,0.07270366616381539,0.0026587982572629,0.9236689698402512,0.0006910827844697954,0.0002774829542007863
SW1827,biashara,biashara,0.8658368990598764,0.8658368990598764,0.06883015620023943,0.046557441585706426,0.8658368990598764,0.011411119876278682,0.0073643832778990635
SW184,kitaifa,biashara,0.704286308070625,0.276790940650344,0.276790940650344,0.010318729724253742,0.704286308070625,0.007152836465050724,0.001451185089726534
SW1842,kitaifa,kitaifa,0.560051032830006,0.560051032830006,0.560051032830006,0.00168070389783938,0.4376192721224358,0.00034178968366076207,0.0003072014660579561
SW1848,biashara,kitaifa,0.7330356118940764,0.2160601433175917,0.7330356118940764,0.03629154785693391,0.2160601433175917,0.011003010681977513,0.003609686249420491
SW185,biashara,biashara,0.961221056255374,0.961221056255374,0.033793517270964656,0.004390206938695242,0.961221056255374,0.00032476793863343346,0.000270451596332715
SW1864,kitaifa,kitaifa,0.9750346022525228,0.9750346022525228,0.9750346022525228,0.0153248206384281,0.008293795711052777,0.0009811721231741588,0.0003656092748222622
SW1881,michezo,michezo,0.9920548485740796,0.9920548485740796,0.0069978394839024785,0.9920548485740796,0.00046341084227917147,0.0003745222627653407,0.00010937883697356429
SW1896,kitaifa,kitaifa,0.9457943740771441,0.9457943740771441,0.9457943740771441,0.011095909844016835,0.03865255993304253,0.003926473441166704,0.0005306827046297651
SW1902,biashara,kitaifa,0.5619192925587043,0.4182190965903644,0.5619192925587043,0.015379754332478155,0.4182190965903644,0.003501600582829518,0.0009802559356235595
SW1911,kitaifa,kitaifa,0.994286813011123,0.994286813011123,0.994286813011123,0.0038257458953509845,0.0008326330954507658,0.000998540302108235,5.6267695966860384e-05
SW1914,biashara,biashara,0.9856882087953616,0.9856882087953616,0.009485153195273951,0.003632776578107318,0.9856882087953616,0.0009169279905824812,0.00027693344067476625
SW1923,michezo,michezo,0.9991325179643662,0.9991325179643662,0.0005265761420242735,0.9991325179643662,9.719714162093301e-05,0.000175754096917221,6.795465507126142e-05
SW1925,kitaifa,kitaifa,0.9300950677141815,0.9300950677141815,0.9300950677141815,0.033715274079687135,0.03190437435461406,0.0033602917836706363,0.0009249920678466295
SW1927,kitaifa,kitaifa,0.9908446921616203,0.9908446921616203,0.9908446921616203,0.003853149915885247,0.0028041556049300683,0.0022177991550943227,0.0002802031624702193
SW193,michezo,michezo,0.9921274564115777,0.9921274564115777,0.007286537462516563,0.9921274564115777,0.0003341872109172586,0.00014118721398087737,0.00011063170100768424
SW1936,michezo,michezo,0.9935178099038733,0.9935178099038733,0.0037802999664403713,0.9935178099038733,0.0012882509172328282,0.0007738388524113412,0.0006398003600422321
SW1942,michezo,michezo,0.9868260594700771,0.9868260594700771,0.009577289628862468,0.9868260594700771,0.0010219244114346266,0.0009296792053901266,0.0016450472842358065
SW1946,kitaifa,kitaifa,0.8064721115958822,0.8064721115958822,0.8064721115958822,0.13110475604785368,0.052527381184810186,0.008097316794511842,0.0017984343769420186
SW1947,kitaifa,kitaifa,0.8050117001501054,0.8050117001501054,0.8050117001501054,0.001211694569619011,0.1930769008096373,0.0005729626668949787,0.00012674180374354582
SW1960,biashara,biashara,0.9835559848809193,0.9835559848809193,0.014380980943729327,0.0014074820240049242,0.9835559848809193,0.00036690191049748604,0.0002886502408490416
SW1965,michezo,michezo,0.8844475924392408,0.8844475924392408,0.09300675191959769,0.8844475924392408,0.018505583941077246,0.0033926264453211716,0.0006474452547630049
SW1972,michezo,michezo,0.9540162057906382,0.9540162057906382,0.039253412633412275,0.9540162057906382,0.004337280525648011,0.001551757563198939,0.0008413434871025246
SW198,kitaifa,kitaifa,0.9534731370695606,0.9534731370695606,0.9534731370695606,0.03461828165036876,0.003635817598962942,0.007895024316856382,0.0003777393642514741
SW1993,michezo,michezo,0.9895600950494633,0.9895600950494633,0.006892801012234326,0.9895600950494633,0.0017329884237556191,0.0013494902598447766,0.0004646252547017221
SW20,kitaifa,kitaifa,0.9567911409727123,0.9567911409727123,0.9567911409727123,0.006432592183322236,0.03498712597572272,0.0012939861970298412,0.0004951546712129219
SW2004,kitaifa,kitaifa,0.838461486313087,0.838461486313087,0.838461486313087,0.0008952927086078243,0.15974212333176163,0.0003629562615841196,0.000538141384959284
SW201,kitaifa,kitaifa,0.6644449902182498,0.6644449902182498,0.6644449902182498,0.010314238729808545,0.3227070714215616,0.002027371483117202,0.0005063281472630348
SW2013,michezo,michezo,0.9940925639223468,0.9940925639223468,0.004065809694628535,0.9940925639223468,0.0011127124205454657,0.00033067920085448605,0.0003982347616245423
SW2017,kitaifa,kitaifa,0.8426373999837904,0.8426373999837904,0.8426373999837904,0.003023087103850546,0.1532384163611902,0.0007214951494233332,0.00037960140174549297
SW2018,michezo,michezo,0.9915610025637732,0.9915610025637732,0.002192600029268787,0.9915610025637732,0.0036540135528398713,0.001383680480583327,0.0012087033735348727
SW2024,kitaifa,kitaifa,0.9933038424312844,0.9933038424312844,0.9933038424312844,0.0022837420803680283,0.0011451923474262331,0.002989176115577024,0.0002780470253442542
SW2028,biashara,kitaifa,0.9013360441369893,0.09378369764291877,0.9013360441369893,0.0033413406848240034,0.09378369764291877,0.001184806115575148,0.0003541114196927455
SW2031,kitaifa,kitaifa,0.9905111454190751,0.9905111454190751,0.9905111454190751,0.002771669791311438,0.0027174836877008426,0.0036861337687481123,0.00031356733316457644
SW2045,biashara,kitaifa,0.5087295871235409,0.48622102270927336,0.5087295871235409,0.0013777744067693658,0.48622102270927336,0.002977351566052487,0.0006942641943638648
SW206,biashara,biashara,0.9829772558077396,0.9829772558077396,0.015365244867088351,0.001114992706308279,0.9829772558077396,0.00038648357592906596,0.00015602304293474794
SW2077,kitaifa,biashara,0.619291168016532,0.37963951657479955,0.37963951657479955,0.0004919329821450987,0.619291168016532,0.00039708961843668624,0.0001802928080866709
SW2079,kitaifa,kitaifa,0.9538101513723994,0.9538101513723994,0.9538101513723994,0.01239044010882889,0.029978081177143772,0.0028612579797441585,0.0009600693618836725
SW2088,kitaifa,kitaifa,0.9866781996452979,0.9866781996452979,0.9866781996452979,0.005084890076444752,0.004783839704016085,0.002626839586643607,0.0008262309875976293
SW210,michezo,michezo,0.9588567978479892,0.9588567978479892,0.015887907146735658,0.9588567978479892,0.0222029276811327,0.0020931199029129138,0.0009592474212296021
SW2102,michezo,michezo,0.9640104078773812,0.9640104078773812,0.026028144201657548,0.9640104078773812,0.008327632408978472,0.0011605098640548798,0.0004733056479277644
SW2103,michezo,michezo,0.9863349081162988,0.9863349081162988,0.008068961055508143,0.9863349081162988,0.0045960812638368214,0.0006707717818034647,0.00032927778255284604
SW211,michezo,kitaifa,0.47812637130225827,0.46354436119683246,0.47812637130225827,0.46354436119683246,0.007213396275704037,0.04970642230179834,0.001409448923406908
SW2114,kitaifa,kitaifa,0.9975065882585428,0.9975065882585428,0.9975065882585428,0.000716984409121264,0.0014520068729742155,0.00029177536105924774,3.264509830268986e-05
SW2127,kitaifa,kitaifa,0.9364299490641812,0.9364299490641812,0.9364299490641812,0.005639847426220925,0.05242260996906077,0.004925192097246054,0.0005824014432910862
SW2133,kitaifa,kitaifa,0.995932043036257,0.995932043036257,0.995932043036257,0.0005846838433731722,0.002824098993596092,0.0005617221923844393,9.745193438943873e-05
SW2138,kimataifa,burudani,0.3637075852992925,0.12482143353972384,0.146861517303721,0.250510574056036,0.1140988898012266,0.12482143353972384,0.3637075852992925
SW2139,biashara,biashara,0.8764228091876353,0.8764228091876353,0.11852648860591784,0.004022038005278401,0.8764228091876353,0.0006578376278450605,0.00037082657332345543
SW2146,kitaifa,kitaifa,0.7724439724827088,0.7724439724827088,0.7724439724827088,0.15622844562952534,0.03897977522397015,0.029171227962346818,0.003176578701448946
SW2155,michezo,michezo,0.9901163314885087,0.9901163314885087,0.0022364227642574573,0.9901163314885087,0.0008526093770531306,0.005115196994522424,0.001679439375658181
SW216,biashara,biashara,0.994284082038722,0.994284082038722,0.004748706423448519,0.0007777243357729414,0.994284082038722,9.644501516148512e-05,9.30421868950639e-05
SW2174,biashara,biashara,0.8585327333879222,0.8585327333879222,0.1381888408620077,0.001897738591118354,0.8585327333879222,0.0007118494787679283,0.0006688376801838295
SW2183,kitaifa,kitaifa,0.7909737628052793,0.7909737628052793,0.7909737628052793,0.0028788810065561014,0.20036006037534987,0.004532589562918403,0.0012547062498964284
SW22,kitaifa,kitaifa,0.8739584060170431,0.8739584060170431,0.8739584060170431,0.009705275260330118,0.11469197417482782,0.0007688534897780096,0.0008754910580209164
SW2203,biashara,biashara,0.8877422823552826,0.8877422823552826,0.10504812965621681,0.004528858359347559,0.8877422823552826,0.0017742883084703215,0.0009064413206826939
SW2215,kitaifa,biashara,0.8987630925499062,0.09686455779218871,0.09686455779218871,0.0024233793250169385,0.8987630925499062,0.0014513424348647902,0.000497627898023252
SW2216,michezo,michezo,0.9966858554960074,0.9966858554960074,0.002193599146797193,0.9966858554960074,0.00046180742648865505,0.0004110072840674342,0.00024773064663937794
SW2221,michezo,michezo,0.9860375157901577,0.9860375157901577,0.013221415305708785,0.9860375157901577,0.00042899715790736424,0.00023669341344851453,7.537833277785438e-05
SW2226,kitaifa,kitaifa,0.9877733489999442,0.9877733489999442,0.9877733489999442,0.008167333596068495,0.001983835764166067,0.001929799607293363,0.0001456820325278562
SW2229,kimataifa,kimataifa,0.5162167519262348,0.5162167519262348,0.343447872950843,0.11389973967255415,0.013548227758110837,0.5162167519262348,0.01288740769225709
SW2234,biashara,biashara,0.8928194208635287,0.8928194208635287,0.10555506815606175,0.0008155634700014823,0.8928194208635287,0.0005433220903050588,0.0002666254201031305
SW2239,kitaifa,kitaifa,0.5720279325022888,0.5720279325022888,0.5720279325022888,0.050666355449097714,0.36348653632542766,0.01061621203101329,0.0032029636921727064
SW2249,biashara,biashara,0.9941563107484527,0.9941563107484527,0.005620561484842636,0.0001086200056627217,0.9941563107484527,7.678971427133883e-05,3.7718046770690545e-05
SW2255,michezo,michezo,0.9712719341177414,0.9712719341177414,0.022273126896105475,0.9712719341177414,0.004373522248631619,0.0012686214717992394,0.0008127952657224285
SW2279,michezo,michezo,0.9970198402827486,0.9970198402827486,0.002393222444680277,0.9970198402827486,0.000397837180837762,0.00011049490334904157,7.860518838447569e-05
SW2289,kitaifa,kitaifa,0.9905949545416988,0.9905949545416988,0.9905949545416988,0.0024888124304742053,0.006381168324026537,0.00047573724752967796,5.932745627071344e-05
SW2308,kitaifa,kitaifa,0.9699628761560016,0.9699628761560016,0.9699628761560016,0.0039864092491640425,0.021980784682577307,0.003586496545073917,0.00048343336718316345
SW2321,kitaifa,kitaifa,0.9207733706241017,0.9207733706241017,0.9207733706241017,0.00589511272135574,0.06687510994436029,0.005491903694433112,0.0009645030157493848
SW2325,kitaifa,kitaifa,0.9827270367583221,0.9827270367583221,0.9827270367583221,0.006879983470742194,0.002099144088349353,0.00739405409311558,0.0008997815894708258
SW2328,biashara,biashara,0.8079177029805767,0.8079177029805767,0.18562584750858785,0.004474342870503882,0.8079177029805767,0.0013134765626135326,0.0006686300777178905
SW2330,biashara,biashara,0.9806609224087559,0.9806609224087559,0.012092303396872577,0.0050926076304566035,0.9806609224087559,0.0011090026459045167,0.0010451639180104576
SW2338,michezo,michezo,0.9810556194911241,0.9810556194911241,0.017947835349486827,0.9810556194911241,0.0006712135692272102,0.0001850277042323592,0.00014030388592969157
SW2341,kitaifa,michezo,0.9064307190662768,0.04927506014823123,0.04927506014823123,0.9064307190662768,0.0036430104197732664,0.03920152824329068,0.001449682122427989
SW235,michezo,michezo,0.6376869917086025,0.6376869917086025,0.13712723599223592,0.6376869917086025,0.21891797650350397,0.00375713408411799,0.0025106617115396397
SW2361,michezo,michezo,0.9942514934548851,0.9942514934548851,0.005333940377607932,0.9942514934548851,0.00020442638318309242,0.00010649791813753496,0.0001036418661865113
SW2367,michezo,michezo,0.7244825687642983,0.7244825687642983,0.2245858489078384,0.7244825687642983,0.040095662994484055,0.007025849563382244,0.0038100697699970276
SW2375,kitaifa,kitaifa,0.9741686359651983,0.9741686359651983,0.9741686359651983,0.0014979355301719312,0.02361143480963083,0.0005610163428781442,0.00016097735212082517
SW2379,kitaifa,biashara,0.609117447186377,0.31127996722799467,0.31127996722799467,0.05876062889148282,0.609117447186377,0.016388515294237002,0.004453441399908505
SW238,biashara,kitaifa,0.643802371945041,0.2610994682603192,0.643802371945041,0.08488389629690589,0.2610994682603192,0.008011879923717442,0.002202383574016461
SW239,michezo,michezo,0.9232859545770514,0.9232859545770514,0.06624495223161829,0.9232859545770514,0.009828359850584695,0.00033098311106150393,0.0003097502296839946
SW2392,biashara,biashara,0.9899575393297885,0.9899575393297885,0.009039342175126516,0.0007231260164572029,0.9899575393297885,0.00016603582717631028,0.00011395665145155452
SW2399,michezo,michezo,0.9924112697611942,0.9924112697611942,0.0048941680164271625,0.9924112697611942,0.001760753220997564,0.0005764210622324806,0.00035738793914854563
SW24,kitaifa,kitaifa,0.9823862657331939,0.9823862657331939,0.9823862657331939,0.011640399508306493,0.002676852234582804,0.0030223904466025707,0.0002740920773142487
SW2418,biashara,biashara,0.872156029691028,0.872156029691028,0.10663355698992617,0.016906801507195347,0.872156029691028,0.0033868996398977377,0.000916712171952587
SW2423,michezo,michezo,0.993836792192325,0.993836792192325,0.004864813806528855,0.993836792192325,0.000547437366345435,0.0005432543710613901,0.00020770226373934686
SW2427,michezo,biashara,0.9044124692384125,0.04216275797258425,0.04923432338359098,0.04216275797258425,0.9044124692384125,0.0026401979520567784,0.0015502514533556606
SW2459,kitaifa,michezo,0.9443808255303435,0.03151152455736856,0.03151152455736856,0.9443808255303435,0.009244788793076499,0.012212331710393202,0.002650529408818103
SW2477,michezo,michezo,0.9607767428097138,0.9607767428097138,0.027102558931351693,0.9607767428097138,0.009118439005486367,0.0017718869968260907,0.0012303722566220862
SW2485,kitaifa,kitaifa,0.893131211301914,0.893131211301914,0.893131211301914,0.06370398017215399,0.021570636163067564,0.020106297198780904,0.001487875164083533
SW25,kitaifa,kitaifa,0.844090183883301,0.844090183883301,0.844090183883301,0.027989803596609002,0.11451856609996929,0.011612348125316196,0.0017890982948045276
SW2504,kitaifa,kitaifa,0.963573591027006,0.963573591027006,0.963573591027006,0.0016594009516549514,0.03360109014068501,0.0007352452002608568,0.0004306726803930898
SW2509,michezo,michezo,0.9401151868349057,0.9401151868349057,0.02683836518867379,0.9401151868349057,0.02875689449025542,0.003324970880750971,0.0009645826054140728
SW2514,michezo,kitaifa,0.9019135165178754,0.08327036422527365,0.9019135165178754,0.08327036422527365,0.011468297964822158,0.0028336161146533165,0.0005142051773752306
SW2532,kitaifa,kitaifa,0.7794727053942497,0.7794727053942497,0.7794727053942497,0.027941851347912324,0.17796411622767624,0.011136171613560921,0.003485155416600804
SW2533,michezo,michezo,0.5909877045557603,0.5909877045557603,0.1608488766085973,0.5909877045557603,0.22179070609611773,0.019157983800894295,0.007214728938630448
SW2548,michezo,michezo,0.9946475107948486,0.9946475107948486,0.003713907908959499,0.9946475107948486,0.0011014427317521391,0.0003989079665802311,0.00013823059785942596
SW2573,kitaifa,kitaifa,0.9871954818794859,0.9871954818794859,0.9871954818794859,0.009710016090755566,0.0012268822647180581,0.00170212562070755,0.00016549414433275427
SW2575,biashara,kitaifa,0.7212345804166319,0.2779355132885212,0.7212345804166319,0.000390729664246716,0.2779355132885212,0.00036266161256825395,7.651501803209191e-05
SW2581,biashara,biashara,0.7000766328471363,0.7000766328471363,0.28945999904415665,0.007366767600591099,0.7000766328471363,0.002102775453054743,0.0009938250550611792
SW2585,burudani,biashara,0.5702805053357904,0.008337810821817032,0.07843766395305461,0.317185023088996,0.5702805053357904,0.025758996800341882,0.008337810821817032
SW2598,biashara,biashara,0.6934959196565476,0.6934959196565476,0.29791283780096717,0.006290818730201849,0.6934959196565476,0.0014750070277830198,0.0008254167845004374
SW2599,biashara,biashara,0.8821580781540519,0.8821580781540519,0.11597725356079183,0.0009364003854208031,0.8821580781540519,0.0006741209504158277,0.00025414694931958357
SW2605,kitaifa,kitaifa,0.7189693929184443,0.7189693929184443,0.7189693929184443,0.23256483333264144,0.03337572562556738,0.009093902610572066,0.005996145512774877
SW2614,biashara,biashara,0.9522337182243308,0.9522337182243308,0.04356283603747384,0.0023636031449482094,0.9522337182243308,0.0015309152430716985,0.00030892735017555237
SW2615,kitaifa,biashara,0.8872303769248215,0.11146944887502439,0.11146944887502439,0.0007270354352890264,0.8872303769248215,0.0004202465572814177,0.0001528922075837445
SW2618,michezo,michezo,0.6697642901757951,0.6697642901757951,0.25981096456522346,0.6697642901757951,0.05403021822293238,0.013581477922087394,0.0028130491139616203
SW2630,michezo,michezo,0.9651396623718916,0.9651396623718916,0.02539202960403699,0.9651396623718916,0.005966906405747762,0.002296874939135337,0.001204526679188306
SW2635,kitaifa,kitaifa,0.8704869427997779,0.8704869427997779,0.8704869427997779,0.004112660324027037,0.1231268907676153,0.0017106831609009674,0.0005628229476788237
SW2636,kitaifa,kitaifa,0.9600879307235188,0.9600879307235188,0.9600879307235188,0.0036621770248279188,0.034301640227419945,0.0016900723346837004,0.00025817968954968936
SW2637,kitaifa,kitaifa,0.9635363699149537,0.9635363699149537,0.9635363699149537,0.012911458604726435,0.01669275136746636,0.006006092301506844,0.0008533278113462891
SW2640,biashara,biashara,0.5749756479225276,0.5749756479225276,0.4053519344448656,0.009051607587009652,0.5749756479225276,0.008505624059849075,0.0021151859857481007
SW2641,biashara,kitaifa,0.8847298021007935,0.11244051773759903,0.8847298021007935,0.0012081707335346284,0.11244051773759903,0.0013491604075960794,0.0002723490204768287
SW2643,michezo,michezo,0.8612118285599623,0.8612118285599623,0.037395752953746975,0.8612118285599623,0.041652416571359166,0.03307733780656742,0.02666266410836419
SW2653,kitaifa,kitaifa,0.974392194876506,0.974392194876506,0.974392194876506,0.022512006533240522,0.0016785735769362794,0.0009886334246379,0.000428591588679464
SW266,kitaifa,kitaifa,0.992290861290321,0.992290861290321,0.992290861290321,0.005046231900129628,0.0009594229415252662,0.001563552488670153,0.0001399313793539444
SW2666,kitaifa,kitaifa,0.9892584756261146,0.9892584756261146,0.9892584756261146,0.006044485236078977,0.0033490577488242373,0.001229406041753978,0.00011857534722825717
SW2667,biashara,biashara,0.9984903550064625,0.9984903550064625,0.0007670295812723551,0.0004395638539084358,0.9984903550064625,0.0002226586702992733,8.039288805747666e-05
SW2669,kitaifa,kitaifa,0.985979309146227,0.985979309146227,0.985979309146227,0.0019256628911355573,0.010722224603895145,0.001247747204733266,0.00012505615400917267
SW2671,kitaifa,kitaifa,0.9823776393375475,0.9823776393375475,0.9823776393375475,0.005863210638101798,0.010513385281428938,0.0009131477877063006,0.00033261695521544617
SW2681,kitaifa,kitaifa,0.9299557067824612,0.9299557067824612,0.9299557067824612,0.03080068233407212,0.016186251498114295,0.019835132854978225,0.003222226530374359
SW2688,biashara,biashara,0.922904064425938,0.922904064425938,0.07275392553872202,0.0028780128769602844,0.922904064425938,0.0010709105438697674,0.00039308661451008416
SW2694,biashara,biashara,0.9477023206284796,0.9477023206284796,0.0389180533135208,0.00848230343067548,0.9477023206284796,0.0036848704560643966,0.001212452171259743
SW2698,biashara,biashara,0.8347597974845583,0.8347597974845583,0.1586596613921996,0.0043455486956234714,0.8347597974845583,0.0015679595199029007,0.0006670329077155131
SW2719,biashara,biashara,0.925996802169143,0.925996802169143,0.04783083366919608,0.018788127388351335,0.925996802169143,0.003236274197347665,0.004147962575961927
SW2722,michezo,michezo,0.9961783743102497,0.9961783743102497,0.0012415713739136844,0.9961783743102497,0.0015799086013586982,0.0006595851277122241,0.0003405605867657748
SW2739,michezo,michezo,0.9674986924031176,0.9674986924031176,0.019866071361215532,0.9674986924031176,0.006339053961703036,0.005412535999391504,0.0008836462745721168
SW274,michezo,michezo,0.9698290149662596,0.9698290149662596,0.021234839202537978,0.9698290149662596,0.006574737321141878,0.0015808653994874766,0.0007805431105731963
SW2751,michezo,michezo,0.9709401988159903,0.9709401988159903,0.025869215393449017,0.9709401988159903,0.0015957782343871405,0.001394261111231802,0.0002005464449415919
SW277,biashara,biashara,0.9510526304755963,0.9510526304755963,0.03003173151778833,0.013957831860092562,0.9510526304755963,0.0040888612825238785,0.0008689448639989995
SW2776,michezo,michezo,0.9934796018656405,0.9934796018656405,0.005603051790839821,0.9934796018656405,0.0005840441555489914,0.00019955508465247906,0.0001337471033183194
SW2780,michezo,michezo,0.9189763524703025,0.9189763524703025,0.03563744836693785,0.9189763524703025,0.037988678362404306,0.003983092861200653,0.0034144279391549446
SW2790,kimataifa,kitaifa,0.6985658991955719,0.1557368426784698,0.6985658991955719,0.08764110105052507,0.04987614113237557,0.1557368426784698,0.008180015943057681
SW2802,kimataifa,kitaifa,0.4123530395070827,0.17325016159064113,0.4123530395070827,0.11920610294731386,0.2761429070548243,0.17325016159064113,0.019047788900138033
SW2827,kitaifa,kitaifa,0.9013031052701206,0.9013031052701206,0.9013031052701206,0.004675619446315766,0.09149331807463554,0.0021995663574870404,0.0003283908514409325
SW2857,biashara,kitaifa,0.8870324905001103,0.10704623344248751,0.8870324905001103,0.004508060153065244,0.10704623344248751,0.0010711317391705584,0.0003420841651662544
SW2875,michezo,michezo,0.8228943955397529,0.8228943955397529,0.14442254174447272,0.8228943955397529,0.019129957677333873,0.01037848923731691,0.0031746158011236657
SW2889,michezo,michezo,0.9930045628401033,0.9930045628401033,0.0054483201064084025,0.9930045628401033,0.0010188254234668821,0.0003678590333736084,0.0001604325966476057
SW2898,biashara,biashara,0.5482079368776168,0.5482079368776168,0.4400616849816609,0.008758748737139976,0.5482079368776168,0.0017142256977229916,0.0012574037058593742
SW2905,michezo,michezo,0.9756996495846254,0.9756996495846254,0.01761629321572439,0.9756996495846254,0.0016562068076180503,0.0028006634487762823,0.002227186943255835
SW291,biashara,kitaifa,0.611035776664114,0.3819089621342266,0.611035776664114,0.004137236822662298,0.3819089621342266,0.0022729481087334943,0.000645076270263503
SW2929,kitaifa,kitaifa,0.9805364345095562,0.9805364345095562,0.9805364345095562,0.010423127857272443,0.0014559636850545647,0.007262073457616031,0.00032240049050082553
SW2932,biashara,kitaifa,0.6268172360696411,0.36914057961697944,0.6268172360696411,0.0034740964318155767,0.36914057961697944,0.00042942410825310025,0.00013866377331078918
SW2937,kitaifa,kitaifa,0.9597185518189096,0.9597185518189096,0.9597185518189096,0.013277421448203108,0.013729430907441482,0.011778658319467944,0.0014959375059778164
SW2940,biashara,biashara,0.5196347460836062,0.5196347460836062,0.45170094466556193,0.0164326079269214,0.5196347460836062,0.008507196796740595,0.003724504527169878
SW2948,michezo,michezo,0.9933740758815184,0.9933740758815184,0.002612367005340314,0.9933740758815184,0.0018335085887822844,0.0014111002270861686,0.0007689482972728997
SW2959,biashara,biashara,0.696962192406574,0.696962192406574,0.2602447375848314,0.03311736647261675,0.696962192406574,0.007761723346874477,0.001913980189103386
SW2977,kitaifa,kitaifa,0.9537386219864677,0.9537386219864677,0.9537386219864677,0.007933266118285076,0.0354877686986557,0.0020654520996112565,0.0007748910969800934
SW2980,kitaifa,kitaifa,0.7117014947075836,0.7117014947075836,0.7117014947075836,0.01035042772525624,0.2750310761322877,0.001926743277920719,0.000990258156951852
SW2985,kitaifa,kitaifa,0.5650522306294136,0.5650522306294136,0.5650522306294136,0.001999772843602849,0.43173279925654245,0.0008486603378017763,0.0003665369326394545
SW3002,kitaifa,kitaifa,0.9285816667612463,0.9285816667612463,0.9285816667612463,0.008462507979957236,0.05998244410913201,0.0023520966659582405,0.0006212844837060202
SW3003,biashara,kitaifa,0.6820266469342119,0.2521218522780987,0.6820266469342119,0.028386947143719966,0.2521218522780987,0.03274782761647918,0.004716726027490222
SW3006,kitaifa,kitaifa,0.4856640072352901,0.4856640072352901,0.4856640072352901,0.06566093275262343,0.4114853397759501,0.02938831311358361,0.007801407122552852
SW3014,biashara,biashara,0.8804905860700769,0.8804905860700769,0.0906437190553727,0.023511950428808295,0.8804905860700769,0.004017415127814319,0.0013363293179278236
SW3018,kitaifa,kitaifa,0.9560025030449457,0.9560025030449457,0.9560025030449457,0.014929687801115853,0.02699829145327209,0.0017104427160324635,0.00035907498463380545
SW3025,kitaifa,kitaifa,0.9569503755717897,0.9569503755717897,0.9569503755717897,0.002399210248679647,0.03980210536693573,0.0005793688712902835,0.0002689399413043954
SW3026,biashara,biashara,0.9762926288281492,0.9762926288281492,0.023133391962965315,0.0002769238309870105,0.9762926288281492,0.00024293933384409547,5.41160440545678e-05
SW3029,kitaifa,kitaifa,0.9710339249284439,0.9710339249284439,0.9710339249284439,0.002288837960652577,0.025198243044045582,0.0008519610474052645,0.0006270330194527149
SW304,michezo,michezo,0.7636129616991131,0.7636129616991131,0.21325832000290743,0.7636129616991131,0.004763418876199572,0.014472310481175022,0.0038929889406049733
SW3042,michezo,michezo,0.9763189115855695,0.9763189115855695,0.014196426359008177,0.9763189115855695,0.006164391993520283,0.0021712563197178745,0.0011490137421841496
SW3043,kitaifa,kitaifa,0.9867800230748397,0.9867800230748397,0.9867800230748397,0.0016786258832453141,0.010852410175107676,0.0006019642678390482,8.697659896831871e-05
SW3053,michezo,michezo,0.9989978567416355,0.9989978567416355,0.00029336500648963123,0.9989978567416355,0.0001422510521700859,0.0004272160492744851,0.00013931115043022392
SW3065,kitaifa,kitaifa,0.9882973001938518,0.9882973001938518,0.9882973001938518,0.0065834763234174235,0.0030916682856450104,0.0016838057889789193,0.00034374940810703907
SW307,biashara,biashara,0.9295101901839463,0.9295101901839463,0.06096038563092735,0.0063327215776993444,0.9295101901839463,0.0025550809272974193,0.0006416216801295946
SW3084,biashara,biashara,0.9827746176496548,0.9827746176496548,0.011806190712606435,0.0031210254440216644,0.9827746176496548,0.0017337879841790636,0.0005643782095380903
SW3094,biashara,biashara,0.9988064623736338,0.9988064623736338,0.0010965578703749602,4.731827785653141e-05,0.9988064623736338,3.4944890131619736e-05,1.4716588003100996e-05
SW3102,kitaifa,kitaifa,0.9853693182824667,0.9853693182824667,0.9853693182824667,0.006217698864098449,0.006773952113901711,0.00153506477481844,0.00010396596471475192
SW3112,kitaifa,kitaifa,0.9163404245464888,0.9163404245464888,0.9163404245464888,0.0627313909178324,0.014347380639800938,0.005965913773763408,0.0006148901221145122
SW3117,michezo,michezo,0.9974888229864101,0.9974888229864101,0.0009566805353983556,0.9974888229864101,0.000863209995707007,0.0005080809411221697,0.00018320554136261102
SW3126,kitaifa,kitaifa,0.9671665517570169,0.9671665517570169,0.9671665517570169,0.012378114812678231,0.01103028990385876,0.008028472584465818,0.0013965709419801822
SW3133,kitaifa,kitaifa,0.9864382819011943,0.9864382819011943,0.9864382819011943,0.011665871492563543,0.00117808785429273,0.0006453031344898432,7.245561745969378e-05
SW3136,michezo,michezo,0.9522817962301913,0.9522817962301913,0.016229864183653474,0.9522817962301913,0.01836027135918705,0.009245527756826265,0.0038825404701421924
SW3143,biashara,biashara,0.9968805948235794,0.9968805948235794,0.0014477034368127733,0.0012025457549693084,0.9968805948235794,0.00024785255744791174,0.00022130342719086206
SW3144,michezo,michezo,0.9896306977161955,0.9896306977161955,0.005264489245842111,0.9896306977161955,0.004014191449042217,0.0006920532669832364,0.0003985683219371277
SW3155,biashara,biashara,0.9330262066262098,0.9330262066262098,0.030448614386024395,0.029298327245307662,0.9330262066262098,0.0058450397343495905,0.0013818120081085848
SW3162,michezo,kitaifa,0.9974113216832075,0.0008084077782128039,0.9974113216832075,0.0008084077782128039,0.001663032492567704,9.326976076936084e-05,2.3968285242738712e-05
SW3168,michezo,michezo,0.9908837269171477,0.9908837269171477,0.0075000109787337265,0.9908837269171477,0.000790132095548422,0.0005442230181846745,0.00028190699038557857
SW3176,kitaifa,kitaifa,0.8626408836717366,0.8626408836717366,0.8626408836717366,0.02303819508180902,0.10859090852386884,0.004389699315109117,0.0013403134074763926
SW320,michezo,michezo,0.5530738720603045,0.5530738720603045,0.3834999108002899,0.5530738720603045,0.05141740084984308,0.009383686533591321,0.002625129755971371
SW3200,kitaifa,kitaifa,0.794837630869975,0.794837630869975,0.794837630869975,0.10064310107925074,0.022953275083213015,0.07570724445148476,0.005858748516076215
SW3204,michezo,michezo,0.8997939793792379,0.8997939793792379,0.07257244710963526,0.8997939793792379,0.02469612498214979,0.0016177051042877133,0.0013197434246892622
SW3213,kitaifa,kitaifa,0.8791712387998968,0.8791712387998968,0.8791712387998968,0.002291871641565646,0.11775382067414213,0.0006329395815590865,0.00015012930283613398
SW3214,biashara,biashara,0.994082431878847,0.994082431878847,0.0014105700077814147,0.0031634653316814794,0.994082431878847,0.0009435277914994928,0.0004000049901906458
SW322,kitaifa,kitaifa,0.4181620187347597,0.4181620187347597,0.4181620187347597,0.16338738676435702,0.06865147035641846,0.3444350268597402,0.005364097284724673
SW3227,kitaifa,kitaifa,0.9575919118589925,0.9575919118589925,0.9575919118589925,0.0162196018642431,0.013757745962155017,0.010804721079587108,0.0016260192350222014
SW3234,michezo,michezo,0.9961520595942424,0.9961520595942424,0.0029264233659836427,0.9961520595942424,0.00030316034606240065,0.000451015319058817,0.00016734137465270897
SW3237,michezo,michezo,0.9811768500270655,0.9811768500270655,0.016995244382340468,0.9811768500270655,0.0011056261858139666,0.0006139113077581639,0.0001083680970219607
SW3249,kitaifa,kitaifa,0.8396678243555143,0.8396678243555143,0.8396678243555143,0.04126766064401055,0.10801277724280121,0.00957377428297594,0.0014779634746981214
SW3269,biashara,biashara,0.8677665163386321,0.8677665163386321,0.12420341092534751,0.005120336976787536,0.8677665163386321,0.0020960388977870727,0.00081369686144586
SW3275,michezo,michezo,0.9859780327185764,0.9859780327185764,0.009825733836351437,0.9859780327185764,0.0027314210770026525,0.0009845774286755976,0.0004802349393938764
SW3280,kitaifa,kitaifa,0.9864161121169768,0.9864161121169768,0.9864161121169768,0.004923602103912834,0.00781831641814153,0.0007099099049567128,0.00013205945601230115
SW3282,biashara,kitaifa,0.5802875827772296,0.41426736080107807,0.5802875827772296,0.002056870372044676,0.41426736080107807,0.0029416904910408194,0.00044649555860679145
SW3288,michezo,michezo,0.9967738540069063,0.9967738540069063,0.0011243068180816853,0.9967738540069063,0.001173205514513911,0.0006754219014094575,0.00025321175908873494
SW3293,kimataifa,kimataifa,0.7481649844380889,0.7481649844380889,0.178637173449998,0.03388227193564836,0.031142716522518828,0.7481649844380889,0.008172853653745824
SW3306,michezo,michezo,0.9961015189495257,0.9961015189495257,0.0030925241634966014,0.9961015189495257,0.0005354478463072655,0.0001572646252849023,0.00011324441538544487
SW3316,michezo,michezo,0.9583557382293633,0.9583557382293633,0.02473591039230939,0.9583557382293633,0.0117829735617469,0.0036087728281515986,0.0015166049884290708
SW332,kitaifa,kitaifa,0.8160156589884081,0.8160156589884081,0.8160156589884081,0.014112844788229757,0.02096802429102435,0.1462912944298497,0.002612177502488034
SW3324,biashara,biashara,0.9762888575541964,0.9762888575541964,0.01235803045849132,0.008935104187555516,0.9762888575541964,0.00164289512269981,0.0007751126770569767
SW3325,biashara,kitaifa,0.8733390653362028,0.10333963711775837,0.8733390653362028,0.017192486200485413,0.10333963711775837,0.005389028655933698,0.0007397826896199471
SW3331,biashara,biashara,0.9533686986933401,0.9533686986933401,0.03433730348465849,0.009214284798895245,0.9533686986933401,0.0018092775063374147,0.0012704355167687876
SW3332,biashara,biashara,0.9549412244916253,0.9549412244916253,0.0344039236696423,0.008064988356934305,0.9549412244916253,0.001623128539180477,0.0009667349426173464
SW3343,kitaifa,kitaifa,0.7846185498979781,0.7846185498979781,0.7846185498979781,0.004237488556311453,0.20910904278907347,0.0014801709666277107,0.000554747790009113
SW3360,kitaifa,biashara,0.9851313813573614,0.011681738475890668,0.011681738475890668,0.0022842307677186733,0.9851313813573614,0.0006879822576700467,0.0002146671413592282
SW3367,kitaifa,kitaifa,0.9737791149523225,0.9737791149523225,0.9737791149523225,0.022706967261051106,0.001767621630949002,0.0014252934920024932,0.0003210026636747892
SW3368,kitaifa,michezo,0.9185398617436777,0.0734775625575975,0.0734775625575975,0.9185398617436777,0.0040381115654015655,0.002859130681976508,0.0010853334513467117
SW3376,biashara,biashara,0.5707593173788347,0.5707593173788347,0.41872591836379913,0.0064477372798384955,0.5707593173788347,0.0022295829804867074,0.001837443997040933
SW3382,kitaifa,kitaifa,0.9024362632300947,0.9024362632300947,0.9024362632300947,0.0014297486193133617,0.09539447933914467,0.0005000641003652313,0.0002394447110821161
SW3386,kitaifa,kitaifa,0.9120877095591371,0.9120877095591371,0.9120877095591371,0.017307670492462644,0.06733724722633652,0.0025826448555070847,0.0006847278665566466
SW3389,michezo,michezo,0.9966354385853007,0.9966354385853007,0.0015164262335983262,0.9966354385853007,0.0013339613192004235,0.0003636746439816737,0.00015049921791911248
SW3402,michezo,michezo,0.9766338661040868,0.9766338661040868,0.018061219187824787,0.9766338661040868,0.001234738764455467,0.003586648483428428,0.00048352746020476674
SW3407,michezo,michezo,0.9963388476707296,0.9963388476707296,0.0031513443874474417,0.9963388476707296,0.0001545849819220652,0.0002673733757417593,8.784958415907896e-05
SW3408,michezo,michezo,0.947980630685654,0.947980630685654,0.04545666666601235,0.947980630685654,0.0028110912361484584,0.003001508302517231,0.0007501031096677956
SW3438,michezo,michezo,0.9962032557908416,0.9962032557908416,0.0015435182943956181,0.9962032557908416,0.0009332370033031204,0.000762563409965006,0.0005574255014945772
SW3440,michezo,michezo,0.9529448821400336,0.9529448821400336,0.031158942152934643,0.9529448821400336,0.009932058666050007,0.005222358906712006,0.0007417581342698213
SW3442,biashara,biashara,0.9699186208148242,0.9699186208148242,0.025900432248048305,0.0028583915366879892,0.9699186208148242,0.0007562149598844189,0.0005663404405550957
SW3465,kitaifa,kitaifa,0.977420340575255,0.977420340575255,0.977420340575255,0.006359028342364906,0.0038512231833766225,0.011829820117150369,0.0005395877818530507
SW3474,michezo,michezo,0.9843532806565037,0.9843532806565037,0.013203866408221694,0.9843532806565037,0.0012162192889131152,0.0007875101600809113,0.0004391234862805722
SW3478,kitaifa,kitaifa,0.9654519832927753,0.9654519832927753,0.9654519832927753,0.011945664199638942,0.020177210105011188,0.0019985114082939344,0.00042663099428054256
SW3494,michezo,michezo,0.9770761074643456,0.9770761074643456,0.01948771358058969,0.9770761074643456,0.0026914165341599653,0.000521183813448768,0.00022357860745586577
SW3496,kitaifa,kitaifa,0.936813034122486,0.936813034122486,0.936813034122486,0.002581766417646847,0.058565219878312,0.001579054632546481,0.00046092494900878186
SW3506,biashara,biashara,0.986760323610803,0.986760323610803,0.011076825948442266,0.0016328478184268744,0.986760323610803,0.0002905893849612305,0.00023941323736663845
SW3514,michezo,michezo,0.9906485793816953,0.9906485793816953,0.006918154889024392,0.9906485793816953,0.0012341762856042007,0.0009186002374674286,0.00028048920620892936
SW3532,biashara,biashara,0.9881321618748277,0.9881321618748277,0.008555886025571176,0.0024868168355475662,0.9881321618748277,0.00041947876368172646,0.0004056565003718029
SW3534,kitaifa,kitaifa,0.9991118182013503,0.9991118182013503,0.9991118182013503,0.00024039174021982492,0.00044785719544041783,0.00017797248110027066,2.1960381888953288e-05
SW3540,michezo,michezo,0.9606257743761092,0.9606257743761092,0.024180703948763323,0.9606257743761092,0.011244368885475935,0.001773967904249085,0.00217518488540242
SW3541,biashara,biashara,0.8441800617773735,0.8441800617773735,0.147752426627547,0.005262841278835832,0.8441800617773735,0.0018923105815572279,0.0009123597346864361
SW3554,michezo,michezo,0.991116009603692,0.991116009603692,0.007470906016638752,0.991116009603692,0.0010271587034018006,0.00022596021735189753,0.0001599654589158365
SW3556,kitaifa,biashara,0.8032428727117719,0.17697517675963648,0.17697517675963648,0.01210203045000915,0.8032428727117719,0.0057398071153484465,0.0019401129632340968
SW3563,kitaifa,kitaifa,0.9601183592980355,0.9601183592980355,0.9601183592980355,0.011548757127760859,0.026548306252517674,0.0014130136779808868,0.0003715636437052486
SW3566,kitaifa,kitaifa,0.8847053882523273,0.8847053882523273,0.8847053882523273,0.007471697517543,0.10221157654177714,0.0037236646426130724,0.0018876730457392777
SW3578,kitaifa,biashara,0.8028893235114485,0.16553549446134175,0.16553549446134175,0.020972114027738166,0.8028893235114485,0.008903342955752246,0.001699725043719386
SW360,kimataifa,kimataifa,0.4198792220722564,0.4198792220722564,0.3968110814343498,0.11995952106487666,0.05340851440734061,0.4198792220722564,0.009941661021176523
SW3613,kitaifa,kitaifa,0.990763888903292,0.990763888903292,0.990763888903292,0.0032997327450767088,0.004774297225742921,0.0010520662367199218,0.00011001488916855257
SW3620,biashara,biashara,0.5705785257808117,0.5705785257808117,0.42619567534727554,0.0013411061181027749,0.5705785257808117,0.001506610424746365,0.00037808232906376817
SW3622,michezo,michezo,0.9149722755595396,0.9149722755595396,0.05069977734445358,0.9149722755595396,0.015276446450818763,0.017603861061908935,0.0014476395832791582
SW363,kitaifa,kitaifa,0.8235959335834319,0.8235959335834319,0.8235959335834319,0.01873860715407122,0.1504985210102372,0.004538098952901233,0.002628839299358408
SW3635,kitaifa,kitaifa,0.9740510971820898,0.9740510971820898,0.9740510971820898,0.01452682732500252,0.0009588768186398603,0.010058270913474016,0.00040492776079370697
SW3636,michezo,kitaifa,0.5212388683473127,0.4171877970405997,0.5212388683473127,0.4171877970405997,0.05651435050633781,0.0027897943951356364,0.0022691897106140355
SW364,kitaifa,kitaifa,0.9403816607388261,0.9403816607388261,0.9403816607388261,0.010391609534451457,0.03844912635678313,0.009580033883357517,0.0011975694865817305
SW3643,biashara,biashara,0.9790563881976602,0.9790563881976602,0.01969719078064435,0.0008179085274816609,0.9790563881976602,0.0003135436696049005,0.00011496882460881446
SW3647,kitaifa,kitaifa,0.998362276672889,0.998362276672889,0.998362276672889,0.0005225223266839877,0.0006837991844914498,0.0003645463678972043,6.68554480383604e-05
SW3657,kitaifa,kitaifa,0.9593411667908065,0.9593411667908065,0.9593411667908065,0.03073924081288276,0.007028116512306676,0.0024430536130923153,0.00044842227091194953
SW3670,michezo,michezo,0.994610269164109,0.994610269164109,0.004205328344673187,0.994610269164109,0.0005456037446492999,0.00044023585784957705,0.0001985628887187653
SW3673,biashara,biashara,0.941695470072009,0.941695470072009,0.048789763852068055,0.007192548119844431,0.941695470072009,0.0015909957411030218,0.0007312222149753606
SW3675,biashara,biashara,0.9712518897104868,0.9712518897104868,0.02527531607608232,0.0011386881644113256,0.9712518897104868,0.0020020810876882874,0.0003320249613312605
SW3679,michezo,michezo,0.9935914326128186,0.9935914326128186,0.005785531460959265,0.9935914326128186,0.00022573131590570875,0.0002841607628673081,0.00011314384744918193
SW3687,michezo,michezo,0.9645362638344399,0.9645362638344399,0.028754301645295275,0.9645362638344399,0.0015170951415273116,0.004080452344996253,0.001111887033741219
SW3692,biashara,biashara,0.8607615914637818,0.8607615914637818,0.12472611201219062,0.010614556230830685,0.8607615914637818,0.0026155605962113375,0.0012821796969854395
SW3696,biashara,kitaifa,0.8936204039676277,0.1033658095616268,0.8936204039676277,0.002509961423342822,0.1033658095616268,0.00032532910065448807,0.00017849594674815657
SW3700,michezo,michezo,0.9906589148525052,0.9906589148525052,0.00620383102851934,0.9906589148525052,0.0011264083982064142,0.0015007778151229544,0.000510067905646185
SW3702,kitaifa,kitaifa,0.9488307610287314,0.9488307610287314,0.9488307610287314,0.0021619913281462014,0.04085132070068654,0.007394057938201316,0.0007618690042344726
SW3709,kitaifa,kitaifa,0.7519418218940177,0.7519418218940177,0.7519418218940177,0.023164103433296196,0.2165057045921064,0.005971052933195947,0.002417317147383702
SW3712,biashara,biashara,0.768397022097045,0.768397022097045,0.21318609232952926,0.01288869206804821,0.768397022097045,0.0034483857814224805,0.0020798077239551622
SW3713,biashara,biashara,0.6837714007924126,0.6837714007924126,0.31023931449007025,0.004536082687343935,0.6837714007924126,0.0010601954961752705,0.00039300653399795506
SW3722,michezo,michezo,0.986661991584209,0.986661991584209,0.011399162443856435,0.986661991584209,0.0013229311808225749,0.00041254864969493023,0.00020336614141701733
SW3746,michezo,michezo,0.9965803972439435,0.9965803972439435,0.0013118896153764545,0.9965803972439435,0.0012800002595146347,0.0004792932547258585,0.00034841962643951163
SW3747,biashara,biashara,0.9891929954982599,0.9891929954982599,0.007138245881246079,0.0033062125716237494,0.9891929954982599,0.00023046189918957022,0.0001320841496808
SW376,kitaifa,kitaifa,0.8754014304825031,0.8754014304825031,0.8754014304825031,0.01355692470050997,0.1043971377110268,0.005676382514654461,0.000968124591305495
SW3761,kitaifa,kitaifa,0.9876519340240973,0.9876519340240973,0.9876519340240973,0.0017071114145633544,0.001919483645612483,0.008334783118319413,0.0003866877974074694
SW3767,kitaifa,kitaifa,0.9591991909578198,0.9591991909578198,0.9591991909578198,0.001471900011939627,0.038784315244712944,0.0004019370030168644,0.00014265678251078236
SW3770,biashara,biashara,0.8213843810732783,0.8213843810732783,0.16552235453627842,0.0073114306814772234,0.8213843810732783,0.003878155667027192,0.0019036780419387782
SW3781,kitaifa,kitaifa,0.9813078660073571,0.9813078660073571,0.9813078660073571,0.000925549614821642,0.01689275467908705,0.0007157087485469258,0.0001581209501874482
SW3791,michezo,michezo,0.9971569019914741,0.9971569019914741,0.0018629496067595697,0.9971569019914741,0.0003432338782371709,0.0005280225947880668,0.0001088919287411012
SW3792,kitaifa,kitaifa,0.9622060439039593,0.9622060439039593,0.9622060439039593,0.023753115005867433,0.010765319862538907,0.0029595351003306467,0.0003159861273035144
SW3795,michezo,michezo,0.999501856991048,0.999501856991048,0.00021750956112629412,0.999501856991048,3.7958722885443974e-05,0.00018436147276327923,5.831325217708339e-05
SW3797,michezo,michezo,0.9872349975586872,0.9872349975586872,0.009514884011961069,0.9872349975586872,0.0017145723833627167,0.001087111330183893,0.00044843471580516313
SW380,kitaifa,kitaifa,0.924378205972776,0.924378205972776,0.924378205972776,0.008391999786653618,0.06511406342419777,0.0015999706926523637,0.0005157601237202809
SW3810,kitaifa,kitaifa,0.9685554605142273,0.9685554605142273,0.9685554605142273,0.010991176449426182,0.017374867530560063,0.002586679288840506,0.0004918162169457273
SW3836,kitaifa,kitaifa,0.6729284810564786,0.6729284810564786,0.6729284810564786,0.006068031845941659,0.31736377750370776,0.002803763345897017,0.0008359462479749411
SW3839,kitaifa,kitaifa,0.9098402639083375,0.9098402639083375,0.9098402639083375,0.007794379258044069,0.08116437464305315,0.000744699168715149,0.0004562830218501652
SW3844,michezo,michezo,0.9810888120080641,0.9810888120080641,0.017842952397570475,0.9810888120080641,0.0006234527746133403,0.0003034716511738051,0.00014131116857831532
SW3851,michezo,michezo,0.9816439725780542,0.9816439725780542,0.015504418028599597,0.9816439725780542,0.0017399909637193331,0.0007970488234179692,0.0003145696062087311
SW3867,kitaifa,kitaifa,0.8856490998034936,0.8856490998034936,0.8856490998034936,0.004158538697335849,0.10427946838210587,0.005111006015911185,0.000801887101153669
SW387,michezo,michezo,0.9778697810090398,0.9778697810090398,0.02055370360421908,0.9778697810090398,0.0010597046667397256,0.00029471314082265865,0.0002220975791787252
SW388,kitaifa,biashara,0.8851667425534592,0.10972288667054222,0.10972288667054222,0.003631882962254096,0.8851667425534592,0.0012432679878524864,0.00023521982589190407
SW3883,kitaifa,kitaifa,0.8677838724861504,0.8677838724861504,0.8677838724861504,0.04739437933383502,0.07750816908147523,0.005964640220721645,0.001348938877817619
SW3884,michezo,michezo,0.9942417760498992,0.9942417760498992,0.004043510364466315,0.9942417760498992,0.0003137335579364532,0.0011633540510617422,0.00023762597663621904
SW3896,biashara,biashara,0.5765721823240075,0.5765721823240075,0.40846591367564955,0.010793501395183898,0.5765721823240075,0.003275008964268304,0.0008933936408907382
SW3911,biashara,biashara,0.8815526220553512,0.8815526220553512,0.09098918077915405,0.022222357993254043,0.8815526220553512,0.0036677721037382963,0.0015680670685024511
SW3914,michezo,michezo,0.9328110752572631,0.9328110752572631,0.011893483492613491,0.9328110752572631,0.005892207033459712,0.004502475815426134,0.04490075840123759
SW3918,biashara,biashara,0.9146224596991417,0.9146224596991417,0.07990557732943099,0.0029089963051376956,0.9146224596991417,0.0020343092381563043,0.0005286574281332151
SW3919,kitaifa,kitaifa,0.6187995629160469,0.6187995629160469,0.6187995629160469,0.002103306863211833,0.3779112787745458,0.0007805861017421424,0.0004052653444534078
SW392,michezo,michezo,0.9334843013092489,0.9334843013092489,0.046923841510165286,0.9334843013092489,0.008205372032142501,0.008361840872260497,0.0030246442761830477
SW3944,michezo,michezo,0.9905362786654691,0.9905362786654691,0.0050965603400087815,0.9905362786654691,0.0033211567356223734,0.0008450636392997026,0.00020094061960009436
SW3960,kitaifa,biashara,0.6206632435287824,0.3772116618312655,0.3772116618312655,0.0011996791782716593,0.6206632435287824,0.0007534481206485462,0.00017196734103176256
SW3965,michezo,michezo,0.9974110539889027,0.9974110539889027,0.001433862107459814,0.9974110539889027,0.0006259066909474062,0.00036751190776871675,0.00016166530492131746
SW3969,biashara,biashara,0.8021104985011873,0.8021104985011873,0.19224649872019792,0.003405940036307067,0.8021104985011873,0.0018100996662072765,0.0004269630761003063
SW397,michezo,michezo,0.9807310605513748,0.9807310605513748,0.014948833499239008,0.9807310605513748,0.0023784068825411443,0.0014907937664448811,0.0004509053004001089
SW3970,biashara,biashara,0.9851173169035825,0.9851173169035825,0.0046116780155243085,0.006624015163411543,0.9851173169035825,0.0018426336532780696,0.0018043562642036976
SW3979,biashara,biashara,0.996330998168569,0.996330998168569,0.0021392145170235437,0.0010344314445246867,0.996330998168569,0.0003764640095330533,0.00011889186034974393
SW3996,michezo,michezo,0.9977834976667811,0.9977834976667811,0.0017871548613519492,0.9977834976667811,0.000242869141729922,0.00010634350744757372,8.013482268961831e-05
SW4014,kimataifa,kimataifa,0.4503366969529526,0.4503366969529526,0.2684693763550285,0.22261467706964816,0.044366183380102925,0.4503366969529526,0.01421306624226781
SW4015,biashara,biashara,0.9578646183115826,0.9578646183115826,0.01804781282346809,0.021229462552322824,0.9578646183115826,0.0019663514593310123,0.0008917548532953602
SW4021,kitaifa,kitaifa,0.9816340027776547,0.9816340027776547,0.9816340027776547,0.004295165524009637,0.012831102868868072,0.0010466058318051306,0.0001931229976626141
SW4036,michezo,michezo,0.9419577720245662,0.9419577720245662,0.055722247484917775,0.9419577720245662,0.00157323770003357,0.00047789432029779895,0.00026884847018460335
SW4041,michezo,michezo,0.8518303976754479,0.8518303976754479,0.1413928032868353,0.8518303976754479,0.0013147035169943741,0.0012291486350813603,0.004232946885641279
SW4044,michezo,michezo,0.9924724643963752,0.9924724643963752,0.005996536904109647,0.9924724643963752,0.0005875963026969132,0.0007539897461192064,0.00018941265069899596
SW4050,kitaifa,kitaifa,0.9572900311991313,0.9572900311991313,0.9572900311991313,0.03396202741059312,0.003064478433647931,0.005376747968138279,0.00030671498848937963
SW4056,kitaifa,kitaifa,0.9681393599102354,0.9681393599102354,0.9681393599102354,0.01564892463027123,0.01136399634065261,0.0033887666298941734,0.0014589524889467252
SW4058,michezo,michezo,0.9771323032573505,0.9771323032573505,0.015621653746495679,0.9771323032573505,0.006841717680090826,0.00021929131677443018,0.00018503399928886517
SW4063,michezo,michezo,0.9887953353432235,0.9887953353432235,0.008451892689052972,0.9887953353432235,0.0015507158682840842,0.0007434489505101618,0.000458607148929223
SW4067,michezo,michezo,0.9875221060328423,0.9875221060328423,0.009971278565728032,0.9875221060328423,0.0006603591105155841,0.0012644153622291875,0.0005818409286849297
SW4069,kitaifa,kitaifa,0.9420970988403604,0.9420970988403604,0.9420970988403604,0.026673349913185773,0.027746898050146337,0.0023746700948376696,0.0011079831014701655
SW4072,michezo,michezo,0.9991775736163767,0.9991775736163767,0.0004191206967646558,0.9991775736163767,0.00027894230346594195,9.127997161239254e-05,3.308341178004571e-05
SW4073,kitaifa,kitaifa,0.5587081496199012,0.5587081496199012,0.5587081496199012,0.00046315788236566644,0.4402544105356279,0.00047849234647130077,9.578961563380924e-05
SW4077,biashara,biashara,0.9967664219292878,0.9967664219292878,0.0015954231109757161,0.0013311756461939926,0.9967664219292878,0.00019131059997243717,0.00011566871357007733
SW4100,biashara,biashara,0.6375601412110349,0.6375601412110349,0.3078104653331752,0.04374092413000943,0.6375601412110349,0.00921187524613955,0.0016765940796411609
SW4105,kitaifa,kitaifa,0.6920916141596465,0.6920916141596465,0.6920916141596465,0.032623433878284834,0.2627093040869166,0.010418554652691347,0.0021570932224606264
SW4107,kitaifa,biashara,0.8539677106040419,0.14074060619216067,0.14074060619216067,0.0009068293110041088,0.8539677106040419,0.003968633371971361,0.0004162205208219919
SW4120,kitaifa,kitaifa,0.7836964969814507,0.7836964969814507,0.7836964969814507,0.14045243940619537,0.05417448873310908,0.017760596736491007,0.003915978142753776
SW4122,kitaifa,kitaifa,0.8059050661958307,0.8059050661958307,0.8059050661958307,0.014802263722351385,0.00675581432810135,0.16926299967476338,0.003273856078953277
SW4130,biashara,biashara,0.987237994691563,0.987237994691563,0.009790718068277707,0.002376116367972041,0.987237994691563,0.00035931817727454765,0.00023585269491248621
SW4140,michezo,michezo,0.9137619633942808,0.9137619633942808,0.07851368293780199,0.9137619633942808,0.005344513336613057,0.001755116660184842,0.0006247236711191874
SW4163,kitaifa,biashara,0.5143684391720977,0.479046529577322,0.479046529577322,0.004257897109627932,0.5143684391720977,0.00158810586005996,0.0007390282808923148
SW4165,michezo,michezo,0.935022843979834,0.935022843979834,0.03467964746888062,0.935022843979834,0.011424170736429613,0.011876267290708321,0.006997070524147375
SW4166,michezo,kitaifa,0.822714838383176,0.16773482637349163,0.822714838383176,0.16773482637349163,0.003302369940684265,0.005686738902613069,0.0005612264000351403
SW4169,michezo,michezo,0.866430205999772,0.866430205999772,0.11647286576443558,0.866430205999772,0.010690753047920575,0.00428514327575866,0.0021210319121130576
SW4170,michezo,michezo,0.9842472135170998,0.9842472135170998,0.01085613894721506,0.9842472135170998,0.003682993710008946,0.0008676535132536033,0.0003460003124227814
SW4177,biashara,biashara,0.9836245906539677,0.9836245906539677,0.01362445090066914,0.001077603485999309,0.9836245906539677,0.0014388289352409973,0.00023452602412308025
SW4209,biashara,biashara,0.9956508634493981,0.9956508634493981,0.0024546776330521213,0.0013983406647006368,0.9956508634493981,0.00040711155267581363,8.900670017328783e-05
SW4220,biashara,biashara,0.9933089461499578,0.9933089461499578,0.004376001260302664,0.0016342798591760194,0.9933089461499578,0.00046145383168007915,0.00021931889888350556
SW4231,kitaifa,kitaifa,0.959947229393121,0.959947229393121,0.959947229393121,0.007100956551041158,0.025240124814943542,0.00588099109602298,0.001830698144871162
SW426,michezo,michezo,0.9828356021217102,0.9828356021217102,0.015284127962788132,0.9828356021217102,0.0014033275569507314,0.0003252401103843778,0.0001517022481665842
SW4262,kitaifa,kitaifa,0.7774053504334626,0.7774053504334626,0.7774053504334626,0.04188752653457194,0.17202184732421608,0.005920356398508325,0.002764919309241156
SW4265,michezo,michezo,0.9900750038597627,0.9900750038597627,0.008724821466629102,0.9900750038597627,0.0003603540884397954,0.000533068273793593,0.0003067523113748975
SW4273,kitaifa,biashara,0.666693066039246,0.3281953391890449,0.3281953391890449,0.003896168915453945,0.666693066039246,0.0007106857644251228,0.0005047400918299967
SW4275,biashara,biashara,0.8586067199196645,0.8586067199196645,0.13597351517059317,0.0022702252418923844,0.8586067199196645,0.002320989227510625,0.0008285504403393233
SW4296,kitaifa,kitaifa,0.8698853545134392,0.8698853545134392,0.8698853545134392,0.009379087535464202,0.1175471792809038,0.002379522498501802,0.0008088561716910627
SW430,michezo,michezo,0.9402644191327437,0.9402644191327437,0.043943255364231035,0.9402644191327437,0.00661777547804571,0.004458666792151629,0.004715883232827819
SW4302,kitaifa,biashara,0.5916469018585698,0.40192083597646727,0.40192083597646727,0.003272828394387998,0.5916469018585698,0.0026195265315375705,0.0005399072390373678
SW4316,michezo,michezo,0.9972397029243953,0.9972397029243953,0.0009239880376580624,0.9972397029243953,0.0009575704185913574,0.00048007906221857085,0.0003986595571367742
SW4317,kitaifa,kitaifa,0.9805787777765085,0.9805787777765085,0.9805787777765085,0.00865188782721542,0.007153727346177126,0.0032078858239182866,0.0004077212261808222
SW4325,kitaifa,kitaifa,0.9031417614273545,0.9031417614273545,0.9031417614273545,0.0471339789769148,0.038900660415236765,0.009745339455783387,0.0010782597247106713
SW4327,biashara,biashara,0.986744300649416,0.986744300649416,0.011909462809712293,0.0007681576808398838,0.986744300649416,0.0004347985475319298,0.00014328031249994335
SW4328,michezo,michezo,0.993518656394078,0.993518656394078,0.004681892487089192,0.993518656394078,0.001073561777972577,0.0004439882614778952,0.0002819010793824299
SW4336,biashara,biashara,0.9946993975966028,0.9946993975966028,0.0027782760184490384,0.0014555245947917156,0.9946993975966028,0.0008133976784595648,0.00025340411169680083
SW4360,biashara,biashara,0.9588253610927963,0.9588253610927963,0.03993457154902718,0.0010177403707236935,0.9588253610927963,0.0001388537647474761,8.347322270530879e-05
SW4361,kitaifa,kitaifa,0.9627917743713185,0.9627917743713185,0.9627917743713185,0.00490331074068044,0.03055623241136765,0.0012745914257348528,0.00047409105089885344
SW4363,kitaifa,kitaifa,0.970147949236344,0.970147949236344,0.970147949236344,0.008095815530626702,0.014178496172487008,0.00640719922786879,0.0011705398326735037
SW4368,kitaifa,kitaifa,0.9320353058372502,0.9320353058372502,0.9320353058372502,0.00915054641665399,0.04336460313011745,0.014246092721712884,0.0012034518942656302
SW4375,michezo,michezo,0.47031957759054643,0.47031957759054643,0.3010878601031956,0.47031957759054643,0.2177301574596986,0.007819955197155903,0.003042449649403347
SW4381,kitaifa,kitaifa,0.9905949545416988,0.9905949545416988,0.9905949545416988,0.0024888124304742053,0.006381168324026537,0.00047573724752967796,5.932745627071344e-05
SW4383,kitaifa,kitaifa,0.495299872933488,0.495299872933488,0.495299872933488,0.2878062705972234,0.05469703662125904,0.05242712037332068,0.10976969947470891
SW4385,biashara,biashara,0.9541894496845322,0.9541894496845322,0.02179796830343189,0.015377172845332842,0.9541894496845322,0.007243328324468065,0.0013920808422350495
SW4389,biashara,biashara,0.9889032596673658,0.9889032596673658,0.00986881627482738,0.0009122482538289774,0.9889032596673658,0.0002198840536747517,9.579175030316377e-05
SW4394,michezo,michezo,0.9974324378005375,0.9974324378005375,0.0021428550537808165,0.9974324378005375,0.00025090668980613833,0.00010612590061991003,6.767455525568032e-05
SW4399,kitaifa,kitaifa,0.5893404427512351,0.5893404427512351,0.5893404427512351,0.09422621621489485,0.22541739292430812,0.08357605077110807,0.0074398973384538864
SW4400,biashara,biashara,0.869349305131174,0.869349305131174,0.09402252297605573,0.0272208695727205,0.869349305131174,0.007449042912191619,0.001958259407858176
SW4407,michezo,michezo,0.9910887011048551,0.9910887011048551,0.002944414156918357,0.9910887011048551,0.004343143372787716,0.0010744183049350875,0.0005493230605035757
SW4437,michezo,michezo,0.5276385477134947,0.5276385477134947,0.2408698640143943,0.5276385477134947,0.18576231994327486,0.03469354954210878,0.011035718786727372
SW4442,biashara,biashara,0.9497922041973716,0.9497922041973716,0.046084729959788906,0.0024820309753016113,0.9497922041973716,0.0011047588507554385,0.0005362760167822844
SW4450,michezo,michezo,0.9920545369571798,0.9920545369571798,0.006445323356005505,0.9920545369571798,0.0009256239462963282,0.00044877155495714566,0.0001257441855611457
SW4452,biashara,biashara,0.9839408335642305,0.9839408335642305,0.015447970142643883,0.0003147217654649069,0.9839408335642305,0.00020801377125332585,8.846075640757646e-05
SW4453,biashara,biashara,0.7478570252940804,0.7478570252940804,0.20939253855769588,0.03315112790540766,0.7478570252940804,0.004699969507577442,0.004899338735238466
SW4454,michezo,michezo,0.9909280078688505,0.9909280078688505,0.0037061613571204724,0.9909280078688505,0.004757239943762466,0.0004118552209087029,0.00019673560935807446
SW4456,michezo,michezo,0.9948708152519811,0.9948708152519811,0.00418044685962299,0.9948708152519811,0.0003792459693819012,0.0003992714319992584,0.00017022048701469052
SW4457,kitaifa,kitaifa,0.866636287120411,0.866636287120411,0.866636287120411,0.04419416132382937,0.07372643506578004,0.013787462408436018,0.0016556540815434342
SW4461,kitaifa,kitaifa,0.9737103309103575,0.9737103309103575,0.9737103309103575,0.0022187422727992416,0.02298654004920091,0.000939776634391952,0.0001446101332505303
SW4470,michezo,michezo,0.9977979557406353,0.9977979557406353,0.0010082076486866878,0.9977979557406353,0.0004912992831063674,0.0005338224744827393,0.00016871485308885602
SW4476,michezo,michezo,0.9870800920891469,0.9870800920891469,0.010618949666099062,0.9870800920891469,0.0018362544405353459,0.00030351090653117353,0.00016119289768745516
SW448,michezo,michezo,0.9958787638684103,0.9958787638684103,0.003418837920232777,0.9958787638684103,0.00012884824992438998,0.0003646262888740059,0.0002089236725585399
SW4485,michezo,michezo,0.9571122789211044,0.9571122789211044,0.020820213470000046,0.9571122789211044,0.009282873521635626,0.009579940037518388,0.0032046940497416146
SW4487,biashara,biashara,0.9633538758431177,0.9633538758431177,0.02465112305116691,0.008998937439724387,0.9633538758431177,0.001874166678529861,0.001121896987461028
SW4489,biashara,biashara,0.9874603410340083,0.9874603410340083,0.008581592196150596,0.002707097133071827,0.9874603410340083,0.0006943507537891013,0.0005566188829804094
SW4493,michezo,michezo,0.9964852823358562,0.9964852823358562,0.0015971798252893494,0.9964852823358562,0.0007543713285146152,0.0007040716657844872,0.00045909484455533436
SW4495,kitaifa,kitaifa,0.9775772941163265,0.9775772941163265,0.9775772941163265,0.0020848897552762035,0.019850456487154278,0.0003910702744751383,9.628936676789948e-05
SW4525,biashara,kitaifa,0.9223883973920411,0.07259575285907167,0.9223883973920411,0.0034742302721753712,0.07259575285907167,0.0013398524299484207,0.00020176704676345405
SW4535,michezo,michezo,0.9751680065009387,0.9751680065009387,0.022843324838985678,0.9751680065009387,0.0010605454832139894,0.000577885648398284,0.0003502375284634393
SW4548,michezo,michezo,0.4454068524196625,0.4454068524196625,0.23294438192806657,0.4454068524196625,0.04322913350034517,0.2438318892819526,0.03458774286997321
SW4554,kitaifa,kitaifa,0.9138198105908004,0.9138198105908004,0.9138198105908004,0.004216466045184942,0.0807533054838068,0.0009292527551842443,0.00028116512502346586
SW4555,kitaifa,kitaifa,0.960672409810546,0.960672409810546,0.960672409810546,0.009799249500627006,0.023285217712249808,0.005243062894930293,0.0010000600816468064
SW458,michezo,michezo,0.9988099498764964,0.9988099498764964,0.0008510839136374606,0.9988099498764964,0.00020069027467643766,8.835732466252696e-05,4.9918610527218115e-05
SW4592,biashara,biashara,0.9948354471491784,0.9948354471491784,0.004580699544574128,0.0003523135821938462,0.9948354471491784,0.00018438188904643468,4.7157835007360845e-05
SW4599,michezo,michezo,0.9840668595797177,0.9840668595797177,0.00943988842645004,0.9840668595797177,0.004842113509429325,0.0011788744773698215,0.0004722640070331259
SW4600,biashara,kitaifa,0.9619349107780506,0.037410371031558885,0.9619349107780506,0.0005018974102529095,0.037410371031558885,8.734683999712572e-05,6.547394014033094e-05
SW4601,michezo,michezo,0.9934842690800367,0.9934842690800367,0.004697492130593781,0.9934842690800367,0.0013267783750238263,0.0003471607518526526,0.0001442996624928474
SW4623,michezo,michezo,0.9737274559657206,0.9737274559657206,0.02404778394883256,0.9737274559657206,0.001548650216481425,0.0005133315490839512,0.00016277831988123153
SW4628,kitaifa,kitaifa,0.872022391293294,0.872022391293294,0.872022391293294,0.021031173023610076,0.0934502136380765,0.012117885479189074,0.0013783365658303283
SW4629,michezo,michezo,0.9287717732732316,0.9287717732732316,0.04271727438710222,0.9287717732732316,0.018655334956335038,0.007778972747754929,0.0020766446355761073
SW463,biashara,biashara,0.6942616724322641,0.6942616724322641,0.3003374595398061,0.0032621841852406657,0.6942616724322641,0.0015971606944511667,0.0005415231482381275
SW4633,kitaifa,kitaifa,0.995863679023527,0.995863679023527,0.995863679023527,0.0008117465093738946,0.0025023889797660907,0.0007821804135528587,4.0005073779954206e-05
SW4637,kitaifa,kitaifa,0.9410150344961415,0.9410150344961415,0.9410150344961415,0.005164537045221369,0.05185407369175261,0.0016182879695647485,0.00034806679731980584
SW4647,michezo,michezo,0.9768677588294233,0.9768677588294233,0.006393065501505446,0.9768677588294233,0.005089500167525782,0.007885156841509,0.0037645186600365013
SW4651,kitaifa,biashara,0.9551649063571424,0.03880772442975997,0.03880772442975997,0.0048487812009449785,0.9551649063571424,0.0006763652400610612,0.0005022227720917219
SW4655,kitaifa,kitaifa,0.9211513726382483,0.9211513726382483,0.9211513726382483,0.035257815266592024,0.017071539009426786,0.023961237334994823,0.0025580357507382825
SW466,michezo,michezo,0.9897467143855718,0.9897467143855718,0.006084054945081618,0.9897467143855718,0.0006820334863576367,0.00274176146537382,0.0007454357176150978
SW4667,michezo,michezo,0.9971087437902114,0.9971087437902114,0.0012510506604609523,0.9971087437902114,0.0007581000795494577,0.0006006647027084062,0.00028144076706955305
SW4673,kitaifa,kitaifa,0.9673166192743767,0.9673166192743767,0.9673166192743767,0.01923132329958531,0.003786219047429199,0.009029648257097058,0.0006361901215117225
SW4678,biashara,biashara,0.7261931384836454,0.7261931384836454,0.2721094845208084,0.0009108604332917425,0.7261931384836454,0.0003927034722629565,0.00039381308999142216
SW4681,michezo,michezo,0.9725730168216177,0.9725730168216177,0.025147568944815516,0.9725730168216177,0.0011885027208966823,0.000786337160747002,0.00030457435192307456
SW4686,biashara,biashara,0.9812456571323064,0.9812456571323064,0.011967162492588649,0.005968893627702174,0.9812456571323064,0.000587846114511086,0.00023044063289169353
SW469,kitaifa,kitaifa,0.982884582290154,0.982884582290154,0.982884582290154,0.008688135087991638,0.0042415908233607875,0.0037134264160397666,0.00047226538245388457
SW4693,michezo,michezo,0.9857941245967765,0.9857941245967765,0.010904971020094986,0.9857941245967765,0.0010943775762871943,0.001423981638032313,0.0007825451688090039
SW4698,biashara,biashara,0.9252444374392897,0.9252444374392897,0.055718197591689014,0.01538318130369826,0.9252444374392897,0.0029749762851888303,0.0006792073801342559
SW4699,kitaifa,kitaifa,0.9947070500295966,0.9947070500295966,0.9947070500295966,0.00256216343068655,0.0020300203400903396,0.0005987813600910628,0.00010198483953548238
SW47,kitaifa,kitaifa,0.9772218212983287,0.9772218212983287,0.9772218212983287,0.0026664693824507203,0.01866937811133629,0.001195792534432434,0.00024653867345201657
SW4710,michezo,michezo,0.9882258266268261,0.9882258266268261,0.010572018415159971,0.9882258266268261,0.00048676544156388865,0.0004426415438408326,0.00027274797260922536
SW4711,biashara,biashara,0.91226116008371,0.91226116008371,0.08543325057270362,0.0015107110545439046,0.91226116008371,0.0005887129912397556,0.00020616529780281465
SW4712,kitaifa,kitaifa,0.8120774803763616,0.8120774803763616,0.8120774803763616,0.13629080796509213,0.024467151494491513,0.024645087384831135,0.002519472779223587
SW4720,michezo,michezo,0.9878824880223696,0.9878824880223696,0.0077096198437124975,0.9878824880223696,0.001676011815715495,0.0019686832678798534,0.0007631970503224519
SW474,michezo,kitaifa,0.962928833359193,0.013062753370235202,0.962928833359193,0.013062753370235202,0.01894673075657266,0.003943651856868448,0.0011180306571306085
SW4741,kitaifa,kitaifa,0.9959228625251666,0.9959228625251666,0.9959228625251666,0.00025725947823477906,0.003596200661863813,0.00018830701525055226,3.53703194841065e-05
SW4745,kitaifa,kitaifa,0.9414679269645082,0.9414679269645082,0.9414679269645082,0.029888455073847416,0.00713032204514855,0.02005115801959293,0.0014621378969028908
SW4748,kitaifa,kitaifa,0.8825400350903371,0.8825400350903371,0.8825400350903371,0.0017162596028019287,0.11466668393073504,0.000856718080558573,0.00022030329556735548
SW4750,michezo,michezo,0.9681680212575013,0.9681680212575013,0.028188543215691978,0.9681680212575013,0.0026428066728320485,0.000683605597212849,0.0003170232567617688
SW4757,kitaifa,kitaifa,0.9035363372922308,0.9035363372922308,0.9035363372922308,0.008559821428588327,0.08414894228410098,0.003207635882956486,0.0005472631121233854
SW4762,kitaifa,biashara,0.8243945929665037,0.17297549728675662,0.17297549728675662,0.0015281591206182312,0.8243945929665037,0.0008215509242890925,0.0002801997018324109
SW4763,biashara,biashara,0.854518964769867,0.854518964769867,0.1256409649485288,0.010006215484049742,0.854518964769867,0.008247842330645056,0.0015860124669093304
SW4765,biashara,biashara,0.8497772413488874,0.8497772413488874,0.13800643681407648,0.010348170672138352,0.8497772413488874,0.0015404774269215324,0.00032767373797627753
SW4766,michezo,michezo,0.9771921205575395,0.9771921205575395,0.02168412853991147,0.9771921205575395,0.0006154558282060432,0.00039227712312095377,0.00011601795122198249
SW4767,kitaifa,kitaifa,0.9003143447531655,0.9003143447531655,0.9003143447531655,0.06247287267405759,0.023218283272777963,0.008394831923922185,0.0055996673760768945
SW478,kitaifa,biashara,0.5268821535735254,0.4651829739535961,0.4651829739535961,0.003890101001320651,0.5268821535735254,0.002833485598403254,0.0012112858731545895
SW4783,michezo,michezo,0.9647535333089833,0.9647535333089833,0.029953589859317988,0.9647535333089833,0.0029834692740002074,0.0017112768318435989,0.0005981307258548725
SW4784,biashara,biashara,0.9579052322043281,0.9579052322043281,0.011342850104620784,0.028845961425183825,0.9579052322043281,0.0010073235454992648,0.0008986327203678918
SW4793,michezo,michezo,0.9745414473332652,0.9745414473332652,0.02318755713065018,0.9745414473332652,0.0015248915104121646,0.0005329078757556028,0.00021319614991683434
SW48,michezo,michezo,0.9137286540372843,0.9137286540372843,0.042801327128238566,0.9137286540372843,0.0010472408126858631,0.04089277440871662,0.0015300036130746482
SW4802,biashara,biashara,0.7261504978237379,0.7261504978237379,0.10176999379270515,0.16190824856880556,0.7261504978237379,0.0053447038886993556,0.0048265559260520716
SW4803,kitaifa,kitaifa,0.997621795724977,0.997621795724977,0.997621795724977,0.001220885120887515,0.0006537986003280613,0.0004614219345464968,4.209861926089078e-05
SW4818,kitaifa,kitaifa,0.6540765513498902,0.6540765513498902,0.6540765513498902,0.18743752837318312,0.14570896090355767,0.008194785242690876,0.004582174130678185
SW4830,biashara,biashara,0.9199095893510497,0.9199095893510497,0.07801378286066933,0.001427701808584626,0.9199095893510497,0.00031975353024947577,0.00032917244944701874
SW4854,kitaifa,kitaifa,0.9520341444122368,0.9520341444122368,0.9520341444122368,0.036939709006250224,0.00852215834842012,0.0020516365894875563,0.0004523516436051962
SW4855,kitaifa,kitaifa,0.9501432638967282,0.9501432638967282,0.9501432638967282,0.025564949598266818,0.0018468915006972385,0.02193408082757959,0.0005108141767280445
SW4856,michezo,michezo,0.5937329058068457,0.5937329058068457,0.40177769508036165,0.5937329058068457,0.0007484409968915243,0.0022752015475417295,0.0014657565683594102
SW4861,biashara,biashara,0.6546924269493414,0.6546924269493414,0.3379192590802595,0.005099283274986684,0.6546924269493414,0.0014531938378071513,0.0008358368576053272
SW4872,kitaifa,kitaifa,0.9489834783426285,0.9489834783426285,0.9489834783426285,0.030496633123768005,0.012543956855043724,0.006945498121705509,0.0010304335568544236
SW4888,kitaifa,kitaifa,0.8462271571834766,0.8462271571834766,0.8462271571834766,0.007485222213032059,0.1372459448414141,0.008410654695969468,0.0006310210661076461
SW4894,kitaifa,biashara,0.544429167385804,0.45056523140636706,0.45056523140636706,0.0025814217748917007,0.544429167385804,0.0017372352331634067,0.0006869441997738114
SW4911,kitaifa,kitaifa,0.5188426685774075,0.5188426685774075,0.5188426685774075,0.007522623825517422,0.46901768266832516,0.004008734320984664,0.0006082906077653438
SW4913,kitaifa,kitaifa,0.9590707806092934,0.9590707806092934,0.9590707806092934,0.021529007839032856,0.01162959631164775,0.006966108744948539,0.0008045064950772773
SW4916,kitaifa,kitaifa,0.8450186798201987,0.8450186798201987,0.8450186798201987,0.004840095146529509,0.14638066604038114,0.0026166320987553206,0.0011439268941351743
SW4933,michezo,michezo,0.9857903605878667,0.9857903605878667,0.009562898770422825,0.9857903605878667,0.0036151649386839796,0.0007611316823161641,0.00027044402071029546
SW4934,kitaifa,kitaifa,0.985702794590079,0.985702794590079,0.985702794590079,0.003902285074668613,0.007505631814032486,0.0024379410247623748,0.0004513474964577355
SW4939,kitaifa,kitaifa,0.99895223154177,0.99895223154177,0.99895223154177,0.0002581991206000608,0.00047697722043509245,0.0002846029383114127,2.7989178883575493e-05
SW4956,kitaifa,kitaifa,0.9637152251291663,0.9637152251291663,0.9637152251291663,0.007415675321783896,0.020007061161962783,0.007858285425315135,0.0010037529617718413
SW496,kitaifa,biashara,0.9665395205570642,0.03143807737119312,0.03143807737119312,0.0007066273628989911,0.9665395205570642,0.0011429580610562843,0.00017281664778761606
SW4967,michezo,michezo,0.9948599916989032,0.9948599916989032,0.0019937650113287385,0.9948599916989032,0.001542457070114033,0.0007467130958286153,0.0008570731238253961
SW4970,biashara,kitaifa,0.9228214038644136,0.07566984965130233,0.9228214038644136,0.0006351177320782573,0.07566984965130233,0.000738207466010245,0.00013542128619564126
SW4973,biashara,kitaifa,0.7734807618220352,0.2241954439762666,0.7734807618220352,0.0009440402104689214,0.2241954439762666,0.0012532018521229822,0.00012655213910645145
SW4983,michezo,michezo,0.8784741685185111,0.8784741685185111,0.12047608265107584,0.8784741685185111,0.0003584122339898612,0.0006171888699254004,7.414772649791344e-05
SW4992,kitaifa,kitaifa,0.9504068575903091,0.9504068575903091,0.9504068575903091,0.000597799683103601,0.04781512401252507,0.0009026066701320273,0.00027761204393022046
SW4994,kitaifa,kitaifa,0.9981930044572096,0.9981930044572096,0.9981930044572096,0.0009478925458268766,0.0006613377492914172,0.00016527054253283384,3.2494705139180205e-05
SW5012,kitaifa,kitaifa,0.7193168471142692,0.7193168471142692,0.7193168471142692,0.009955433561669757,0.2686447978871334,0.0012471998408251075,0.0008357215961026099
SW5018,michezo,michezo,0.9903177302272592,0.9903177302272592,0.005591713013986107,0.9903177302272592,0.001794990928099663,0.0016378763958042844,0.0006576894348504314
SW5031,michezo,kitaifa,0.8540737830276979,0.13358781688539423,0.8540737830276979,0.13358781688539423,0.008281844243253593,0.003064049066115371,0.0009925067775389872
SW505,michezo,michezo,0.9979348502232674,0.9979348502232674,0.0016778423859142748,0.9979348502232674,0.0002019913659395169,0.0001215107861563853,6.380523872238218e-05
SW5064,kitaifa,kitaifa,0.9745149087741375,0.9745149087741375,0.9745149087741375,0.0027107755672102266,0.020574960783145694,0.0019334748058670909,0.0002658800696394571
SW5065,biashara,biashara,0.9953628254546508,0.9953628254546508,0.002886354675316771,0.0011106946973680786,0.9953628254546508,0.0003978058462466147,0.0002423193264175931
SW5071,biashara,michezo,0.5212569276268841,0.29464352609346545,0.1605311677901252,0.5212569276268841,0.29464352609346545,0.01247949583335278,0.011088882656172486
SW5078,biashara,biashara,0.9506988949119168,0.9506988949119168,0.03187448256960304,0.012258282289990237,0.9506988949119168,0.0032247362882678577,0.0019436039402219423
SW5081,biashara,biashara,0.9869717725121105,0.9869717725121105,0.011721880244609894,0.00033755257429660075,0.9869717725121105,0.0007819353000377138,0.0001868593689450294
SW5094,biashara,biashara,0.5211058549254608,0.5211058549254608,0.4628616704468535,0.010591138404148557,0.5211058549254608,0.004867725560499951,0.0005736106630371872
SW5102,michezo,michezo,0.9197931031796126,0.9197931031796126,0.05256849983285068,0.9197931031796126,0.02408436467360874,0.0027845343456904302,0.0007694979682375975
SW5103,michezo,michezo,0.9892126374720595,0.9892126374720595,0.009404777094356189,0.9892126374720595,0.0005913623988196064,0.0005989985810510384,0.00019222445371387865
SW5116,kitaifa,kitaifa,0.954562932721033,0.954562932721033,0.954562932721033,0.008108838251665166,0.03574444820388704,0.0010709771341456916,0.0005128036892691171
SW5125,kitaifa,kitaifa,0.9710504317852453,0.9710504317852453,0.9710504317852453,0.002759369101156487,0.02508502966307229,0.000864611066968029,0.00024055838355797345
SW5128,michezo,michezo,0.8551638672215716,0.8551638672215716,0.06196831617848074,0.8551638672215716,0.07460646435075528,0.005632829355268694,0.002628522893923571
SW5132,michezo,michezo,0.9329466087073748,0.9329466087073748,0.06188339641682721,0.9329466087073748,0.002690206601588736,0.0018462726151732823,0.0006335156590360018
SW5133,michezo,michezo,0.9948291094637096,0.9948291094637096,0.002887285853879718,0.9948291094637096,0.0009667374905039316,0.0008122905395770009,0.0005045766523297403
SW5154,biashara,biashara,0.8404911954879268,0.8404911954879268,0.14940078933633053,0.0069694783523221275,0.8404911954879268,0.002198788351952245,0.0009397484714682217
SW5168,biashara,biashara,0.9148568953539524,0.9148568953539524,0.0443342825832917,0.031311304612371575,0.9148568953539524,0.0072492532342411375,0.0022482642161433123
SW5171,michezo,michezo,0.9986704177639018,0.9986704177639018,0.000795594959992062,0.9986704177639018,0.00012728508481283082,0.00028859030774532654,0.00011811188354792278
SW5184,biashara,kitaifa,0.8767129329157237,0.09036702333604833,0.8767129329157237,0.026194715847902728,0.09036702333604833,0.0056559968216326915,0.001069331078692578
SW5188,michezo,michezo,0.9902457880415547,0.9902457880415547,0.008640890662903404,0.9902457880415547,0.0003633602602799181,0.00046530501799252013,0.00028465601726929027
SW5189,kitaifa,biashara,0.8833226541189518,0.1145994513906921,0.1145994513906921,0.0007215483860292612,0.8833226541189518,0.0011311339932381492,0.00022521211108878175
SW5193,michezo,michezo,0.9988610598111928,0.9988610598111928,0.0007132732553708998,0.9988610598111928,6.0172294655540404e-05,0.0003010726855210495,6.442195325979128e-05
SW5202,kitaifa,kitaifa,0.771862976551149,0.771862976551149,0.771862976551149,0.00489773669348954,0.220740881071134,0.0017731585908927557,0.0007252470933346402
SW521,michezo,michezo,0.9270803974308846,0.9270803974308846,0.045330032492036536,0.9270803974308846,0.02248792878968855,0.003954801964028253,0.0011468393233620298
SW5232,kitaifa,kitaifa,0.9944225810506362,0.9944225810506362,0.9944225810506362,0.00041596929651923514,0.005071374700444843,6.506031497278238e-05,2.501463742708015e-05
SW5236,kitaifa,kitaifa,0.9775757554211515,0.9775757554211515,0.9775757554211515,0.005107014000618049,0.01562736295545252,0.001447057633754379,0.0002428099890234666
SW5242,biashara,biashara,0.551867317298724,0.551867317298724,0.35554209641468865,0.05584011514768901,0.551867317298724,0.03310299223488139,0.003647478904017018
SW5263,kitaifa,kitaifa,0.7028163417372227,0.7028163417372227,0.7028163417372227,0.013905149050802429,0.27346946359947305,0.0076668443264904275,0.0021422012860113724
SW5272,kitaifa,kitaifa,0.8471741152305687,0.8471741152305687,0.8471741152305687,0.004413218025336959,0.1443889935121565,0.00296237609537265,0.001061297136565089
SW5277,michezo,michezo,0.9557567764640739,0.9557567764640739,0.041954296938797486,0.9557567764640739,0.0017493519067404775,0.00036629677337318917,0.00017327791701506306
SW5290,michezo,michezo,0.9824097648010062,0.9824097648010062,0.012110258520770491,0.9824097648010062,0.0044992929474283695,0.0007065457785620715,0.00027413795223311694
SW531,kitaifa,kitaifa,0.9904901873971932,0.9904901873971932,0.9904901873971932,0.0041693054572034685,0.001440001950149256,0.003553825251866823,0.000346679943587363
SW5322,biashara,kitaifa,0.759472132856778,0.2231379219189072,0.759472132856778,0.01241690193130268,0.2231379219189072,0.004394821043178397,0.0005782222498338656
SW5325,kitaifa,kitaifa,0.9599662326369526,0.9599662326369526,0.9599662326369526,0.009883360373316453,0.02089771313122186,0.008436618748362894,0.0008160751101460211
SW5334,michezo,michezo,0.995215947685757,0.995215947685757,0.004320169114068654,0.995215947685757,0.00030772861907786715,7.56581106017767e-05,8.049647049492656e-05
SW5338,biashara,kitaifa,0.7357753045877166,0.2555428362749923,0.7357753045877166,0.004955912963549037,0.2555428362749923,0.0031255072796471137,0.0006004388940948166
SW534,biashara,kitaifa,0.5800322759853671,0.41350606801601125,0.5800322759853671,0.005391288896010146,0.41350606801601125,0.0006408310518636799,0.00042953605074785677
SW5341,michezo,michezo,0.9919529359847381,0.9919529359847381,0.007420141444478118,0.9919529359847381,0.00026885246123848147,0.0002481302385544436,0.00010993987099078756
SW5351,biashara,biashara,0.5025734252080064,0.5025734252080064,0.33205311619639055,0.07733991217896798,0.5025734252080064,0.08203169868056788,0.0060018477360672985
SW5352,michezo,michezo,0.9705716467887264,0.9705716467887264,0.02579357550579162,0.9705716467887264,0.0022586272023623175,0.0009794445893491885,0.00039670591377044106
SW5354,biashara,biashara,0.9333437639114538,0.9333437639114538,0.04740540046199292,0.012493141045868256,0.9333437639114538,0.004747781609624011,0.0020099129710609643
SW5365,michezo,michezo,0.8584633971034329,0.8584633971034329,0.12144949992728606,0.8584633971034329,0.014137776252742172,0.005260219569549127,0.0006891071469896237
SW5366,biashara,kitaifa,0.8784046177475269,0.09574430107641925,0.8784046177475269,0.018124525088086416,0.09574430107641925,0.004336893736912523,0.003389662351054832
SW5370,michezo,michezo,0.9954667485873943,0.9954667485873943,0.002350001139297103,0.9954667485873943,0.0011210870441578395,0.0007655412835090037,0.00029662194564191526
SW5371,biashara,biashara,0.9934709363574182,0.9934709363574182,0.005108630689855783,0.0007982359716848553,0.9934709363574182,0.0004947938223640762,0.00012740315867707655
SW5388,kitaifa,kitaifa,0.9901318506584681,0.9901318506584681,0.9901318506584681,0.000680520146660069,0.00880231589733674,0.00030529425412646977,8.001904340867965e-05
SW5407,michezo,michezo,0.5215573104782576,0.5215573104782576,0.3739696369521561,0.5215573104782576,0.09188496268415078,0.009763277034705689,0.002824812850729933
SW5408,michezo,michezo,0.9867197159425317,0.9867197159425317,0.012328372166481095,0.9867197159425317,0.0005173457804427711,0.0002914270461702867,0.0001431390643741559
SW5412,kitaifa,biashara,0.8775199586185998,0.11397798656704211,0.11397798656704211,0.006405551006727869,0.8775199586185998,0.0016587887738829072,0.00043771503374739873
SW5413,biashara,biashara,0.8502176999888781,0.8502176999888781,0.13160457073464665,0.004978678877175375,0.8502176999888781,0.0112567935629024,0.0019422568363975528
SW5414,kitaifa,kitaifa,0.8966798300700756,0.8966798300700756,0.8966798300700756,0.04042491758262144,0.0111243853447044,0.048874636486984126,0.0028962305156141665
SW5419,kitaifa,kitaifa,0.9209352220020028,0.9209352220020028,0.9209352220020028,0.05483174441435693,0.01913838505875657,0.0040172060068953235,0.0010774425179883949
SW5438,biashara,biashara,0.8229285750288858,0.8229285750288858,0.17371945100358982,0.002217170017449234,0.8229285750288858,0.00098741214876344,0.00014739180131164516
SW5442,michezo,michezo,0.987611821707674,0.987611821707674,0.005783865036592413,0.987611821707674,0.005812788240795012,0.00045182114642024006,0.0003397038685182546
SW5464,biashara,biashara,0.9714156736807004,0.9714156736807004,0.027796618981024895,0.000448490062702683,0.9714156736807004,0.0002143373172288006,0.00012487995834342818
SW5476,biashara,biashara,0.9635452103241454,0.9635452103241454,0.026078519576150375,0.009443311685504031,0.9635452103241454,0.0004889211948878565,0.0004440372193123125
SW5487,kitaifa,kitaifa,0.9760186176921746,0.9760186176921746,0.9760186176921746,0.0015940900374594503,0.02092065602017102,0.0011172824540632887,0.00034935379613141784
SW5488,michezo,michezo,0.9981696486022115,0.9981696486022115,0.000616869652379164,0.9981696486022115,0.0005835455268388965,0.0003676479677031467,0.00026228825086717757
SW5495,biashara,biashara,0.9840257568960886,0.9840257568960886,0.013645630986165422,0.001372420840494131,0.9840257568960886,0.0006241585056215128,0.0003320327716302971
SW55,kitaifa,kitaifa,0.7431847837582657,0.7431847837582657,0.7431847837582657,0.0011471731029828293,0.2550205310423349,0.0004977202615373208,0.00014979183487928054
SW5505,biashara,biashara,0.9233235213182125,0.9233235213182125,0.07128921539685186,0.004688967290662038,0.9233235213182125,0.00046429561292504377,0.00023400038134845005
SW5506,kitaifa,kitaifa,0.948004650651924,0.948004650651924,0.948004650651924,0.004200355516454414,0.04351687952633376,0.0036908754476320054,0.0005872388576559668
SW5509,michezo,michezo,0.9979732693772432,0.9979732693772432,0.0009691715389739424,0.9979732693772432,0.0003820551239509069,0.00046462503978261007,0.00021087892004940503
SW5510,kitaifa,kitaifa,0.9918332196243315,0.9918332196243315,0.9918332196243315,0.005617571974486366,0.0021885213164759814,0.0002859992420962779,7.468784260979327e-05
SW5512,michezo,michezo,0.8708218182407345,0.8708218182407345,0.03946110100360823,0.8708218182407345,0.08134137899655335,0.004109997009388373,0.00426570474971567
SW5532,kitaifa,biashara,0.9449503332745524,0.050744788593139814,0.050744788593139814,0.002835237214255009,0.9449503332745524,0.0011339350222128038,0.00033570589583992324
SW5533,kitaifa,kitaifa,0.9732360963533813,0.9732360963533813,0.9732360963533813,0.0012519109937622662,0.024877853998743926,0.0004426932390673979,0.0001914454150451929
SW5539,kitaifa,kitaifa,0.9258837390988941,0.9258837390988941,0.9258837390988941,0.027041782934103767,0.02705451528747468,0.017850938223380068,0.0021690244561473736
SW5545,biashara,biashara,0.9814580479151814,0.9814580479151814,0.016388537823612073,0.0016177793021313084,0.9814580479151814,0.0003303780514388437,0.000205256907636412
SW5565,kitaifa,kitaifa,0.8748514371603915,0.8748514371603915,0.8748514371603915,0.046866361314179636,0.031932145879388425,0.03214837202806949,0.0142016836179707
SW5569,biashara,biashara,0.8391440973205175,0.8391440973205175,0.15623239407556705,0.002687794454263587,0.8391440973205175,0.0014381887662234757,0.0004975253834283737
SW5571,michezo,michezo,0.9916808090347006,0.9916808090347006,0.007612287960025488,0.9916808090347006,0.0003373092518832156,0.0002671066151471086,0.00010248713824364342
SW5595,michezo,michezo,0.8678726098480855,0.8678726098480855,0.11942573145755019,0.8678726098480855,0.010867048005657513,0.0011780273612935022,0.0006565833274133331
SW5597,biashara,biashara,0.9283513398054832,0.9283513398054832,0.04463080928084586,0.02366607619018547,0.9283513398054832,0.0028897691752086205,0.00046200554827661755
SW5607,biashara,biashara,0.9633931954348447,0.9633931954348447,0.030544497347698003,0.0029884106711422064,0.9633931954348447,0.0025923679865481482,0.0004815285597669323
SW5613,kitaifa,kitaifa,0.8281368057007796,0.8281368057007796,0.8281368057007796,0.0006723759369490764,0.17077054067204347,0.00028287182930926153,0.00013740586091844025
SW5622,michezo,michezo,0.9176610921086922,0.9176610921086922,0.0638534612013755,0.9176610921086922,0.01519093277972023,0.0019671107649858917,0.0013274031452262089
SW5626,kitaifa,kitaifa,0.9371442279172987,0.9371442279172987,0.9371442279172987,0.01748665617922929,0.03372259099788271,0.009977944358607795,0.0016685805469813769
SW5627,biashara,biashara,0.8970699059444232,0.8970699059444232,0.0999011813191702,0.0015816735847520103,0.8970699059444232,0.0012727620528825766,0.00017447709877200254
SW563,michezo,michezo,0.5686046152358275,0.5686046152358275,0.0340613188969443,0.5686046152358275,0.38689008304009004,0.006975886783313748,0.003468096043824225
SW5630,kitaifa,kitaifa,0.9790744213884023,0.9790744213884023,0.9790744213884023,0.0025316638789422943,0.0158440333320493,0.002169440771808041,0.0003804406287978695
SW5632,kitaifa,kitaifa,0.9890756157331505,0.9890756157331505,0.9890756157331505,0.002317954544411895,0.006952514381621868,0.0015179980778647945,0.00013591726295109356
SW5637,kimataifa,kimataifa,0.5811659061708416,0.5811659061708416,0.1309110451905641,0.17703503698616155,0.08736186547505528,0.5811659061708416,0.023526146177377454
SW5646,kitaifa,michezo,0.9811700917977814,0.014946816816280711,0.014946816816280711,0.9811700917977814,0.0028697426132755516,0.0007293440613009038,0.0002840047113616623
SW5663,biashara,biashara,0.9901707093214566,0.9901707093214566,0.008589466785237483,0.0009137903199730262,0.9901707093214566,0.00022231404849751182,0.00010371952483530326
SW5679,michezo,michezo,0.9975326151488833,0.9975326151488833,0.0014448011183527541,0.9975326151488833,0.0005930206695513289,0.0002289561278537248,0.0002006069353589283
SW5694,biashara,kitaifa,0.896497626410091,0.09280197328360906,0.896497626410091,0.00903125029729158,0.09280197328360906,0.0012909660312501485,0.00037818397775814656
SW5709,kitaifa,michezo,0.8990155881747834,0.07701093764416485,0.07701093764416485,0.8990155881747834,0.010838009366259805,0.011237499502856626,0.001897965311935157
SW5732,michezo,michezo,0.9365660056958719,0.9365660056958719,0.032946463917471185,0.9365660056958719,0.026651004356255274,0.0026985719089020472,0.0011379541214997543
SW5733,kitaifa,biashara,0.36039265070784476,0.3252182377926259,0.3252182377926259,0.2766018338074943,0.36039265070784476,0.03354992937147818,0.004237348320556768
SW574,michezo,michezo,0.9834572627988758,0.9834572627988758,0.014016511356877658,0.9834572627988758,0.0007549480618101356,0.0014940959452463373,0.00027718183718983134
SW5740,kitaifa,kitaifa,0.9713106440577496,0.9713106440577496,0.9713106440577496,0.005782828358250674,0.01740908074583552,0.004833838317380942,0.0006636085207832185
SW5743,biashara,biashara,0.8099571066064607,0.8099571066064607,0.17203805249955792,0.011603285015568723,0.8099571066064607,0.005516166020228681,0.0008853898581840607
SW5757,kitaifa,michezo,0.9405848706816364,0.05263663579789843,0.05263663579789843,0.9405848706816364,0.004041463562393238,0.001059849025025128,0.0016771809330467901
SW5758,biashara,kitaifa,0.8181376441399268,0.17845511709915018,0.8181376441399268,0.0016438336244303992,0.17845511709915018,0.0014853555994607,0.00027804953703175
SW5764,biashara,biashara,0.9789816801072255,0.9789816801072255,0.006004143796898199,0.011979906132958403,0.9789816801072255,0.001732654194756268,0.0013016157681616182
SW5766,biashara,biashara,0.9700274598762071,0.9700274598762071,0.02250940920094361,0.004535342900980148,0.9700274598762071,0.002021059388206376,0.0009067286336627035
SW5806,biashara,biashara,0.9941981574214946,0.9941981574214946,0.002930656354101802,0.002044179890945823,0.9941981574214946,0.000682931743747711,0.00014407458970990876
SW582,michezo,kitaifa,0.5635068519974286,0.3975962313437572,0.5635068519974286,0.3975962313437572,0.006475250279804321,0.030598084608926525,0.0018235817700832692
SW5822,kitaifa,kitaifa,0.850551489163094,0.850551489163094,0.850551489163094,0.001928545210992474,0.1454620930736453,0.0016140186592271603,0.00044385389304096834
SW583,kitaifa,kitaifa,0.5458782013336141,0.5458782013336141,0.5458782013336141,0.02350015624817252,0.4145943210166017,0.01410241563549,0.0019249057661215598
SW585,biashara,biashara,0.9898629104929123,0.9898629104929123,0.009092618527320425,0.000683203728069624,0.9898629104929123,0.00016446488279745446,0.00019680236890003527
SW5861,kitaifa,kitaifa,0.8125984764023917,0.8125984764023917,0.8125984764023917,0.039870548804470954,0.13391135008668678,0.00973523647785532,0.0038843882285950902
SW5870,kitaifa,biashara,0.8170026989556717,0.17068168281684723,0.17068168281684723,0.008429284306300636,0.8170026989556717,0.0024625179611096463,0.0014238159600708565
SW5875,michezo,michezo,0.9736206311759454,0.9736206311759454,0.02092240349453976,0.9736206311759454,0.004397081567139202,0.0007513199541034614,0.0003085638082719045
SW5877,biashara,biashara,0.96249885122576,0.96249885122576,0.020003236925606557,0.013471588701587567,0.96249885122576,0.002489911466659613,0.0015364116803863843
SW5878,biashara,biashara,0.7487670102379493,0.7487670102379493,0.2440507314792402,0.0023869465544616992,0.7487670102379493,0.0042872741764453165,0.0005080375519036684
SW5880,michezo,michezo,0.9916714705326509,0.9916714705326509,0.006022427287667406,0.9916714705326509,0.0017910989501620143,0.0003523537226787271,0.0001626495068409185
SW5883,kitaifa,kitaifa,0.9927867673592162,0.9927867673592162,0.9927867673592162,0.0011166562046883387,0.0016740213489044105,0.004224893973221598,0.00019766111396959336
SW5885,biashara,biashara,0.9395709477048234,0.9395709477048234,0.047734949555826654,0.010464801027716734,0.9395709477048234,0.0017201446074830962,0.0005091571041501652
SW5889,kitaifa,kitaifa,0.9973249945732618,0.9973249945732618,0.9973249945732618,0.0014032136003117228,0.0007071135458145225,0.0005005347141360636,6.414356647552445e-05
SW5904,kitaifa,kitaifa,0.9808737081575578,0.9808737081575578,0.9808737081575578,0.0025304292239753823,0.014591714879917297,0.001633397418902527,0.0003707503196470167
SW5915,kitaifa,kitaifa,0.9366315494133756,0.9366315494133756,0.9366315494133756,0.015966560368547808,0.04261185343047772,0.0037981177519415413,0.0009919190356575608
SW5921,biashara,biashara,0.9571866733905404,0.9571866733905404,0.035154649780957246,0.0053476635675317324,0.9571866733905404,0.0013451157350411775,0.0009658975259295017
SW594,kitaifa,kitaifa,0.9683253663903154,0.9683253663903154,0.9683253663903154,0.011843505725149467,0.006063910486156906,0.01303667020383245,0.0007305471945459022
SW5945,kitaifa,kitaifa,0.9951465493730148,0.9951465493730148,0.9951465493730148,0.0022156268003700593,0.0005290712917818578,0.001996461655456914,0.0001122908793764087
SW5954,kitaifa,kitaifa,0.9175246089039579,0.9175246089039579,0.9175246089039579,0.004150835895531939,0.07736346177908619,0.0007228309229201519,0.0002382624985037897
SW5968,michezo,michezo,0.9714743050947279,0.9714743050947279,0.00914312058585021,0.9714743050947279,0.015792605508796752,0.002603191948164644,0.0009867768624602618
SW5984,michezo,michezo,0.9945675634745428,0.9945675634745428,0.0033305073454941462,0.9945675634745428,0.0018654396643771264,0.0001662363312669681,7.025318431901275e-05
SW5992,biashara,biashara,0.9030754236336959,0.9030754236336959,0.08551026107869461,0.0074801816017330425,0.9030754236336959,0.0029504895614700507,0.0009836441244063516
SW5993,kitaifa,kitaifa,0.9874085752351962,0.9874085752351962,0.9874085752351962,0.0002596276329150166,0.012084799024121214,0.00018776781769220069,5.9230290075500363e-05
SW5998,biashara,biashara,0.9672038499204592,0.9672038499204592,0.03201018305121457,0.00035044176256730444,0.9672038499204592,0.00023809997530895797,0.00019742529044987028
SW600,michezo,michezo,0.9989337601940586,0.9989337601940586,0.0002752031652878928,0.9989337601940586,0.00029093109891434603,0.00030863762635252226,0.00019146791538660315
SW6002,michezo,michezo,0.9920566689395759,0.9920566689395759,0.006442805364997365,0.9920566689395759,0.0007604810182680797,0.0005802517476582666,0.00015979292950036008
SW6005,biashara,biashara,0.8070210931589925,0.8070210931589925,0.1733747919801444,0.011491686699960889,0.8070210931589925,0.006012408499758045,0.002100019661144096
SW6009,kitaifa,kitaifa,0.9127003964645847,0.9127003964645847,0.9127003964645847,0.0068009383605996294,0.07298782816963187,0.0069252147228559815,0.0005856222823279296
SW6010,michezo,michezo,0.791855537869692,0.791855537869692,0.17891105838481192,0.791855537869692,0.008272818655672611,0.019192898396471144,0.0017676866933523019
SW6036,biashara,biashara,0.963600282091662,0.963600282091662,0.03400593340852505,0.0014710875865286157,0.963600282091662,0.0006257480644549331,0.0002969488488293816
SW6041,michezo,michezo,0.9793401666565331,0.9793401666565331,0.012847040148958556,0.9793401666565331,0.006867038296411727,0.0006441926757227209,0.0003015622223739487
SW6042,michezo,michezo,0.9962261671051402,0.9962261671051402,0.001721567554970526,0.9962261671051402,0.0008120592663594697,0.0008128077351116492,0.0004273983384182305
SW605,biashara,kitaifa,0.9810953607383486,0.015314827242359594,0.9810953607383486,0.003166054051381798,0.015314827242359594,0.00029635680056266,0.00012740116734725148
SW6057,michezo,michezo,0.985203562937546,0.985203562937546,0.014072141585873688,0.985203562937546,0.00040644406039793166,0.00023471618054415885,8.313523563839967e-05
SW6065,michezo,michezo,0.9975755147245137,0.9975755147245137,0.001788620176309898,0.9975755147245137,0.00024109674146806443,0.0003379792584434081,5.678909926498667e-05
SW609,kitaifa,kitaifa,0.9869672959866054,0.9869672959866054,0.9869672959866054,0.0005113569938592912,0.011639185015144382,0.0007768567397191167,0.00010530526467158014
SW6095,michezo,michezo,0.9917201279077034,0.9917201279077034,0.0055435306613661256,0.9917201279077034,0.0008780388464369308,0.0012674847160579696,0.0005908178684356344
SW6105,michezo,michezo,0.9968213361836946,0.9968213361836946,0.0029591787667920403,0.9968213361836946,0.00015500863411506625,4.585537293377079e-05,1.8621042464563062e-05
SW6106,kitaifa,kitaifa,0.6539300067271886,0.6539300067271886,0.6539300067271886,0.004311045241823859,0.340793926163761,0.0005814378409779933,0.00038358402624861924
SW6110,kitaifa,kitaifa,0.9449461652319201,0.9449461652319201,0.9449461652319201,0.035695842070863376,0.01266191196525071,0.005905543301028547,0.0007905374309374828
SW6113,kitaifa,kitaifa,0.866105859012781,0.866105859012781,0.866105859012781,0.06408020083029874,0.05038172683690284,0.014143299037978473,0.005288914282039019
SW6117,kitaifa,biashara,0.7314639646140362,0.26450435575937753,0.26450435575937753,0.0013250404998817107,0.7314639646140362,0.002169974594442594,0.0005366645322619669
SW6118,biashara,biashara,0.9639597313641048,0.9639597313641048,0.03211749451285644,0.003522799609012685,0.9639597313641048,0.00021079664058242943,0.00018917787344359117
SW6123,kitaifa,kitaifa,0.9933375918107854,0.9933375918107854,0.9933375918107854,0.0019164445247793855,0.002962177877200841,0.0015304695177313166,0.0002533162695031187
SW6125,michezo,michezo,0.9932467466574955,0.9932467466574955,0.0029879891653372187,0.9932467466574955,0.0027581700712335276,0.0007756383837009437,0.00023145572223287828
SW6152,michezo,michezo,0.997662361313806,0.997662361313806,0.0007775262284972106,0.997662361313806,0.00042822803370822014,0.0008184923948884373,0.00031339202910013263
SW6185,kitaifa,kitaifa,0.7306131935554716,0.7306131935554716,0.7306131935554716,0.01343240263408015,0.2514930606306484,0.003406927296176967,0.0010544158836229577
SW6186,kitaifa,kitaifa,0.8818088132331897,0.8818088132331897,0.8818088132331897,0.0045852308507792275,0.1119485637086894,0.0009810373494766565,0.0006763548578648197
SW6190,biashara,biashara,0.9167035401949022,0.9167035401949022,0.05710637741765703,0.018423618419475332,0.9167035401949022,0.005971794359981774,0.001794669607983576
SW6196,kitaifa,biashara,0.5138222123398437,0.4620534275030246,0.4620534275030246,0.007597299890865258,0.5138222123398437,0.013388237187318417,0.0031388230789480306
SW6199,biashara,biashara,0.972322034390799,0.972322034390799,0.02697538409517909,0.0004076062648496035,0.972322034390799,0.0001793910685663706,0.00011558418060599499
SW6205,kitaifa,kitaifa,0.9819080173951982,0.9819080173951982,0.9819080173951982,0.0030422789132407554,0.013265765430339546,0.0014593721585448533,0.00032456610267659166
SW6209,kitaifa,kitaifa,0.9913780448241147,0.9913780448241147,0.9913780448241147,0.0016688734527813293,0.005534039627648813,0.000989126034888657,0.0004299160605664286
SW6219,kitaifa,kitaifa,0.7901220907699744,0.7901220907699744,0.7901220907699744,0.020130310519873358,0.1811027758111342,0.006836756506758446,0.0018080663922595591
SW622,kitaifa,michezo,0.7593981069356459,0.046357127940720624,0.046357127940720624,0.7593981069356459,0.13510873763555928,0.038466662439654575,0.020669365048419423
SW6226,biashara,kitaifa,0.6485710649731938,0.3416507683782719,0.6485710649731938,0.007045852800847272,0.3416507683782719,0.002315008249909319,0.0004173055977777896
SW623,biashara,biashara,0.9728023857310758,0.9728023857310758,0.024733285098205708,0.001402617511169789,0.9728023857310758,0.0006769728303793943,0.000384738829169367
SW6248,michezo,michezo,0.9980837672991961,0.9980837672991961,0.0007427117514729116,0.9980837672991961,0.00028892313091249825,0.0006350610722918492,0.00024953674612661846
SW625,biashara,biashara,0.9479587080327345,0.9479587080327345,0.046321857389409436,0.0030628240304322795,0.9479587080327345,0.0017206229398347977,0.000935987607589084
SW626,kitaifa,michezo,0.9927720200622124,0.004944748153677325,0.004944748153677325,0.9927720200622124,0.0009367382244652652,0.0007784588622290745,0.0005680346974161291
SW6272,biashara,biashara,0.7540611431716074,0.7540611431716074,0.23701060975386623,0.0071347254582442825,0.7540611431716074,0.0012565849367547294,0.0005369366795273432
SW6276,michezo,michezo,0.9945884890182619,0.9945884890182619,0.0048243109303844805,0.9945884890182619,0.0002626314476155905,0.0001791168208692369,0.00014545178286902837
SW6284,kitaifa,kitaifa,0.9630928092707249,0.9630928092707249,0.9630928092707249,0.0019864915990416964,0.0325383069926217,0.001996877113053885,0.00038551502455772923
SW6286,michezo,michezo,0.9887063462830038,0.9887063462830038,0.0028219759130802932,0.9887063462830038,0.005499128349581538,0.002354843777479163,0.0006177056768549758
SW6289,michezo,michezo,0.9958877255000573,0.9958877255000573,0.00342525129140118,0.9958877255000573,0.0005147526902119037,0.00011666519552397724,5.560532280572011e-05
SW6291,kitaifa,kitaifa,0.6232951011884317,0.6232951011884317,0.6232951011884317,0.32284763352511275,0.02908965771241699,0.020190837392708015,0.004576770181330675
SW6293,michezo,michezo,0.7007478065905971,0.7007478065905971,0.08220109257402089,0.7007478065905971,0.21010275167390496,0.005165772697766791,0.001782576463710337
SW6300,kitaifa,biashara,0.5107990029165771,0.4821204009025681,0.4821204009025681,0.004553502679040322,0.5107990029165771,0.0017147161792556477,0.0008123773225588291
SW6305,biashara,biashara,0.9118897554038633,0.9118897554038633,0.06062375396833818,0.02372604661812272,0.9118897554038633,0.0024906662255997558,0.0012697777840760124
SW6310,michezo,michezo,0.9820394744289891,0.9820394744289891,0.01584747446455178,0.9820394744289891,0.0014812898645194153,0.00041521010792626564,0.00021655113401335634
SW6314,biashara,biashara,0.8972193598179402,0.8972193598179402,0.09406615477216954,0.0046330379513145154,0.8972193598179402,0.0036088403410629126,0.00047260711751295184
SW6339,biashara,biashara,0.9948992626628185,0.9948992626628185,0.00429764465091068,0.0004663979597238671,0.9948992626628185,0.00024127281833900762,9.54219082080348e-05
SW6342,michezo,michezo,0.9804485126943483,0.9804485126943483,0.016875506866907575,0.9804485126943483,0.001600732125580149,0.0008267365703352786,0.0002485117428287115
SW6347,michezo,michezo,0.9934145644450925,0.9934145644450925,0.00572809307948025,0.9934145644450925,0.0004994040024821505,0.00026205733857133335,9.588113437378648e-05
SW635,michezo,michezo,0.9937830588952591,0.9937830588952591,0.005572803540238874,0.9937830588952591,0.00026658529539641334,0.00022688665191975704,0.00015066561718581406
SW6350,michezo,michezo,0.9940925705122244,0.9940925705122244,0.005230749679018255,0.9940925705122244,0.0003645660847813858,0.00025339288408545156,5.872083989014224e-05
SW6363,kitaifa,kitaifa,0.7174884236676153,0.7174884236676153,0.7174884236676153,0.14857478611387775,0.10715008566513233,0.018240532284301864,0.008546172269072711
SW6371,michezo,michezo,0.9835614556938816,0.9835614556938816,0.014381004418239626,0.9835614556938816,0.0010700435183903258,0.0006982024612167895,0.00028929390827164467
SW6376,biashara,biashara,0.7422620413125632,0.7422620413125632,0.25377820524915107,0.0015479137906744581,0.7422620413125632,0.0018501241343810502,0.0005617155132302689
SW6377,michezo,michezo,0.9965909527762497,0.9965909527762497,0.0009786929947442353,0.9965909527762497,0.0008721179607321441,0.0011820044615649678,0.00037623180670887134
SW6381,biashara,biashara,0.9549576208468064,0.9549576208468064,0.0398203452189072,0.004099128274389007,0.9549576208468064,0.0007677255739558541,0.00035518008594142604
SW6387,michezo,michezo,0.9883037185539983,0.9883037185539983,0.009563356919327455,0.9883037185539983,0.0015931780612993937,0.0004193208463805699,0.00012042561899436972
SW6393,michezo,michezo,0.9907968047555855,0.9907968047555855,0.006830577354282969,0.9907968047555855,0.0012664138227362436,0.0008158268705685864,0.0002903771968267192
SW6400,biashara,biashara,0.9802854121476129,0.9802854121476129,0.016622687465516497,0.00183022094712375,0.9802854121476129,0.0007587298084452882,0.0005029496313015571
SW6402,kitaifa,kitaifa,0.985379585692939,0.985379585692939,0.985379585692939,0.010662384349803069,0.002221125315997149,0.001411636546238694,0.0003252680950221424
SW6404,kitaifa,kitaifa,0.5534531264766259,0.5534531264766259,0.5534531264766259,0.006749001929715174,0.43700105580026777,0.0018999585172816947,0.0008968572761093404
SW641,michezo,michezo,0.9973333269900908,0.9973333269900908,0.0012668803424214408,0.9973333269900908,0.0009009980109303048,0.0003717440600544855,0.00012705059650286392
SW6412,biashara,biashara,0.6022205255882308,0.6022205255882308,0.3885098831409724,0.007082955262087559,0.6022205255882308,0.0017098076043012165,0.00047682840440802545
SW6414,kitaifa,kitaifa,0.9938689776178039,0.9938689776178039,0.9938689776178039,0.0009818657331599168,0.004499445334823484,0.0005801627512710159,6.954856294156734e-05
SW6423,michezo,michezo,0.9989439587686205,0.9989439587686205,0.00047512802385604383,0.9989439587686205,0.00025273773492563055,0.00022274490544035998,0.00010543056715730685
SW643,michezo,michezo,0.9202000528692783,0.9202000528692783,0.05989298764945126,0.9202000528692783,0.016469760180197014,0.0022325220460513986,0.0012046772550219752
SW6431,michezo,michezo,0.9966059517317982,0.9966059517317982,0.0016947367905144604,0.9966059517317982,0.0008596752186042527,0.0006680424526117159,0.00017159380647127796
SW648,kitaifa,michezo,0.9785328079416133,0.006897282911650347,0.006897282911650347,0.9785328079416133,0.0026680053927701838,0.010513844043925096,0.001388059710040879
SW65,kitaifa,kitaifa,0.9967283201928744,0.9967283201928744,0.9967283201928744,0.0003028130224664032,0.0023502739794477963,0.0005625918291438458,5.600097606747365e-05
SW656,kitaifa,kitaifa,0.928376313207167,0.928376313207167,0.928376313207167,0.0022409817115649007,0.06798978808195277,0.0010360531341163256,0.0003568638651990367
SW668,burudani,michezo,0.7132330509766052,0.035866204129118236,0.15709924164345532,0.7132330509766052,0.017481027090957096,0.0763204761598641,0.035866204129118236
SW673,michezo,michezo,0.9879842388336288,0.9879842388336288,0.007368240393703366,0.9879842388336288,0.0034944460035090377,0.0006796890746061252,0.0004733856945527007
SW674,kitaifa,kitaifa,0.8218038949685902,0.8218038949685902,0.8218038949685902,0.006869323952485001,0.1634776804327271,0.006571023730160458,0.001278076916037117
SW675,biashara,kitaifa,0.9737845232180538,0.024638009651238378,0.9737845232180538,0.0012028115329282957,0.024638009651238378,0.0003104456032202814,6.420999455912511e-05
SW68,kitaifa,kitaifa,0.999502688528543,0.999502688528543,0.999502688528543,0.00011340762047272418,0.00024170915563968368,0.000130552848729632,1.1641846615139294e-05
SW686,biashara,biashara,0.9491914244023029,0.9491914244023029,0.03935565098930265,0.008458316340984519,0.9491914244023029,0.002074631632320891,0.000919976635089106
SW697,michezo,michezo,0.9616284288126264,0.9616284288126264,0.02969840042591468,0.9616284288126264,0.0036489679077015636,0.003977901805492309,0.0010463010482651583
SW713,michezo,michezo,0.9879822300875413,0.9879822300875413,0.011480680374552587,0.9879822300875413,0.0002705352059976422,0.00017181907953258167,9.473525237595352e-05
SW714,michezo,michezo,0.9960283588797467,0.9960283588797467,0.0030036652618417687,0.9960283588797467,0.0003946054992797911,0.00029938991149497894,0.00027398044763684193
SW715,kitaifa,kitaifa,0.9543493056556962,0.9543493056556962,0.9543493056556962,0.017967149103720825,0.025513697020582853,0.0016785106077835134,0.0004913376122165508
SW716,biashara,kitaifa,0.5247625943889728,0.4618684408925142,0.5247625943889728,0.007328549764184571,0.4618684408925142,0.00530038858677917,0.0007400263675492669
SW718,biashara,biashara,0.5498974473202255,0.5498974473202255,0.16234172136988884,0.1392822043665198,0.5498974473202255,0.10666870828173702,0.04180991866162884
SW725,kitaifa,kitaifa,0.7400567267974476,0.7400567267974476,0.7400567267974476,0.0040134729070289326,0.25401701557981266,0.0014868235049048557,0.00042596121080590126
SW750,michezo,michezo,0.9896202654030106,0.9896202654030106,0.008670635398796027,0.9896202654030106,0.0006742053269278053,0.0005644487370104164,0.00047044513425508865
SW76,kitaifa,kitaifa,0.9763995820486894,0.9763995820486894,0.9763995820486894,0.019361244172680862,0.0020350401885346424,0.0015444323095995954,0.0006597012804955518
SW765,kitaifa,kitaifa,0.9390001643720173,0.9390001643720173,0.9390001643720173,0.024553021900922414,0.0294991124608799,0.006180456430245614,0.00076724483593475
SW777,kitaifa,biashara,0.6012745010265075,0.39428177822706023,0.39428177822706023,0.0023892876049391065,0.6012745010265075,0.0016499702632229486,0.0004044628782702153
SW782,michezo,michezo,0.9881992460185761,0.9881992460185761,0.011600478779099433,0.9881992460185761,4.871649161862695e-05,0.00010609103966415713,4.546767104163414e-05
SW809,michezo,michezo,0.9971633553905752,0.9971633553905752,0.0016676004690426298,0.9971633553905752,0.0008393531922908841,0.0002127824796673777,0.0001169084684238997
SW815,biashara,biashara,0.990331547210493,0.990331547210493,0.006745880904739941,0.0012896089637870365,0.990331547210493,0.0010571749642318178,0.0005757879567482497
SW825,biashara,biashara,0.8092046640686603,0.8092046640686603,0.18501362079233413,0.003951579146138536,0.8092046640686603,0.001239881734670665,0.0005902542581964028
SW848,kitaifa,kitaifa,0.9143273362312282,0.9143273362312282,0.9143273362312282,0.05328932842198628,0.011761918466620934,0.01922874977153801,0.0013926671086265134
SW862,michezo,michezo,0.9899566391006075,0.9899566391006075,0.008378480718319654,0.9899566391006075,0.0006038391628231011,0.0007747792234747316,0.0002862617947749466
SW863,biashara,biashara,0.8479064975514887,0.8479064975514887,0.14217399728778277,0.008372583985888717,0.8479064975514887,0.0009504525758845286,0.0005964685989551637
SW868,kitaifa,kitaifa,0.9949120161065271,0.9949120161065271,0.9949120161065271,0.003947675563277421,0.0004780742040778454,0.0005917606413737167,7.047348474390725e-05
SW88,kitaifa,kitaifa,0.9029279090696776,0.9029279090696776,0.9029279090696776,0.017611253134469998,0.07390214911549114,0.004624976328934159,0.0009337123514271251
SW881,michezo,michezo,0.9487506309478192,0.9487506309478192,0.0219877394958706,0.9487506309478192,0.02371961005596757,0.0036331472233748466,0.001908872276967891
SW888,michezo,michezo,0.9449641336913632,0.9449641336913632,0.019836241031124937,0.9449641336913632,0.013532233461940721,0.010057031886587662,0.011610359928983327
SW890,kitaifa,kitaifa,0.9580237289668768,0.9580237289668768,0.9580237289668768,0.002248794218413007,0.038933730058509336,0.0007037408160565807,9.000594014432683e-05
SW891,michezo,michezo,0.9123868759876326,0.9123868759876326,0.05428873863858343,0.9123868759876326,0.008723096883284008,0.02228944923739852,0.0023118392531012743
SW898,michezo,michezo,0.8778699555868644,0.8778699555868644,0.11684074287283318,0.8778699555868644,0.0028420719356974148,0.0018088963822978522,0.0006383332223071108
SW9,biashara,kitaifa,0.892455059250059,0.10188517933796537,0.892455059250059,0.004547767246970662,0.10188517933796537,0.0007209092663179729,0.0003910848986871158
SW918,kitaifa,biashara,0.47859304955456,0.41316661742670907,0.41316661742670907,0.07988483951736675,0.47859304955456,0.020684443542913936,0.007671049958450235
SW935,kitaifa,biashara,0.5955087017057747,0.3991251048450095,0.3991251048450095,0.003344675397868489,0.5955087017057747,0.0016388751044093008,0.000382642946937961
SW936,biashara,kitaifa,0.7555464695829778,0.22736446825341702,0.7555464695829778,0.014364191063476731,0.22736446825341702,0.001945566729228942,0.0007793043708995828
SW943,kitaifa,kitaifa,0.9435580790643496,0.9435580790643496,0.9435580790643496,0.0007292196453079658,0.05498687130078328,0.0005353030901204068,0.0001905268994386185
SW954,kitaifa,kitaifa,0.9027537495207896,0.9027537495207896,0.9027537495207896,0.02679520079444678,0.06426361554743645,0.004853884960610198,0.0013335491767170495
SW963,kitaifa,kitaifa,0.9950181610458563,0.9950181610458563,0.9950181610458563,0.0035204638863801903,0.0006788630252752627,0.0007080412086862937,7.447083380205118e-05
SW980,kitaifa,biashara,0.543699258352655,0.4503426622667979,0.4503426622667979,0.0030476993957558184,0.543699258352655,0.0022444591723764645,0.0006659208124148365
SW993,kitaifa,kitaifa,0.990529924288537,0.990529924288537,0.990529924288537,0.0017749035589465251,0.006429913121201419,0.0011022778998031105,0.00016298113151176174
SW996,kitaifa,kitaifa,0.9789276128866795,0.9789276128866795,0.9789276128866795,0.0037866496620394493,0.01446222109383388,0.002496189948691285,0.00032732640875581285
