id,label,split
SW4560,kitaifa,train
SW3447,michezo,train
SW2926,biashara,train
SW4413,biashara,train
SW1376,kitaifa,train
SW3760,michezo,train
SW5382,michezo,train
SW2142,biashara,train
SW5228,biashara,train
SW700,kitaifa,train
SW3138,biashara,train
SW6319,kitaifa,train
SW742,michezo,train
SW5741,kitaifa,train
SW3186,biashara,train
SW3694,michezo,train
SW6237,biashara,train
SW5920,biashara,train
SW5406,biashara,train
SW2735,kitaifa,train
SW250,michezo,train
SW1869,michezo,train
SW1598,kitaifa,train
SW3057,michezo,train
SW1762,biashara,train
SW382,michezo,train
SW3012,biashara,train
SW5284,biashara,train
SW3268,michezo,train
SW1841,kitaifa,train
SW4355,kitaifa,train
SW5589,kitaifa,train
SW241,kitaifa,train
SW6139,michezo,train
SW4769,michezo,train
SW436,michezo,train
SW310,biashara,train
SW2838,kitaifa,train
SW972,biashara,train
SW2990,kitaifa,train
SW3740,kitaifa,train
SW61,biashara,train
SW4110,michezo,train
SW3109,kitaifa,train
SW955,kitaifa,train
SW3674,michezo,train
SW874,biashara,train
SW1108,biashara,train
SW197,biashara,train
SW3906,michezo,train
SW631,michezo,train
SW5753,michezo,train
SW3799,biashara,train
SW2617,biashara,train
SW2350,michezo,train
SW5713,kitaifa,train
SW5280,kitaifa,train
SW696,kitaifa,train
SW1105,biashara,train
SW3598,michezo,train
SW5978,michezo,train
SW3036,kitaifa,train
SW4559,kitaifa,train
SW933,kitaifa,train
SW3027,biashara,train
SW5841,kitaifa,train
SW5434,kitaifa,train
SW5941,michezo,train
SW4079,biashara,train
SW2544,michezo,train
SW4239,michezo,train
SW4964,kitaifa,train
SW3803,michezo,train
SW2743,michezo,train
SW2014,kitaifa,train
SW1464,kitaifa,train
SW2843,michezo,train
SW1277,biashara,train
SW5648,kitaifa,train
SW3936,kitaifa,train
SW662,michezo,train
SW3188,kitaifa,train
SW4065,kitaifa,train
SW5643,kitaifa,train
SW5960,michezo,train
SW5962,kitaifa,train
SW5842,biashara,train
SW5087,kitaifa,train
SW5458,kitaifa,train
SW4996,michezo,train
SW1574,kitaifa,train
SW2132,michezo,train
SW5368,biashara,train
SW6295,michezo,train
SW3378,biashara,train
SW4497,biashara,train
SW2801,kitaifa,train
SW3160,michezo,train
SW1397,kitaifa,train
SW555,kitaifa,train
SW2963,kitaifa,train
SW349,kitaifa,train
SW4858,kitaifa,train
SW857,kitaifa,train
SW2853,michezo,train
SW4876,biashara,train
SW3726,michezo,train
SW2726,michezo,train
SW4707,biashara,train
SW6250,kitaifa,train
SW1120,michezo,train
SW6008,michezo,train
SW984,michezo,train
SW6133,biashara,train
SW5469,kitaifa,train
SW2363,biashara,train
SW617,biashara,train
SW4062,kitaifa,train
SW4484,kitaifa,train
SW2709,michezo,train
SW6332,biashara,train
SW5976,kitaifa,train
SW1210,michezo,train
SW1069,michezo,train
SW3468,kitaifa,train
SW872,biashara,train
SW279,michezo,train
SW6014,biashara,train
SW3768,michezo,train
SW2627,kitaifa,train
SW4527,biashara,train
SW1654,kitaifa,train
SW2263,michezo,train
SW2845,michezo,train
SW3539,biashara,train
SW829,kitaifa,train
SW23,kitaifa,train
SW1262,kitaifa,train
SW5687,biashara,train
SW3852,michezo,train
SW6223,kitaifa,train
SW2159,kitaifa,train
SW5729,biashara,train
SW4797,kitaifa,train
SW3340,kitaifa,train
SW4961,biashara,train
SW1187,michezo,train
SW6348,michezo,train
SW1173,biashara,train
SW5221,kitaifa,train
SW2895,kitaifa,train
SW5838,kitaifa,train
SW1370,kitaifa,train
SW4625,biashara,train
SW1318,kitaifa,train
SW5789,michezo,train
SW3769,michezo,train
SW2428,kitaifa,train
SW5020,biashara,train
SW2043,michezo,train
SW5319,kitaifa,train
SW4768,kimataifa,train
SW705,kitaifa,train
SW1623,kitaifa,train
SW6022,michezo,train
SW3346,biashara,train
SW3038,biashara,train
SW4528,michezo,train
SW3583,kitaifa,train
SW214,biashara,train
SW1461,biashara,train
SW1185,kitaifa,train
SW4754,michezo,train
SW5728,biashara,train
SW2955,kitaifa,train
SW3704,michezo,train
SW2523,kitaifa,train
SW497,michezo,train
SW2011,kitaifa,train
SW33,michezo,train
SW4687,kitaifa,train
SW5331,michezo,train
SW280,kitaifa,train
SW1025,kitaifa,train
SW4695,kitaifa,train
SW1261,michezo,train
SW3270,michezo,train
SW3823,michezo,train
SW3165,kitaifa,train
SW4013,kitaifa,train
SW3646,biashara,train
SW2677,michezo,train
SW2600,biashara,train
SW4948,kitaifa,train
SW4501,michezo,train
SW953,kitaifa,train
SW3238,kitaifa,train
SW5465,biashara,train
SW5676,kitaifa,train
SW4164,michezo,train
SW5274,biashara,train
SW4287,kitaifa,train
SW3072,biashara,train
SW4716,kitaifa,train
SW3908,michezo,train
SW1873,kitaifa,train
SW6188,kitaifa,train
SW2543,michezo,train
SW93,kitaifa,train
SW2414,kitaifa,train
SW2956,biashara,train
SW5494,michezo,train
SW2262,michezo,train
SW2442,biashara,train
SW3135,kimataifa,train
SW4642,michezo,train
SW4664,kitaifa,train
SW1742,michezo,train
SW4215,kitaifa,train
SW4507,kitaifa,train
SW1971,michezo,train
SW914,biashara,train
SW6346,kitaifa,train
SW5411,michezo,train
SW4286,michezo,train
SW2292,michezo,train
SW4387,kitaifa,train
SW2674,kitaifa,train
SW350,kitaifa,train
SW893,kitaifa,train
SW5293,biashara,train
SW2205,biashara,train
SW303,biashara,train
SW3342,kitaifa,train
SW3764,michezo,train
SW1890,michezo,train
SW3881,biashara,train
SW4929,biashara,train
SW6378,michezo,train
SW5249,biashara,train
SW991,biashara,train
SW6153,michezo,train
SW5267,biashara,train
SW3337,biashara,train
SW3453,kitaifa,train
SW1819,biashara,train
SW5916,biashara,train
SW2713,kitaifa,train
SW2803,biashara,train
SW2566,michezo,train
SW3307,michezo,train
SW5519,michezo,train
SW4171,kitaifa,train
SW6,kitaifa,train
SW3417,kitaifa,train
SW652,kitaifa,train
SW5707,kitaifa,train
SW5901,kitaifa,train
SW5218,kitaifa,train
SW3773,biashara,train
SW130,kitaifa,train
SW6007,kitaifa,train
SW3607,michezo,train
SW1116,michezo,train
SW3902,michezo,train
SW4892,michezo,train
SW3206,kitaifa,train
SW4028,biashara,train
SW194,michezo,train
SW5825,kitaifa,train
SW3828,kitaifa,train
SW2957,kimataifa,train
SW5905,kitaifa,train
SW513,biashara,train
SW3503,michezo,train
SW4515,kitaifa,train
SW4230,michezo,train
SW423,michezo,train
SW2518,biashara,train
SW1526,michezo,train
SW6203,biashara,train
SW4581,michezo,train
SW5440,kitaifa,train
SW5542,michezo,train
SW1625,biashara,train
SW778,kitaifa,train
SW3807,michezo,train
SW2731,michezo,train
SW5698,biashara,train
SW1043,kitaifa,train
SW4236,michezo,train
SW4179,kitaifa,train
SW402,michezo,train
SW1891,kitaifa,train
SW4314,biashara,train
SW4258,michezo,train
SW921,kimataifa,train
SW3888,kitaifa,train
SW2717,kitaifa,train
SW6407,kitaifa,train
SW5835,kitaifa,train
SW6111,biashara,train
SW3989,kitaifa,train
SW1442,michezo,train
SW1030,kitaifa,train
SW1117,kitaifa,train
SW2710,kitaifa,train
SW5739,michezo,train
SW6436,biashara,train
SW1928,kitaifa,train
SW4615,kitaifa,train
SW5983,biashara,train
SW4479,biashara,train
SW3351,michezo,train
SW4160,biashara,train
SW4459,kitaifa,train
SW4587,kitaifa,train
SW1400,kitaifa,train
SW789,kitaifa,train
SW1437,biashara,train
SW772,biashara,train
SW3869,michezo,train
SW1615,kitaifa,train
SW5057,biashara,train
SW941,kitaifa,train
SW3837,michezo,train
SW6394,michezo,train
SW3737,kitaifa,train
SW1523,kitaifa,train
SW3921,michezo,train
SW2994,kitaifa,train
SW2727,michezo,train
SW3599,kitaifa,train
SW2001,kitaifa,train
SW5974,kitaifa,train
SW2242,michezo,train
SW4945,kitaifa,train
SW722,biashara,train
SW1897,michezo,train
SW1846,michezo,train
SW6326,michezo,train
SW3990,biashara,train
SW192,kitaifa,train
SW2841,biashara,train
SW5721,biashara,train
SW5697,biashara,train
SW356,michezo,train
SW2799,michezo,train
SW1640,michezo,train
SW4347,michezo,train
SW3684,kitaifa,train
SW370,michezo,train
SW3281,biashara,train
SW5211,michezo,train
SW1401,kitaifa,train
SW4367,biashara,train
SW4906,biashara,train
SW2148,kitaifa,train
SW3278,michezo,train
SW1054,kitaifa,train
SW783,michezo,train
SW1563,kitaifa,train
SW4272,kitaifa,train
SW1617,kitaifa,train
SW4781,kitaifa,train
SW228,kitaifa,train
SW3174,michezo,train
SW3714,biashara,train
SW5223,michezo,train
SW3167,michezo,train
SW2812,biashara,train
SW5047,kitaifa,train
SW6070,kitaifa,train
SW1293,michezo,train
SW5470,kitaifa,train
SW5907,kimataifa,train
SW4639,michezo,train
SW5455,michezo,train
SW5055,kitaifa,train
SW2400,kitaifa,train
SW818,michezo,train
SW4692,michezo,train
SW1845,kitaifa,train
SW545,kitaifa,train
SW138,kitaifa,train
SW3132,michezo,train
SW4010,kitaifa,train
SW6026,kitaifa,train
SW731,michezo,train
SW2222,michezo,train
SW4089,kitaifa,train
SW4851,biashara,train
SW5558,biashara,train
SW1737,biashara,train
SW3082,biashara,train
SW1183,kitaifa,train
SW6329,michezo,train
SW1452,kitaifa,train
SW1444,biashara,train
SW1285,kitaifa,train
SW1990,kitaifa,train
SW2804,michezo,train
SW4968,kitaifa,train
SW5198,kitaifa,train
SW1828,michezo,train
SW3492,michezo,train
SW5726,michezo,train
SW5330,michezo,train
SW795,kitaifa,train
SW5612,michezo,train
SW2066,kitaifa,train
SW3538,biashara,train
SW4953,kitaifa,train
SW159,biashara,train
SW6019,biashara,train
SW2196,biashara,train
SW462,michezo,train
SW2806,biashara,train
SW4357,kitaifa,train
SW39,michezo,train
SW5642,michezo,train
SW3119,kitaifa,train
SW3777,michezo,train
SW3975,kitaifa,train
SW3058,kitaifa,train
SW2987,michezo,train
SW1324,kitaifa,train
SW2879,biashara,train
SW4778,michezo,train
SW4492,michezo,train
SW3078,michezo,train
SW3808,kitaifa,train
SW5829,biashara,train
SW6176,michezo,train
SW5166,biashara,train
SW108,biashara,train
SW2984,michezo,train
SW5022,michezo,train
SW5722,kitaifa,train
SW6313,biashara,train
SW236,biashara,train
SW3943,biashara,train
SW3948,michezo,train
SW4263,michezo,train
SW5324,michezo,train
SW2921,michezo,train
SW6126,biashara,train
SW549,biashara,train
SW5463,kitaifa,train
SW2651,kitaifa,train
SW4562,kitaifa,train
SW175,biashara,train
SW427,kitaifa,train
SW823,michezo,train
SW2991,michezo,train
SW2795,biashara,train
SW1921,michezo,train
SW4000,kitaifa,train
SW357,biashara,train
SW4719,kitaifa,train
SW2479,kitaifa,train
SW5376,biashara,train
SW1554,biashara,train
SW60,kitaifa,train
SW5830,kitaifa,train
SW3437,michezo,train
SW5001,kitaifa,train
SW5989,kitaifa,train
SW2070,kitaifa,train
SW2020,kitaifa,train
SW838,kitaifa,train
SW1477,kitaifa,train
SW2135,michezo,train
SW4199,michezo,train
SW26,kitaifa,train
SW3892,kitaifa,train
SW781,michezo,train
SW2105,michezo,train
SW3266,kitaifa,train
SW1783,michezo,train
SW4653,biashara,train
SW1094,michezo,train
SW6179,biashara,train
SW2471,michezo,train
SW1917,kitaifa,train
SW5977,kitaifa,train
SW730,biashara,train
SW2318,michezo,train
SW4847,kitaifa,train
SW6380,michezo,train
SW6438,biashara,train
SW5120,biashara,train
SW1292,michezo,train
SW2855,kitaifa,train
SW1097,kitaifa,train
SW99,michezo,train
SW3544,kitaifa,train
SW2820,biashara,train
SW4312,michezo,train
SW3210,kitaifa,train
SW399,kitaifa,train
SW2541,michezo,train
SW1150,kitaifa,train
SW5492,kitaifa,train
SW4191,michezo,train
SW5672,michezo,train
SW2233,biashara,train
SW4982,biashara,train
SW253,kitaifa,train
SW4878,biashara,train
SW737,kitaifa,train
SW3233,kitaifa,train
SW894,kitaifa,train
SW1002,michezo,train
SW2690,kitaifa,train
SW2890,biashara,train
SW2494,biashara,train
SW2285,michezo,train
SW6315,michezo,train
SW78,michezo,train
SW2083,kitaifa,train
SW4070,michezo,train
SW5275,kitaifa,train
SW2425,michezo,train
SW368,michezo,train
SW2577,michezo,train
SW3190,biashara,train
SW3550,michezo,train
SW2513,michezo,train
SW6255,biashara,train
SW987,biashara,train
SW475,kitaifa,train
SW1648,biashara,train
SW3363,biashara,train
SW3707,michezo,train
SW3962,biashara,train
SW1796,biashara,train
SW3690,michezo,train
SW1326,kitaifa,train
SW3372,kitaifa,train
SW2672,biashara,train
SW1436,michezo,train
SW2874,kitaifa,train
SW4250,kitaifa,train
SW5387,michezo,train
SW5318,michezo,train
SW2429,michezo,train
SW5559,kitaifa,train
SW628,michezo,train
SW2324,michezo,train
SW3497,michezo,train
SW5871,kitaifa,train
SW6086,kitaifa,train
SW3232,michezo,train
SW4432,michezo,train
SW2817,michezo,train
SW2922,kitaifa,train
SW3983,michezo,train
SW2663,kitaifa,train
SW2913,michezo,train
SW2272,kitaifa,train
SW5884,kitaifa,train
SW3822,kitaifa,train
SW5088,kitaifa,train
SW90,biashara,train
SW1164,biashara,train
SW1,biashara,train
SW5108,biashara,train
SW486,michezo,train
SW1334,michezo,train
SW5439,biashara,train
SW1074,kitaifa,train
SW2168,michezo,train
SW2718,michezo,train
SW999,biashara,train
SW3766,michezo,train
SW1316,kitaifa,train
SW4513,michezo,train
SW1099,kitaifa,train
SW2848,biashara,train
SW2593,kitaifa,train
SW5514,kitaifa,train
SW850,michezo,train
SW4026,kitaifa,train
SW6385,kitaifa,train
SW4277,biashara,train
SW5862,michezo,train
SW931,michezo,train
SW2087,kitaifa,train
SW2564,kitaifa,train
SW1793,michezo,train
SW4546,kitaifa,train
SW125,biashara,train
SW5633,kitaifa,train
SW4331,biashara,train
SW5253,biashara,train
SW3148,biashara,train
SW1511,michezo,train
SW5641,biashara,train
SW2862,kitaifa,train
SW3846,biashara,train
SW813,biashara,train
SW5635,kitaifa,train
SW1148,kitaifa,train
SW511,kitaifa,train
SW6189,kitaifa,train
SW5299,michezo,train
SW5042,biashara,train
SW4632,biashara,train
SW2854,kitaifa,train
SW34,michezo,train
SW5208,michezo,train
SW4717,kitaifa,train
SW2849,michezo,train
SW5706,biashara,train
SW2022,michezo,train
SW378,michezo,train
SW2502,michezo,train
SW1462,kitaifa,train
SW278,biashara,train
SW3412,biashara,train
SW2290,biashara,train
SW1348,michezo,train
SW199,michezo,train
SW4332,kitaifa,train
SW2553,kitaifa,train
SW1146,michezo,train
SW6088,kitaifa,train
SW2378,kitaifa,train
SW2109,kitaifa,train
SW952,michezo,train
SW2092,kitaifa,train
SW3817,michezo,train
SW3520,biashara,train
SW5386,kimataifa,train
SW3338,michezo,train
SW13,biashara,train
SW2712,kimataifa,train
SW5317,biashara,train
SW2558,kitaifa,train
SW4708,kitaifa,train
SW3022,kitaifa,train
SW5634,biashara,train
SW2996,kitaifa,train
SW4229,kitaifa,train
SW2003,biashara,train
SW366,kitaifa,train
SW5316,biashara,train
SW4037,kitaifa,train
SW4895,biashara,train
SW4744,biashara,train
SW3229,michezo,train
SW4391,kitaifa,train
SW4676,michezo,train
SW4807,kitaifa,train
SW3403,michezo,train
SW504,kitaifa,train
SW1597,kitaifa,train
SW1480,biashara,train
SW1458,michezo,train
SW1189,kitaifa,train
SW595,kitaifa,train
SW4848,kimataifa,train
SW2472,biashara,train
SW4785,michezo,train
SW1733,kitaifa,train
SW4518,michezo,train
SW5888,kitaifa,train
SW5523,biashara,train
SW6157,kitaifa,train
SW3976,kitaifa,train
SW618,biashara,train
SW5980,michezo,train
SW5959,michezo,train
SW3505,michezo,train
SW1594,kitaifa,train
SW1482,biashara,train
SW2931,kitaifa,train
SW1448,michezo,train
SW2326,michezo,train
SW4591,kitaifa,train
SW5538,kitaifa,train
SW785,michezo,train
SW4378,michezo,train
SW1533,kitaifa,train
SW1086,biashara,train
SW464,biashara,train
SW231,biashara,train
SW85,kitaifa,train
SW5563,kitaifa,train
SW2193,michezo,train
SW4791,biashara,train
SW2673,kitaifa,train
SW5958,kitaifa,train
SW530,kitaifa,train
SW217,kitaifa,train
SW3019,biashara,train
SW4645,biashara,train
SW6262,biashara,train
SW4780,biashara,train
SW5947,biashara,train
SW1130,kitaifa,train
SW2613,kitaifa,train
SW1128,biashara,train
SW1115,biashara,train
SW2965,michezo,train
SW1190,michezo,train
SW4011,kitaifa,train
SW2384,biashara,train
SW4891,biashara,train
SW285,michezo,train
SW709,michezo,train
SW1416,biashara,train
SW1926,michezo,train
SW1700,biashara,train
SW4595,kitaifa,train
SW1234,biashara,train
SW723,biashara,train
SW1619,michezo,train
SW3455,kitaifa,train
SW759,biashara,train
SW5285,kitaifa,train
SW313,biashara,train
SW4841,michezo,train
SW1866,michezo,train
SW1645,michezo,train
SW6437,kitaifa,train
SW4920,kitaifa,train
SW5059,biashara,train
SW1579,kitaifa,train
SW1488,biashara,train
SW4912,biashara,train
SW3920,kitaifa,train
SW4349,michezo,train
SW2503,kitaifa,train
SW489,kitaifa,train
SW5530,kitaifa,train
SW5270,biashara,train
SW3291,biashara,train
SW2044,michezo,train
SW331,biashara,train
SW5928,biashara,train
SW3366,biashara,train
SW4418,michezo,train
SW4963,kitaifa,train
SW6214,biashara,train
SW2093,kitaifa,train
SW4789,michezo,train
SW338,michezo,train
SW6198,michezo,train
SW3510,michezo,train
SW4620,biashara,train
SW2010,michezo,train
SW1075,kitaifa,train
SW3444,michezo,train
SW4756,kitaifa,train
SW476,kitaifa,train
SW1699,kitaifa,train
SW2650,kitaifa,train
SW550,kitaifa,train
SW794,michezo,train
SW2902,biashara,train
SW5601,kitaifa,train
SW2170,michezo,train
SW3260,biashara,train
SW3830,kitaifa,train
SW50,michezo,train
SW4937,kitaifa,train
SW2732,kitaifa,train
SW1689,michezo,train
SW5196,biashara,train
SW6282,kitaifa,train
SW5677,michezo,train
SW451,michezo,train
SW147,biashara,train
SW4868,biashara,train
SW1950,michezo,train
SW2407,biashara,train
SW6066,kitaifa,train
SW1745,michezo,train
SW502,michezo,train
SW1808,michezo,train
SW2287,kitaifa,train
SW1805,biashara,train
SW5552,kitaifa,train
SW5058,michezo,train
SW4471,biashara,train
SW1450,biashara,train
SW2556,biashara,train
SW1339,biashara,train
SW4433,biashara,train
SW2516,kitaifa,train
SW900,michezo,train
SW1155,kitaifa,train
SW3626,kitaifa,train
SW435,kitaifa,train
SW4565,biashara,train
SW4066,kitaifa,train
SW5384,kitaifa,train
SW1496,michezo,train
SW5106,michezo,train
SW5471,kitaifa,train
SW168,kitaifa,train
SW2856,kitaifa,train
SW2493,michezo,train
SW323,kitaifa,train
SW5266,michezo,train
SW2403,kitaifa,train
SW3515,michezo,train
SW4228,biashara,train
SW661,michezo,train
SW6338,kitaifa,train
SW1013,biashara,train
SW2413,biashara,train
SW3621,kitaifa,train
SW3348,biashara,train
SW2529,kitaifa,train
SW1145,michezo,train
SW4549,kitaifa,train
SW1963,michezo,train
SW2421,michezo,train
SW257,michezo,train
SW1898,kitaifa,train
SW3083,kitaifa,train
SW2048,michezo,train
SW4977,biashara,train
SW292,biashara,train
SW2037,biashara,train
SW2005,michezo,train
SW2800,biashara,train
SW11,michezo,train
SW6067,michezo,train
SW6307,kitaifa,train
SW10,kitaifa,train
SW1059,michezo,train
SW1514,biashara,train
SW2979,biashara,train
SW15,michezo,train
SW5986,michezo,train
SW3089,kitaifa,train
SW8,biashara,train
SW2116,biashara,train
SW267,kitaifa,train
SW916,biashara,train
SW5780,kitaifa,train
SW533,michezo,train
SW5268,biashara,train
SW2638,michezo,train
SW2842,kitaifa,train
SW3448,kitaifa,train
SW1582,michezo,train
SW519,kitaifa,train
SW5937,michezo,train
SW4309,michezo,train
SW1236,kitaifa,train
SW6178,kitaifa,train
SW5567,biashara,train
SW300,michezo,train
SW2700,biashara,train
SW5608,biashara,train
SW73,michezo,train
SW4534,michezo,train
SW4246,michezo,train
SW1538,biashara,train
SW5821,kitaifa,train
SW836,michezo,train
SW869,kitaifa,train
SW3393,michezo,train
SW1639,kitaifa,train
SW6051,michezo,train
SW3097,biashara,train
SW5961,kitaifa,train
SW6337,kitaifa,train
SW2878,biashara,train
SW444,kitaifa,train
SW3649,kitaifa,train
SW518,biashara,train
SW1434,kitaifa,train
SW4280,michezo,train
SW6233,kitaifa,train
SW3032,michezo,train
SW5142,kitaifa,train
SW3333,michezo,train
SW2884,michezo,train
SW3350,kitaifa,train
SW425,kitaifa,train
SW1785,kitaifa,train
SW6360,biashara,train
SW4047,kitaifa,train
SW1392,biashara,train
SW1999,michezo,train
SW3932,biashara,train
SW6218,biashara,train
SW3582,kitaifa,train
SW1806,biashara,train
SW4382,kitaifa,train
SW1498,biashara,train
SW5456,biashara,train
SW4573,michezo,train
SW2156,kitaifa,train
SW3157,michezo,train
SW5074,michezo,train
SW5975,biashara,train
SW547,michezo,train
SW5452,kitaifa,train
SW2261,kitaifa,train
SW2386,biashara,train
SW3131,michezo,train
SW535,biashara,train
SW408,michezo,train
SW297,biashara,train
SW4568,kitaifa,train
SW749,biashara,train
SW483,biashara,train
SW824,kitaifa,train
SW6421,kitaifa,train
SW269,kitaifa,train
SW2236,kitaifa,train
SW4112,kitaifa,train
SW3912,biashara,train
SW5951,biashara,train
SW6297,michezo,train
SW3016,biashara,train
SW4425,michezo,train
SW3723,biashara,train
SW4260,michezo,train
SW5846,kitaifa,train
SW4688,kitaifa,train
SW3185,biashara,train
SW1985,michezo,train
SW3870,kitaifa,train
SW2349,biashara,train
SW4222,kitaifa,train
SW3873,michezo,train
SW1252,michezo,train
SW5939,kitaifa,train
SW5449,biashara,train
SW6418,kitaifa,train
SW1493,kitaifa,train
SW1124,kitaifa,train
SW2951,biashara,train
SW664,biashara,train
SW4223,kitaifa,train
SW790,biashara,train
SW3553,biashara,train
SW4092,biashara,train
SW1446,michezo,train
SW1888,michezo,train
SW4298,michezo,train
SW743,kitaifa,train
SW3169,kitaifa,train
SW4958,kimataifa,train
SW811,michezo,train
SW4158,biashara,train
SW3140,kitaifa,train
SW4451,kitaifa,train
SW3236,biashara,train
SW1666,michezo,train
SW2604,michezo,train
SW58,biashara,train
SW4434,kitaifa,train
SW3421,kitaifa,train
SW1532,biashara,train
SW3296,kitaifa,train
SW1084,biashara,train
SW3409,kitaifa,train
SW2090,kitaifa,train
SW1771,kitaifa,train
SW5765,michezo,train
SW72,michezo,train
SW4055,kitaifa,train
SW4358,kitaifa,train
SW882,michezo,train
SW6130,kitaifa,train
SW5610,biashara,train
SW4060,kitaifa,train
SW1118,kitaifa,train
SW4176,kitaifa,train
SW1713,kitaifa,train
SW1258,michezo,train
SW2621,michezo,train
SW708,kitaifa,train
SW1736,burudani,train
SW4869,kitaifa,train
SW4023,kitaifa,train
SW2924,kitaifa,train
SW2065,kitaifa,train
SW5517,kitaifa,train
SW2901,kitaifa,train
SW1710,kitaifa,train
SW1471,kitaifa,train
SW2981,biashara,train
SW4689,kitaifa,train
SW6429,kitaifa,train
SW2587,kitaifa,train
SW2912,michezo,train
SW598,kitaifa,train
SW3595,kitaifa,train
SW4654,michezo,train
SW5917,biashara,train
SW4256,biashara,train
SW1773,kitaifa,train
SW2401,kitaifa,train
SW5900,kitaifa,train
SW1903,kitaifa,train
SW4607,michezo,train
SW2053,kitaifa,train
SW6328,kitaifa,train
SW2755,michezo,train
SW840,michezo,train
SW767,kitaifa,train
SW3377,kitaifa,train
SW1474,michezo,train
SW165,kimataifa,train
SW3416,michezo,train
SW1671,kitaifa,train
SW5681,kitaifa,train
SW6068,michezo,train
SW207,michezo,train
SW3524,kitaifa,train
SW3106,kitaifa,train
SW717,biashara,train
SW3498,kitaifa,train
SW2122,kitaifa,train
SW2369,michezo,train
SW2811,kitaifa,train
SW5844,biashara,train
SW2435,michezo,train
SW4759,biashara,train
SW665,biashara,train
SW5625,biashara,train
SW3277,biashara,train
SW6103,michezo,train
SW3046,biashara,train
SW5451,michezo,train
SW978,kitaifa,train
SW2323,biashara,train
SW5817,biashara,train
SW1825,kitaifa,train
SW3061,biashara,train
SW4820,michezo,train
SW1684,michezo,train
SW4093,michezo,train
SW5448,michezo,train
SW1044,biashara,train
SW3729,biashara,train
SW4157,kitaifa,train
SW1610,kitaifa,train
SW5995,kitaifa,train
SW2176,michezo,train
SW2846,michezo,train
SW2204,kimataifa,train
SW1592,kitaifa,train
SW1119,michezo,train
SW62,biashara,train
SW2443,kitaifa,train
SW44,kitaifa,train
SW5000,kitaifa,train
SW4825,kitaifa,train
SW4672,kitaifa,train
SW5297,kitaifa,train
SW3625,biashara,train
SW4665,kitaifa,train
SW1237,kitaifa,train
SW4850,michezo,train
SW3754,burudani,train
SW3968,biashara,train
SW3738,biashara,train
SW418,michezo,train
SW6187,kitaifa,train
SW2257,michezo,train
SW5493,kitaifa,train
SW5955,michezo,train
SW1764,kitaifa,train
SW3964,biashara,train
SW314,biashara,train
SW2008,kitaifa,train
SW3406,michezo,train
SW2356,kitaifa,train
SW1952,biashara,train
SW3035,michezo,train
SW4965,biashara,train
SW4737,michezo,train
SW5795,michezo,train
SW827,biashara,train
SW6210,kitaifa,train
SW2251,biashara,train
SW677,biashara,train
SW5929,michezo,train
SW5444,kitaifa,train
SW5415,biashara,train
SW5614,michezo,train
SW6038,biashara,train
SW4321,michezo,train
SW2934,kitaifa,train
SW3925,biashara,train
SW51,michezo,train
SW1879,michezo,train
SW2505,biashara,train
SW3651,biashara,train
SW553,kitaifa,train
SW229,biashara,train
SW3134,michezo,train
SW218,michezo,train
SW2906,biashara,train
SW974,kitaifa,train
SW2456,kimataifa,train
SW538,kitaifa,train
SW3452,michezo,train
SW3745,kitaifa,train
SW3533,kitaifa,train
SW525,biashara,train
SW3980,kitaifa,train
SW470,kitaifa,train
SW2482,biashara,train
SW5204,kitaifa,train
SW2177,kitaifa,train
SW6231,kitaifa,train
SW6069,kitaifa,train
SW5869,kitaifa,train
SW6241,kitaifa,train
SW546,michezo,train
SW2345,michezo,train
SW1646,michezo,train
SW5577,michezo,train
SW4255,kitaifa,train
SW6228,michezo,train
SW5769,kitaifa,train
SW5813,biashara,train
SW4989,michezo,train
SW2009,kitaifa,train
SW6345,biashara,train
SW3653,kitaifa,train
SW2880,biashara,train
SW5111,kitaifa,train
SW601,biashara,train
SW3689,biashara,train
SW2578,kitaifa,train
SW612,kitaifa,train
SW2664,michezo,train
SW4705,kitaifa,train
SW6239,biashara,train
SW5374,michezo,train
SW1667,biashara,train
SW3327,kitaifa,train
SW2903,kitaifa,train
SW5072,kitaifa,train
SW5061,kitaifa,train
SW345,biashara,train
SW499,kitaifa,train
SW2312,kitaifa,train
SW1139,biashara,train
SW2072,kitaifa,train
SW1358,michezo,train
SW5126,kitaifa,train
SW6224,biashara,train
SW383,kimataifa,train
SW5422,michezo,train
SW1229,kitaifa,train
SW501,michezo,train
SW2169,michezo,train
SW527,michezo,train
SW2383,biashara,train
SW2588,kitaifa,train
SW4142,michezo,train
SW2594,kitaifa,train
SW1279,kitaifa,train
SW1177,biashara,train
SW3319,kitaifa,train
SW864,michezo,train
SW5529,biashara,train
SW96,kitaifa,train
SW5231,biashara,train
SW1354,biashara,train
SW87,michezo,train
SW3930,kitaifa,train
SW3982,kitaifa,train
SW2576,michezo,train
SW1531,michezo,train
SW245,kitaifa,train
SW2448,kitaifa,train
SW4706,kitaifa,train
SW3050,kitaifa,train
SW79,michezo,train
SW548,kitaifa,train
SW2787,kitaifa,train
SW2847,kitaifa,train
SW213,michezo,train
SW6261,kitaifa,train
SW629,kitaifa,train
SW2394,kitaifa,train
SW5501,biashara,train
SW3175,michezo,train
SW523,michezo,train
SW1683,kitaifa,train
SW2296,biashara,train
SW1192,michezo,train
SW341,biashara,train
SW2426,biashara,train
SW1573,kitaifa,train
SW1854,kitaifa,train
SW3075,biashara,train
SW5749,kitaifa,train
SW577,michezo,train
SW3530,kitaifa,train
SW3546,kitaifa,train
SW4481,michezo,train
SW1504,biashara,train
SW3978,michezo,train
SW5636,kitaifa,train
SW6323,kitaifa,train
SW1769,michezo,train
SW556,kitaifa,train
SW1587,kitaifa,train
SW2047,biashara,train
SW389,michezo,train
SW1880,kitaifa,train
SW3619,kitaifa,train
SW5122,michezo,train
SW3445,kitaifa,train
SW1473,michezo,train
SW1454,kitaifa,train
SW2508,michezo,train
SW2056,michezo,train
SW77,kitaifa,train
SW6273,biashara,train
SW1350,biashara,train
SW4652,biashara,train
SW1009,kitaifa,train
SW1892,kitaifa,train
SW2686,michezo,train
SW2434,kitaifa,train
SW234,biashara,train
SW1895,kitaifa,train
SW6102,kitaifa,train
SW1322,kitaifa,train
SW2625,michezo,train
SW0,kitaifa,train
SW5399,biashara,train
SW2175,michezo,train
SW4662,michezo,train
SW5745,michezo,train
SW123,kitaifa,train
SW4019,michezo,train
SW3387,kitaifa,train
SW580,biashara,train
SW807,kitaifa,train
SW2123,kitaifa,train
SW4111,kitaifa,train
SW2736,michezo,train
SW16,kitaifa,train
SW2537,biashara,train
SW4472,kitaifa,train
SW3264,biashara,train
SW3866,kitaifa,train
SW3287,kimataifa,train
SW1572,kitaifa,train
SW4779,kitaifa,train
SW3929,michezo,train
SW4465,michezo,train
SW1011,biashara,train
SW1832,biashara,train
SW5201,biashara,train
SW2683,michezo,train
SW4690,kitaifa,train
SW1861,kitaifa,train
SW3243,kitaifa,train
SW5824,biashara,train
SW1838,kitaifa,train
SW3459,michezo,train
SW2632,michezo,train
SW6150,kitaifa,train
SW633,kitaifa,train
SW6195,kitaifa,train
SW4269,michezo,train
SW1707,kitaifa,train
SW321,biashara,train
SW1132,kitaifa,train
SW6243,michezo,train
SW2972,biashara,train
SW6341,michezo,train
SW5027,kitaifa,train
SW6173,michezo,train
SW2748,kitaifa,train
SW5032,biashara,train
SW1727,biashara,train
SW1908,michezo,train
SW4926,biashara,train
SW3831,kimataifa,train
SW1439,biashara,train
SW4409,biashara,train
SW6401,kitaifa,train
SW5717,michezo,train
SW6312,michezo,train
SW4268,kitaifa,train
SW4486,biashara,train
SW2040,michezo,train
SW4728,michezo,train
SW3224,kitaifa,train
SW4004,michezo,train
SW3482,michezo,train
SW5180,kitaifa,train
SW5803,biashara,train
SW655,kitaifa,train
SW5656,biashara,train
SW2561,biashara,train
SW551,biashara,train
SW4842,biashara,train
SW3972,biashara,train
SW1800,michezo,train
SW2511,kitaifa,train
SW2647,michezo,train
SW1349,biashara,train
SW5946,kitaifa,train
SW6265,kitaifa,train
SW4927,biashara,train
SW3241,michezo,train
SW1343,biashara,train
SW3373,biashara,train
SW3404,biashara,train
SW4526,michezo,train
SW3262,kitaifa,train
SW1784,michezo,train
SW4351,kitaifa,train
SW2464,kitaifa,train
SW746,michezo,train
SW1503,biashara,train
SW6164,biashara,train
SW2988,michezo,train
SW5427,michezo,train
SW5761,biashara,train
SW4187,kitaifa,train
SW3334,kitaifa,train
SW5543,biashara,train
SW6294,kitaifa,train
SW6311,michezo,train
SW4952,kitaifa,train
SW3941,kitaifa,train
SW564,michezo,train
SW1956,biashara,train
SW1179,biashara,train
SW4032,biashara,train
SW3507,kitaifa,train
SW5703,kitaifa,train
SW5615,biashara,train
SW6398,biashara,train
SW5167,michezo,train
SW4290,biashara,train
SW4224,michezo,train
SW2918,kitaifa,train
SW2207,michezo,train
SW1697,michezo,train
SW3699,kitaifa,train
SW4289,kitaifa,train
SW4697,biashara,train
SW5197,biashara,train
SW465,biashara,train
SW3577,burudani,train
SW2432,kitaifa,train
SW4990,michezo,train
SW799,biashara,train
SW833,michezo,train
SW5497,biashara,train
SW1562,kitaifa,train
SW5315,kitaifa,train
SW5162,michezo,train
SW5246,kitaifa,train
SW632,biashara,train
SW2269,kitaifa,train
SW624,michezo,train
SW5682,kitaifa,train
SW1982,biashara,train
SW3184,biashara,train
SW1127,michezo,train
SW6096,kitaifa,train
SW5644,kitaifa,train
SW1612,biashara,train
SW6391,kitaifa,train
SW82,kitaifa,train
SW1818,kitaifa,train
SW2390,kitaifa,train
SW4183,michezo,train
SW4480,michezo,train
SW2947,biashara,train
SW2372,michezo,train
SW2788,kitaifa,train
SW3536,biashara,train
SW4292,kitaifa,train
SW5611,michezo,train
SW3336,kitaifa,train
SW6114,kitaifa,train
SW3693,kitaifa,train
SW2808,biashara,train
SW2081,michezo,train
SW3752,michezo,train
SW4086,michezo,train
SW2582,michezo,train
SW5009,kimataifa,train
SW4048,michezo,train
SW5185,michezo,train
SW1724,biashara,train
SW6227,kitaifa,train
SW3318,kitaifa,train
SW5092,michezo,train
SW6236,biashara,train
SW3461,kitaifa,train
SW5076,michezo,train
SW2512,biashara,train
SW576,kitaifa,train
SW3044,michezo,train
SW1748,michezo,train
SW2771,michezo,train
SW1303,kitaifa,train
SW870,michezo,train
SW6012,kitaifa,train
SW5823,kitaifa,train
SW620,kitaifa,train
SW5207,kitaifa,train
SW3537,michezo,train
SW3077,biashara,train
SW215,kitaifa,train
SW3686,michezo,train
SW2662,biashara,train
SW2152,michezo,train
SW4786,kitaifa,train
SW5247,michezo,train
SW4181,michezo,train
SW879,kitaifa,train
SW855,michezo,train
SW3045,michezo,train
SW520,michezo,train
SW6107,biashara,train
SW2562,kitaifa,train
SW4153,kitaifa,train
SW5278,kitaifa,train
SW2659,michezo,train
SW5553,michezo,train
SW4997,kitaifa,train
SW3375,kitaifa,train
SW4306,kitaifa,train
SW124,michezo,train
SW4865,kitaifa,train
SW3671,biashara,train
SW5898,michezo,train
SW3934,kitaifa,train
SW3480,kitaifa,train
SW2580,michezo,train
SW287,kitaifa,train
SW6017,michezo,train
SW4308,biashara,train
SW798,michezo,train
SW5199,michezo,train
SW3322,kitaifa,train
SW2684,kitaifa,train
SW5781,kitaifa,train
SW5421,michezo,train
SW5356,biashara,train
SW1953,michezo,train
SW806,michezo,train
SW420,kitaifa,train
SW3495,biashara,train
SW4739,kitaifa,train
SW4395,kitaifa,train
SW5323,kitaifa,train
SW2886,kimataifa,train
SW4884,kitaifa,train
SW4002,biashara,train
SW5723,kitaifa,train
SW522,biashara,train
SW4198,michezo,train
SW1266,biashara,train
SW4901,michezo,train
SW36,biashara,train
SW964,michezo,train
SW1751,biashara,train
SW536,kitaifa,train
SW1386,kitaifa,train
SW2946,kitaifa,train
SW5067,biashara,train
SW4379,kitaifa,train
SW2781,michezo,train
SW4377,michezo,train
SW249,kitaifa,train
SW4315,kitaifa,train
SW293,michezo,train
SW1655,michezo,train
SW2158,kitaifa,train
SW18,kitaifa,train
SW5778,kitaifa,train
SW1632,kitaifa,train
SW3427,michezo,train
SW4771,michezo,train
SW3547,biashara,train
SW237,michezo,train
SW4801,kitaifa,train
SW5982,kitaifa,train
SW4342,michezo,train
SW3589,michezo,train
SW2569,kitaifa,train
SW330,kitaifa,train
SW4596,kitaifa,train
SW295,biashara,train
SW1378,kitaifa,train
SW2063,biashara,train
SW2555,michezo,train
SW6144,kitaifa,train
SW720,kitaifa,train
SW3446,michezo,train
SW2491,biashara,train
SW3590,biashara,train
SW6124,biashara,train
SW1714,biashara,train
SW4724,biashara,train
SW3628,kitaifa,train
SW3090,michezo,train
SW4551,kitaifa,train
SW866,biashara,train
SW119,kitaifa,train
SW5454,biashara,train
SW2331,kitaifa,train
SW3644,kitaifa,train
SW2368,kitaifa,train
SW1534,michezo,train
SW2757,michezo,train
SW1325,biashara,train
SW2194,michezo,train
SW2791,kitaifa,train
SW453,michezo,train
SW361,michezo,train
SW6023,biashara,train
SW636,biashara,train
SW1221,kitaifa,train
SW4824,biashara,train
SW5294,kitaifa,train
SW1885,biashara,train
SW5988,kitaifa,train
SW4141,biashara,train
SW3068,michezo,train
SW244,michezo,train
SW2515,kitaifa,train
SW4152,kitaifa,train
SW2424,biashara,train
SW1283,michezo,train
SW4219,kitaifa,train
SW2540,michezo,train
SW4301,biashara,train
SW5891,kitaifa,train
SW735,kitaifa,train
SW5453,biashara,train
SW2567,biashara,train
SW3302,kitaifa,train
SW5971,biashara,train
SW3100,michezo,train
SW5628,kitaifa,train
SW634,kitaifa,train
SW1126,kitaifa,train
SW3297,michezo,train
SW2303,biashara,train
SW5136,kitaifa,train
SW4197,michezo,train
SW1100,biashara,train
SW3146,kitaifa,train
SW5965,biashara,train
SW1555,kitaifa,train
SW4040,kitaifa,train
SW2211,biashara,train
SW144,biashara,train
SW593,biashara,train
SW3472,kitaifa,train
SW1778,kitaifa,train
SW2521,michezo,train
SW1295,kitaifa,train
SW3352,kitaifa,train
SW4919,kitaifa,train
SW1197,biashara,train
SW4190,kitaifa,train
SW5359,biashara,train
SW5876,michezo,train
SW2992,biashara,train
SW5521,kitaifa,train
SW5283,kitaifa,train
SW6060,biashara,train
SW2609,michezo,train
SW3966,michezo,train
SW456,kitaifa,train
SW5981,kitaifa,train
SW5035,kitaifa,train
SW6004,michezo,train
SW4365,michezo,train
SW5990,kitaifa,train
SW1291,michezo,train
SW2538,kimataifa,train
SW493,biashara,train
SW752,biashara,train
SW19,kitaifa,train
SW2264,michezo,train
SW3926,kitaifa,train
SW3208,biashara,train
SW479,kitaifa,train
SW573,biashara,train
SW950,kitaifa,train
SW670,kitaifa,train
SW4787,michezo,train
SW2015,biashara,train
SW3818,biashara,train
SW1629,michezo,train
SW143,kitaifa,train
SW2945,biashara,train
SW1410,kitaifa,train
SW5146,kitaifa,train
SW1133,biashara,train
SW4007,michezo,train
SW842,michezo,train
SW4494,biashara,train
SW3734,michezo,train
SW176,michezo,train
SW2968,biashara,train
SW5964,kitaifa,train
SW1111,biashara,train
SW1816,kitaifa,train
SW748,michezo,train
SW3889,biashara,train
SW188,biashara,train
SW3751,kitaifa,train
SW3433,biashara,train
SW5534,kitaifa,train
SW2608,kitaifa,train
SW2223,kitaifa,train
SW422,burudani,train
SW1332,kitaifa,train
SW3800,kitaifa,train
SW1852,michezo,train
SW657,kitaifa,train
SW4866,michezo,train
SW136,biashara,train
SW5716,biashara,train
SW2184,kitaifa,train
SW3095,michezo,train
SW558,biashara,train
SW140,michezo,train
SW3353,biashara,train
SW2908,kitaifa,train
SW325,kitaifa,train
SW4991,kitaifa,train
SW1481,kitaifa,train
SW4908,kitaifa,train
SW4,michezo,train
SW4252,kitaifa,train
SW4656,kitaifa,train
SW3931,kitaifa,train
SW1706,michezo,train
SW5489,michezo,train
SW290,michezo,train
SW3379,kitaifa,train
SW288,kitaifa,train
SW1894,biashara,train
SW969,michezo,train
SW209,michezo,train
SW491,michezo,train
SW6320,kitaifa,train
SW3166,michezo,train
SW5826,michezo,train
SW1036,kitaifa,train
SW2438,biashara,train
SW4852,kitaifa,train
SW6027,biashara,train
SW4885,kitaifa,train
SW442,biashara,train
SW976,michezo,train
SW312,kitaifa,train
SW2316,biashara,train
SW5925,kitaifa,train
SW1103,kitaifa,train
SW5742,kitaifa,train
SW5554,michezo,train
SW2309,michezo,train
SW5949,kitaifa,train
SW3668,biashara,train
SW2317,kitaifa,train
SW5165,michezo,train
SW3490,biashara,train
SW5860,biashara,train
SW4064,kitaifa,train
SW3950,biashara,train
SW3588,michezo,train
SW3718,michezo,train
SW4049,biashara,train
SW5138,kitaifa,train
SW979,biashara,train
SW1528,kitaifa,train
SW1414,kitaifa,train
SW1214,biashara,train
SW3819,michezo,train
SW2689,kitaifa,train
SW4981,biashara,train
SW3371,biashara,train
SW3642,michezo,train
SW3961,biashara,train
SW2633,kitaifa,train
SW2724,kitaifa,train
SW1672,biashara,train
SW3772,michezo,train
SW3374,michezo,train
SW2019,biashara,train
SW3198,michezo,train
SW5435,michezo,train
SW5466,biashara,train
SW4877,kitaifa,train
SW3586,michezo,train
SW837,biashara,train
SW396,michezo,train
SW4446,kitaifa,train
SW3005,michezo,train
SW724,michezo,train
SW2075,biashara,train
SW4356,biashara,train
SW1207,biashara,train
SW4874,michezo,train
SW1195,kitaifa,train
SW613,kitaifa,train
SW2085,michezo,train
SW4978,kitaifa,train
SW4441,kitaifa,train
SW821,michezo,train
SW6059,michezo,train
SW2626,kitaifa,train
SW1776,kitaifa,train
SW4505,kitaifa,train
SW4419,michezo,train
SW3804,michezo,train
SW992,kitaifa,train
SW1245,kitaifa,train
SW741,biashara,train
SW2265,michezo,train
SW4297,michezo,train
SW2944,michezo,train
SW542,biashara,train
SW532,kitaifa,train
SW335,kitaifa,train
SW5748,biashara,train
SW2250,kitaifa,train
SW2354,michezo,train
SW3314,biashara,train
SW958,biashara,train
SW1536,biashara,train
SW1716,kitaifa,train
SW699,michezo,train
SW379,biashara,train
SW1585,michezo,train
SW4185,kitaifa,train
SW4502,kitaifa,train
SW4897,biashara,train
SW2868,biashara,train
SW6048,biashara,train
SW5060,michezo,train
SW6425,michezo,train
SW1081,kitaifa,train
SW4519,michezo,train
SW406,kitaifa,train
SW4138,biashara,train
SW2352,biashara,train
SW2295,kitaifa,train
SW1731,kitaifa,train
SW1815,biashara,train
SW3309,kitaifa,train
SW1056,kitaifa,train
SW1275,biashara,train
SW6155,kitaifa,train
SW6053,michezo,train
SW2967,kitaifa,train
SW4532,kitaifa,train
SW1787,kitaifa,train
SW4743,kitaifa,train
SW5556,kitaifa,train
SW571,biashara,train
SW202,kitaifa,train
SW5593,michezo,train
SW3255,kitaifa,train
SW4162,biashara,train
SW4506,kitaifa,train
SW4440,kitaifa,train
SW3952,kitaifa,train
SW5068,kitaifa,train
SW3927,michezo,train
SW3240,michezo,train
SW1704,michezo,train
SW4300,biashara,train
SW3633,biashara,train
SW4084,biashara,train
SW3872,biashara,train
SW5121,michezo,train
SW4218,michezo,train
SW6432,kitaifa,train
SW5446,biashara,train
SW4119,michezo,train
SW5256,biashara,train
SW835,kitaifa,train
SW1168,michezo,train
SW1045,kimataifa,train
SW31,kitaifa,train
SW260,michezo,train
SW1788,michezo,train
SW4304,michezo,train
SW6063,michezo,train
SW4075,michezo,train
SW263,kitaifa,train
SW911,michezo,train
SW3476,michezo,train
SW4320,kitaifa,train
SW455,kitaifa,train
SW4624,kitaifa,train
SW2032,biashara,train
SW5882,michezo,train
SW2612,michezo,train
SW1213,michezo,train
SW5767,biashara,train
SW336,michezo,train
SW4247,michezo,train
SW120,kitaifa,train
SW6426,kitaifa,train
SW3034,kitaifa,train
SW985,michezo,train
SW4366,michezo,train
SW1693,kitaifa,train
SW3024,kitaifa,train
SW2762,kitaifa,train
SW6079,kitaifa,train
SW1973,michezo,train
SW3667,biashara,train
SW3721,biashara,train
SW959,michezo,train
SW779,michezo,train
SW1433,biashara,train
SW6207,kitaifa,train
SW391,michezo,train
SW4284,michezo,train
SW6358,kitaifa,train
SW1979,michezo,train
SW5173,biashara,train
SW599,kitaifa,train
SW6331,biashara,train
SW1167,michezo,train
SW2231,kitaifa,train
SW3063,kitaifa,train
SW4760,michezo,train
SW3665,kitaifa,train
SW4761,kitaifa,train
SW961,kitaifa,train
SW2002,kitaifa,train
SW2062,michezo,train
SW2381,michezo,train
SW5751,kitaifa,train
SW154,kitaifa,train
SW5093,kitaifa,train
SW2217,michezo,train
SW172,kitaifa,train
SW3841,michezo,train
SW167,kitaifa,train
SW2185,kitaifa,train
SW3584,michezo,train
SW6304,kitaifa,train
SW899,michezo,train
SW1670,michezo,train
SW3466,biashara,train
SW3940,biashara,train
SW692,kitaifa,train
SW114,michezo,train
SW352,kitaifa,train
SW3222,michezo,train
SW2118,kitaifa,train
SW362,kitaifa,train
SW1154,michezo,train
SW3356,kitaifa,train
SW5683,kitaifa,train
SW5043,michezo,train
SW5811,michezo,train
SW4879,michezo,train
SW1553,michezo,train
SW540,kitaifa,train
SW2989,biashara,train
SW4147,biashara,train
SW820,kitaifa,train
SW1831,biashara,train
SW5377,kitaifa,train
SW2396,kitaifa,train
SW3418,michezo,train
SW3508,michezo,train
SW5588,michezo,train
SW1038,biashara,train
SW929,biashara,train
SW1010,biashara,train
SW5711,michezo,train
SW5579,kitaifa,train
SW3743,biashara,train
SW2073,michezo,train
SW4725,biashara,train
SW5667,kitaifa,train
SW2405,michezo,train
SW6366,michezo,train
SW1034,kitaifa,train
SW3949,kitaifa,train
SW5225,michezo,train
SW107,biashara,train
SW5618,biashara,train
SW1761,michezo,train
SW1417,kitaifa,train
SW2942,biashara,train
SW5664,biashara,train
SW1738,biashara,train
SW2195,michezo,train
SW5400,michezo,train
SW5213,kitaifa,train
SW1203,kitaifa,train
SW5303,kitaifa,train
SW797,biashara,train
SW2665,kitaifa,train
SW4904,biashara,train
SW6045,kitaifa,train
SW2522,kitaifa,train
SW2298,biashara,train
SW5685,michezo,train
SW4834,biashara,train
SW5265,kitaifa,train
SW5590,kitaifa,train
SW3845,kitaifa,train
SW1463,kitaifa,train
SW4544,michezo,train
SW4659,michezo,train
SW5616,michezo,train
SW5302,michezo,train
SW3010,biashara,train
SW4704,michezo,train
SW6298,kitaifa,train
SW2960,kitaifa,train
SW2115,kitaifa,train
SW4343,michezo,train
SW4189,kitaifa,train
SW4539,kitaifa,train
SW1475,biashara,train
SW2391,biashara,train
SW5776,kitaifa,train
SW1728,biashara,train
SW6116,kitaifa,train
SW5397,michezo,train
SW3552,burudani,train
SW645,biashara,train
SW2150,biashara,train
SW162,michezo,train
SW4099,michezo,train
SW3279,michezo,train
SW3469,michezo,train
SW1422,kitaifa,train
SW4572,kitaifa,train
SW539,kitaifa,train
SW4701,kitaifa,train
SW5866,kitaifa,train
SW2297,kitaifa,train
SW5292,michezo,train
SW5599,kitaifa,train
SW5250,kitaifa,train
SW4928,biashara,train
SW2463,michezo,train
SW1599,michezo,train
SW1098,biashara,train
SW3680,kitaifa,train
SW4016,kitaifa,train
SW981,michezo,train
SW5879,michezo,train
SW2034,biashara,train
SW1860,michezo,train
SW2051,biashara,train
SW1501,kitaifa,train
SW5011,michezo,train
SW5868,michezo,train
SW3947,michezo,train
SW684,michezo,train
SW6062,biashara,train
SW1641,kitaifa,train
SW6055,biashara,train
SW3787,kitaifa,train
SW4813,michezo,train
SW2336,kitaifa,train
SW2166,kitaifa,train
SW6165,michezo,train
SW5550,michezo,train
SW5405,kitaifa,train
SW1799,kitaifa,train
SW6317,biashara,train
SW4758,biashara,train
SW1359,michezo,train
SW6181,biashara,train
SW4516,kitaifa,train
SW3997,kitaifa,train
SW3893,michezo,train
SW808,biashara,train
SW3802,michezo,train
SW1335,kitaifa,train
SW5774,kitaifa,train
SW892,michezo,train
SW67,kitaifa,train
SW4969,michezo,train
SW1937,kitaifa,train
SW6274,michezo,train
SW4330,michezo,train
SW4031,michezo,train
SW4029,biashara,train
SW2404,kitaifa,train
SW5702,biashara,train
SW4574,michezo,train
SW5304,kitaifa,train
SW2565,kitaifa,train
SW3151,michezo,train
SW1470,kitaifa,train
SW1172,biashara,train
SW177,michezo,train
SW467,kitaifa,train
SW6099,kitaifa,train
SW6213,kitaifa,train
SW4233,michezo,train
SW2470,biashara,train
SW4545,michezo,train
SW5555,kitaifa,train
SW2652,michezo,train
SW945,biashara,train
SW2163,michezo,train
SW6246,michezo,train
SW153,michezo,train
SW832,biashara,train
SW4124,michezo,train
SW1026,michezo,train
SW4670,michezo,train
SW5,michezo,train
SW5172,kitaifa,train
SW3031,biashara,train
SW1974,michezo,train
SW3123,biashara,train
SW3648,michezo,train
SW4253,kitaifa,train
SW6334,biashara,train
SW415,biashara,train
SW3401,kitaifa,train
SW403,michezo,train
SW152,michezo,train
SW1958,biashara,train
SW6080,biashara,train
SW719,biashara,train
SW261,kitaifa,train
SW1429,kitaifa,train
SW5349,kitaifa,train
SW4504,kitaifa,train
SW4203,biashara,train
SW3838,kitaifa,train
SW784,kitaifa,train
SW5160,kitaifa,train
SW2129,kitaifa,train
SW6413,kitaifa,train
SW4035,kitaifa,train
SW21,biashara,train
SW4674,kitaifa,train
SW1418,michezo,train
SW273,michezo,train
SW4540,kitaifa,train
SW37,kitaifa,train
SW4999,biashara,train
SW2784,michezo,train
SW2864,michezo,train
SW5333,biashara,train
SW1883,michezo,train
SW2353,kitaifa,train
SW1028,biashara,train
SW1634,biashara,train
SW6184,kitaifa,train
SW498,michezo,train
SW6093,michezo,train
SW3256,kitaifa,train
SW5424,biashara,train
SW5818,kitaifa,train
SW5704,kitaifa,train
SW4362,biashara,train
SW2,biashara,train
SW5445,kitaifa,train
SW5006,michezo,train
SW2260,kitaifa,train
SW4955,kitaifa,train
SW3344,biashara,train
SW398,kitaifa,train
SW5967,michezo,train
SW6033,biashara,train
SW2961,kitaifa,train
SW1057,kitaifa,train
SW1759,biashara,train
SW5398,biashara,train
SW1692,biashara,train
SW3060,kitaifa,train
SW5586,biashara,train
SW4517,biashara,train
SW3470,michezo,train
SW5727,michezo,train
SW1163,michezo,train
SW5025,michezo,train
SW386,kitaifa,train
SW438,michezo,train
SW4675,biashara,train
SW1290,biashara,train
SW1843,michezo,train
SW2606,kitaifa,train
SW281,biashara,train
SW3525,biashara,train
SW2559,biashara,train
SW1385,biashara,train
SW43,michezo,train
SW3513,kitaifa,train
SW42,michezo,train
SW3711,michezo,train
SW4396,michezo,train
SW3974,kitaifa,train
SW1453,michezo,train
SW258,michezo,train
SW4809,biashara,train
SW318,biashara,train
SW3809,biashara,train
SW877,biashara,train
SW6252,michezo,train
SW1998,kitaifa,train
SW3259,michezo,train
SW3150,biashara,train
SW3629,biashara,train
SW5312,kitaifa,train
SW1256,kitaifa,train
SW205,kitaifa,train
SW5730,kitaifa,train
SW2071,michezo,train
SW2351,biashara,train
SW2706,biashara,train
SW1913,michezo,train
SW5314,kitaifa,train
SW2068,michezo,train
SW6131,kitaifa,train
SW2147,michezo,train
SW2050,michezo,train
SW2708,kitaifa,train
SW2357,kitaifa,train
SW4431,michezo,train
SW590,biashara,train
SW2655,kitaifa,train
SW889,michezo,train
SW4746,michezo,train
SW452,biashara,train
SW1170,biashara,train
SW2181,kitaifa,train
SW5367,michezo,train
SW5372,michezo,train
SW1652,michezo,train
SW1494,michezo,train
SW5620,biashara,train
SW885,kitaifa,train
SW4840,michezo,train
SW5930,biashara,train
SW695,michezo,train
SW1178,kitaifa,train
SW5693,michezo,train
SW367,kitaifa,train
SW1694,michezo,train
SW6279,kitaifa,train
SW3355,michezo,train
SW4118,michezo,train
SW4867,kitaifa,train
SW5957,kitaifa,train
SW1114,michezo,train
SW5996,biashara,train
SW3145,michezo,train
SW6120,biashara,train
SW1080,kitaifa,train
SW3603,kitaifa,train
SW4467,michezo,train
SW1282,kitaifa,train
SW3973,kitaifa,train
SW3859,michezo,train
SW5999,michezo,train
SW5428,kitaifa,train
SW1206,biashara,train
SW4335,michezo,train
SW3419,biashara,train
SW3959,kitaifa,train
SW5653,michezo,train
SW2777,michezo,train
SW4466,michezo,train
SW3142,kitaifa,train
SW669,kitaifa,train
SW3303,michezo,train
SW3878,kitaifa,train
SW948,biashara,train
SW5329,kitaifa,train
SW3898,michezo,train
SW4068,kitaifa,train
SW369,biashara,train
SW2235,michezo,train
SW4295,michezo,train
SW3645,michezo,train
SW2397,biashara,train
SW1101,kitaifa,train
SW2452,kitaifa,train
SW2911,michezo,train
SW2101,biashara,train
SW3549,kitaifa,train
SW3085,michezo,train
SW654,michezo,train
SW5153,kitaifa,train
SW1686,biashara,train
SW4734,biashara,train
SW2355,biashara,train
SW6333,michezo,train
SW2819,michezo,train
SW459,biashara,train
SW2314,biashara,train
SW80,biashara,train
SW5840,kitaifa,train
SW4200,michezo,train
SW4829,biashara,train
SW3682,michezo,train
SW3523,biashara,train
SW970,michezo,train
SW1855,kitaifa,train
SW1596,biashara,train
SW4890,kitaifa,train
SW4025,kitaifa,train
SW324,kitaifa,train
SW400,kitaifa,train
SW2012,biashara,train
SW4985,michezo,train
SW5737,kitaifa,train
SW4406,michezo,train
SW4490,michezo,train
SW2715,kimataifa,train
SW1912,kitaifa,train
SW1131,biashara,train
SW1725,biashara,train
SW3977,biashara,train
SW680,kitaifa,train
SW915,kitaifa,train
SW4925,biashara,train
SW2033,michezo,train
SW2374,biashara,train
SW1257,kitaifa,train
SW2730,kitaifa,train
SW4243,kitaifa,train
SW2602,michezo,train
SW3485,kitaifa,train
SW5443,kitaifa,train
SW1281,kitaifa,train
SW1872,biashara,train
SW411,michezo,train
SW3328,michezo,train
SW298,kitaifa,train
SW6266,michezo,train
SW139,biashara,train
SW1361,michezo,train
SW485,kitaifa,train
SW6230,biashara,train
SW1571,kitaifa,train
SW4930,biashara,train
SW4684,kitaifa,train
SW3876,kitaifa,train
SW6240,michezo,train
SW6202,michezo,train
SW1200,kitaifa,train
SW2042,kitaifa,train
SW5144,biashara,train
SW3545,biashara,train
SW4547,biashara,train
SW1606,michezo,train
SW1328,kitaifa,train
SW3887,biashara,train
SW2797,biashara,train
SW4276,michezo,train
SW2154,biashara,train
SW787,michezo,train
SW5515,michezo,train
SW2571,kitaifa,train
SW688,michezo,train
SW4988,biashara,train
SW3640,kitaifa,train
SW5786,kitaifa,train
SW2035,biashara,train
SW5481,biashara,train
SW1877,michezo,train
SW5089,michezo,train
SW5731,biashara,train
SW2815,biashara,train
SW2439,kitaifa,train
SW5576,kitaifa,train
SW190,michezo,train
SW4052,michezo,train
SW2896,kitaifa,train
SW647,michezo,train
SW2774,biashara,train
SW4018,biashara,train
SW3192,biashara,train
SW4210,kitaifa,train
SW4012,michezo,train
SW150,michezo,train
SW1110,kitaifa,train
SW4411,biashara,train
SW4567,kitaifa,train
SW4216,michezo,train
SW6134,biashara,train
SW2057,michezo,train
SW5238,biashara,train
SW3575,kitaifa,train
SW6200,michezo,train
SW4844,kitaifa,train
SW5217,kitaifa,train
SW5175,biashara,train
SW3154,biashara,train
SW4057,kitaifa,train
SW4609,biashara,train
SW1649,biashara,train
SW2224,kitaifa,train
SW1351,kitaifa,train
SW2644,biashara,train
SW3062,michezo,train
SW2266,biashara,train
SW2483,kitaifa,train
SW642,biashara,train
SW5305,michezo,train
SW1802,biashara,train
SW603,biashara,train
SW997,kitaifa,train
SW5914,kitaifa,train
SW1152,biashara,train
SW3244,kitaifa,train
SW3,michezo,train
SW3678,michezo,train
SW299,michezo,train
SW4415,michezo,train
SW4812,michezo,train
SW1032,michezo,train
SW284,kitaifa,train
SW413,kitaifa,train
SW4860,kitaifa,train
SW5881,michezo,train
SW5024,michezo,train
SW5361,kitaifa,train
SW2389,michezo,train
SW5513,kitaifa,train
SW3052,biashara,train
SW1867,kitaifa,train
SW1910,michezo,train
SW2831,kitaifa,train
SW1372,kitaifa,train
SW1083,michezo,train
SW854,kitaifa,train
SW4524,michezo,train
SW2871,michezo,train
SW4126,kitaifa,train
SW939,michezo,train
SW3811,kitaifa,train
SW317,biashara,train
SW4168,kitaifa,train
SW4338,kitaifa,train
SW506,biashara,train
SW1991,kitaifa,train
SW4542,michezo,train
SW6392,michezo,train
SW4512,michezo,train
SW1435,biashara,train
SW5085,michezo,train
SW4464,biashara,train
SW53,kitaifa,train
SW4061,kitaifa,train
SW3608,kitaifa,train
SW6238,michezo,train
SW5051,kitaifa,train
SW2247,michezo,train
SW1394,kitaifa,train
SW132,biashara,train
SW780,michezo,train
SW6340,michezo,train
SW5661,biashara,train
SW3194,kitaifa,train
SW4772,biashara,train
SW3825,michezo,train
SW127,michezo,train
SW5919,kitaifa,train
SW276,biashara,train
SW3394,michezo,train
SW1232,kitaifa,train
SW4984,biashara,train
SW2752,biashara,train
SW1438,biashara,train
SW2950,kitaifa,train
SW1616,biashara,train
SW1407,michezo,train
SW2675,kitaifa,train
SW5657,michezo,train
SW4213,michezo,train
SW4586,kimataifa,train
SW569,kitaifa,train
SW4731,michezo,train
SW1049,michezo,train
SW1265,kitaifa,train
SW3414,biashara,train
SW1621,michezo,train
SW3295,michezo,train
SW4350,kitaifa,train
SW2648,biashara,train
SW2473,kitaifa,train
SW6275,biashara,train
SW1935,michezo,train
SW2440,biashara,train
SW488,michezo,train
SW3048,biashara,train
SW925,kitaifa,train
SW319,michezo,train
SW1543,kitaifa,train
SW2134,biashara,train
SW3615,michezo,train
SW3708,kitaifa,train
SW1884,kitaifa,train
SW1878,kitaifa,train
SW6197,biashara,train
SW738,michezo,train
SW5827,michezo,train
SW1729,michezo,train
SW2646,michezo,train
SW40,kitaifa,train
SW1578,biashara,train
SW6430,kitaifa,train
SW3164,kitaifa,train
SW819,michezo,train
SW5014,biashara,train
SW3361,biashara,train
SW52,michezo,train
SW110,michezo,train
SW4755,kitaifa,train
SW2828,michezo,train
SW588,michezo,train
SW3597,kitaifa,train
SW359,biashara,train
SW3211,michezo,train
SW5814,kitaifa,train
SW5119,biashara,train
SW3903,biashara,train
SW4444,kitaifa,train
SW1567,kitaifa,train
SW6217,kimataifa,train
SW4935,biashara,train
SW3963,kitaifa,train
SW2939,kitaifa,train
SW1365,kitaifa,train
SW858,michezo,train
SW3110,michezo,train
SW4324,kitaifa,train
SW6075,michezo,train
SW5547,kitaifa,train
SW3101,kitaifa,train
SW431,kitaifa,train
SW3070,kitaifa,train
SW3239,biashara,train
SW2969,kitaifa,train
SW434,kitaifa,train
SW2107,michezo,train
SW650,michezo,train
SW1320,michezo,train
SW2915,michezo,train
SW4837,michezo,train
SW2738,michezo,train
SW2616,michezo,train
SW4139,michezo,train
SW2938,michezo,train
SW2920,kitaifa,train
SW3235,kitaifa,train
SW560,biashara,train
SW4264,kitaifa,train
SW2364,michezo,train
SW3894,kitaifa,train
SW1006,biashara,train
SW1516,kitaifa,train
SW4514,biashara,train
SW5321,michezo,train
SW3201,biashara,train
SW4836,kitaifa,train
SW5938,kitaifa,train
SW1829,kitaifa,train
SW3298,biashara,train
SW5568,biashara,train
SW3573,michezo,train
SW5639,kitaifa,train
SW1443,kitaifa,train
SW4248,kimataifa,train
SW5332,biashara,train
SW5572,kitaifa,train
SW5105,kitaifa,train
SW729,kitaifa,train
SW227,biashara,train
SW1777,michezo,train
SW2620,michezo,train
SW1024,biashara,train
SW1518,kitaifa,train
SW1595,burudani,train
SW5240,michezo,train
SW5113,michezo,train
SW2131,biashara,train
SW2200,biashara,train
SW101,michezo,train
SW5252,michezo,train
SW3429,michezo,train
SW2402,kitaifa,train
SW4201,kitaifa,train
SW6405,kitaifa,train
SW562,biashara,train
SW3890,michezo,train
SW774,michezo,train
SW2525,michezo,train
SW6270,kitaifa,train
SW6040,michezo,train
SW934,michezo,train
SW5801,kitaifa,train
SW940,kitaifa,train
SW3652,kitaifa,train
SW1723,biashara,train
SW6287,kitaifa,train
SW2974,michezo,train
SW4403,biashara,train
SW4134,kitaifa,train
SW5345,michezo,train
SW5690,kitaifa,train
SW3491,kitaifa,train
SW1506,michezo,train
SW1490,biashara,train
SW2190,michezo,train
SW2783,biashara,train
SW1217,michezo,train
SW3995,kitaifa,train
SW4941,michezo,train
SW1142,kitaifa,train
SW1500,biashara,train
SW4923,biashara,train
SW5161,biashara,train
SW740,michezo,train
SW3763,biashara,train
SW3736,kitaifa,train
SW3305,kitaifa,train
SW1096,kitaifa,train
SW2393,kitaifa,train
SW3899,michezo,train
SW4017,michezo,train
SW6191,kitaifa,train
SW1747,kitaifa,train
SW3565,michezo,train
SW5286,michezo,train
SW3765,michezo,train
SW148,biashara,train
SW242,kitaifa,train
SW3937,michezo,train
SW698,biashara,train
SW3632,kitaifa,train
SW4088,michezo,train
SW6140,kitaifa,train
SW2749,biashara,train
SW5150,michezo,train
SW3794,kitaifa,train
SW4794,kitaifa,train
SW301,michezo,train
SW763,biashara,train
SW1542,michezo,train
SW2542,kitaifa,train
SW6021,michezo,train
SW4900,michezo,train
SW1642,kitaifa,train
SW621,biashara,train
SW3329,kitaifa,train
SW4531,michezo,train
SW381,kitaifa,train
SW3627,kitaifa,train
SW4590,michezo,train
SW473,michezo,train
SW5300,michezo,train
SW707,kitaifa,train
SW5948,biashara,train
SW4522,michezo,train
SW1451,biashara,train
SW507,michezo,train
SW3581,kitaifa,train
SW1070,kitaifa,train
SW5649,biashara,train
SW2958,kitaifa,train
SW1020,kitaifa,train
SW412,kitaifa,train
SW5686,biashara,train
SW171,kitaifa,train
SW689,biashara,train
SW3951,michezo,train
SW377,kimataifa,train
SW384,kitaifa,train
SW247,kitaifa,train
SW1430,biashara,train
SW6364,kimataifa,train
SW1509,biashara,train
SW3698,michezo,train
SW6322,kitaifa,train
SW1467,kitaifa,train
SW1924,michezo,train
SW6039,michezo,train
SW4303,biashara,train
SW5245,biashara,train
SW414,michezo,train
SW5551,michezo,train
SW6257,michezo,train
SW1656,biashara,train
SW4721,michezo,train
SW2596,biashara,train
SW2840,biashara,train
SW1007,michezo,train
SW4700,michezo,train
SW4557,biashara,train
SW5418,kitaifa,train
SW5262,kitaifa,train
SW3209,michezo,train
SW6215,kitaifa,train
SW775,kitaifa,train
SW2271,michezo,train
SW5858,kitaifa,train
SW1398,biashara,train
SW1314,biashara,train
SW186,kitaifa,train
SW4154,kitaifa,train
SW734,michezo,train
SW226,kitaifa,train
SW111,biashara,train
SW753,michezo,train
SW3857,kitaifa,train
SW4337,kitaifa,train
SW5833,biashara,train
SW1357,biashara,train
SW6354,michezo,train
SW6166,michezo,train
SW1268,kitaifa,train
SW2120,kitaifa,train
SW1530,michezo,train
SW3568,michezo,train
SW1933,michezo,train
SW4206,michezo,train
SW2517,michezo,train
SW587,biashara,train
SW2649,michezo,train
SW3051,biashara,train
SW182,michezo,train
SW203,kitaifa,train
SW4404,kitaifa,train
SW5600,burudani,train
SW5373,kitaifa,train
SW4305,kitaifa,train
SW89,biashara,train
SW4386,kitaifa,train
SW5942,biashara,train
SW4582,kitaifa,train
SW1968,michezo,train
SW3212,kitaifa,train
SW248,kitaifa,train
SW4340,kitaifa,train
SW333,michezo,train
SW1858,kitaifa,train
SW4097,kitaifa,train
SW5583,biashara,train
SW3650,biashara,train
SW2360,michezo,train
SW2474,biashara,train
SW2591,michezo,train
SW1483,michezo,train
SW3612,biashara,train
SW6249,kitaifa,train
SW1310,michezo,train
SW2658,kitaifa,train
SW977,michezo,train
SW3697,michezo,train
SW2027,biashara,train
SW2441,michezo,train
SW3283,kitaifa,train
SW5090,biashara,train
SW3655,michezo,train
SW5580,kitaifa,train
SW6183,michezo,train
SW1980,kitaifa,train
SW66,biashara,train
SW5026,biashara,train
SW2764,biashara,train
SW1577,michezo,train
SW385,biashara,train
SW2329,kitaifa,train
SW728,biashara,train
SW1137,kitaifa,train
SW4087,biashara,train
SW4657,michezo,train
SW4474,kitaifa,train
SW2484,biashara,train
SW4669,kimataifa,train
SW5046,kitaifa,train
SW5483,michezo,train
SW3717,biashara,train
SW2064,michezo,train
SW98,michezo,train
SW3411,kitaifa,train
SW2052,biashara,train
SW5864,kitaifa,train
SW4649,michezo,train
SW4882,kitaifa,train
SW1804,michezo,train
SW4288,michezo,train
SW3413,biashara,train
SW4914,kimataifa,train
SW5327,biashara,train
SW3383,biashara,train
SW3369,kitaifa,train
SW4172,kitaifa,train
SW4815,biashara,train
SW5782,michezo,train
SW2839,kitaifa,train
SW212,kitaifa,train
SW2026,michezo,train
SW4282,kitaifa,train
SW4447,biashara,train
SW3957,michezo,train
SW1940,kitaifa,train
SW1067,kitaifa,train
SW1485,kitaifa,train
SW1735,biashara,train
SW4862,biashara,train
SW5805,kitaifa,train
SW2380,biashara,train
SW5254,michezo,train
SW5594,kitaifa,train
SW2837,kitaifa,train
SW3202,kitaifa,train
SW514,biashara,train
SW1191,biashara,train
SW2016,kitaifa,train
SW5355,michezo,train
SW3683,michezo,train
SW5755,michezo,train
SW3913,kitaifa,train
SW4283,kitaifa,train
SW1431,biashara,train
SW1423,michezo,train
SW5346,kitaifa,train
SW200,michezo,train
SW949,biashara,train
SW966,biashara,train
SW3757,michezo,train
SW104,michezo,train
SW3120,michezo,train
SW6037,biashara,train
SW637,kimataifa,train
SW2307,michezo,train
SW63,michezo,train
SW2086,michezo,train
SW3954,biashara,train
SW4156,kitaifa,train
SW5575,biashara,train
SW2422,biashara,train
SW1772,michezo,train
SW1215,kitaifa,train
SW5010,kitaifa,train
SW4311,kitaifa,train
SW2754,kitaifa,train
SW302,kitaifa,train
SW2822,kitaifa,train
SW3397,kitaifa,train
SW6417,michezo,train
SW2869,kitaifa,train
SW424,kitaifa,train
SW2178,kimataifa,train
SW135,michezo,train
SW5467,michezo,train
SW5276,kitaifa,train
SW5457,kitaifa,train
SW1432,biashara,train
SW2124,michezo,train
SW2589,kitaifa,train
SW4770,michezo,train
SW5200,michezo,train
SW6104,biashara,train
SW2447,kitaifa,train
SW3011,biashara,train
SW3618,michezo,train
SW861,michezo,train
SW4354,michezo,train
SW3805,kitaifa,train
SW5621,kitaifa,train
SW3219,michezo,train
SW5251,kitaifa,train
SW5210,kitaifa,train
SW5070,michezo,train
SW6058,kitaifa,train
SW3479,kitaifa,train
SW2153,kitaifa,train
SW5578,biashara,train
SW3935,michezo,train
SW846,michezo,train
SW764,biashara,train
SW1299,biashara,train
SW802,michezo,train
SW5956,biashara,train
SW6268,biashara,train
SW2100,kitaifa,train
SW1807,biashara,train
SW3076,kitaifa,train
SW4117,biashara,train
SW4469,michezo,train
SW4604,michezo,train
SW3039,michezo,train
SW2486,kitaifa,train
SW6379,michezo,train
SW262,michezo,train
SW2162,biashara,train
SW4353,kitaifa,train
SW5139,kitaifa,train
SW2302,kitaifa,train
SW3317,kitaifa,train
SW4257,michezo,train
SW4736,burudani,train
SW6285,michezo,train
SW4726,kitaifa,train
SW6052,michezo,train
SW6119,kitaifa,train
SW3662,michezo,train
SW6267,kitaifa,train
SW6049,kitaifa,train
SW2545,michezo,train
SW1254,kitaifa,train
SW5793,kitaifa,train
SW4135,michezo,train
SW3257,michezo,train
SW2478,kitaifa,train
SW2535,michezo,train
SW6309,biashara,train
SW701,kitaifa,train
SW3543,michezo,train
SW4319,michezo,train
SW3744,biashara,train
SW6318,michezo,train
SW2668,michezo,train
SW3813,kitaifa,train
SW4039,biashara,train
SW756,michezo,train
SW2821,kitaifa,train
SW5037,michezo,train
SW401,michezo,train
SW2758,michezo,train
SW1719,michezo,train
SW1390,kitaifa,train
SW6156,kitaifa,train
SW5845,michezo,train
SW3216,michezo,train
SW3059,michezo,train
SW4606,kitaifa,train
SW2590,biashara,train
SW1389,michezo,train
SW5224,michezo,train
SW3981,biashara,train
SW726,biashara,train
SW6071,biashara,train
SW965,michezo,train
SW896,biashara,train
SW2554,kitaifa,train
SW6003,kitaifa,train
SW6168,michezo,train
SW3263,kitaifa,train
SW254,biashara,train
SW1505,michezo,train
SW2320,kitaifa,train
SW2574,biashara,train
SW4054,kitaifa,train
SW1157,biashara,train
SW230,biashara,train
SW4114,kitaifa,train
SW3585,kitaifa,train
SW14,kitaifa,train
SW2723,kitaifa,train
SW1920,biashara,train
SW4148,biashara,train
SW270,kitaifa,train
SW49,biashara,train
SW1255,michezo,train
SW744,michezo,train
SW4619,biashara,train
SW1833,michezo,train
SW5655,biashara,train
SW1149,michezo,train
SW5944,michezo,train
SW793,michezo,train
SW3392,michezo,train
SW4508,biashara,train
SW6072,biashara,train
SW5426,kitaifa,train
SW6043,kitaifa,train
SW5524,kitaifa,train
SW3380,biashara,train
SW6415,kitaifa,train
SW5403,biashara,train
SW1907,kitaifa,train
SW3265,biashara,train
SW830,michezo,train
SW1382,biashara,train
SW3250,kitaifa,train
SW6353,biashara,train
SW5592,kitaifa,train
SW3571,kitaifa,train
SW4799,kitaifa,train
SW183,michezo,train
SW5987,michezo,train
SW1904,biashara,train
SW6078,michezo,train
SW3829,michezo,train
SW4500,michezo,train
SW3454,michezo,train
SW988,michezo,train
SW515,biashara,train
SW6016,michezo,train
SW1853,michezo,train
SW4944,kitaifa,train
SW5095,kitaifa,train
SW5148,michezo,train
SW2624,kitaifa,train
SW3669,biashara,train
SW1934,michezo,train
SW3569,kitaifa,train
SW5486,kitaifa,train
SW1797,michezo,train
SW1557,kitaifa,train
SW5963,michezo,train
SW2333,kitaifa,train
SW461,kitaifa,train
SW5347,kitaifa,train
SW2343,biashara,train
SW1997,kitaifa,train
SW5237,biashara,train
SW46,kitaifa,train
SW4617,kitaifa,train
SW4521,kitaifa,train
SW1653,kitaifa,train
SW2458,kimataifa,train
SW4397,kitaifa,train
SW2927,kitaifa,train
SW4987,michezo,train
SW115,biashara,train
SW2999,michezo,train
SW2703,kitaifa,train
SW3405,michezo,train
SW909,michezo,train
SW2280,kitaifa,train
SW4149,kitaifa,train
SW1329,biashara,train
SW4605,kitaifa,train
SW4730,michezo,train
SW3719,biashara,train
SW5819,biashara,train
SW2639,michezo,train
SW973,kitaifa,train
SW2451,michezo,train
SW2453,michezo,train
SW6327,biashara,train
SW4864,kitaifa,train
SW4510,kitaifa,train
SW947,biashara,train
SW4804,kitaifa,train
SW6013,michezo,train
SW4371,michezo,train
SW3663,michezo,train
SW5401,michezo,train
SW5851,biashara,train
SW6254,kitaifa,train
SW3091,michezo,train
SW5496,kitaifa,train
SW2444,kitaifa,train
SW3107,michezo,train
SW3451,kitaifa,train
SW6373,biashara,train
SW5362,kimataifa,train
SW2496,biashara,train
SW4902,biashara,train
SW5802,kitaifa,train
SW2933,michezo,train
SW2160,biashara,train
SW4463,biashara,train
SW5007,kitaifa,train
SW800,kitaifa,train
SW5480,kitaifa,train
SW2923,kitaifa,train
SW2531,biashara,train
SW4541,michezo,train
SW3958,michezo,train
SW2891,kitaifa,train
SW886,kitaifa,train
SW2519,kitaifa,train
SW5015,kitaifa,train
SW6077,michezo,train
SW204,kitaifa,train
SW3776,kitaifa,train
SW3118,kitaifa,train
SW5381,biashara,train
SW6242,kitaifa,train
SW4405,michezo,train
SW4427,michezo,train
SW4814,kitaifa,train
SW5053,biashara,train
SW5548,biashara,train
SW5459,michezo,train
SW3040,kitaifa,train
SW3984,michezo,train
SW5660,michezo,train
SW732,michezo,train
SW5910,kitaifa,train
SW2597,kitaifa,train
SW4790,biashara,train
SW1821,kitaifa,train
SW6374,biashara,train
SW3596,biashara,train
SW1568,michezo,train
SW3484,kitaifa,train
SW3487,michezo,train
SW3855,biashara,train
SW2327,kitaifa,train
SW5186,biashara,train
SW2382,biashara,train
SW537,biashara,train
SW745,kitaifa,train
SW5063,biashara,train
SW219,michezo,train
SW924,michezo,train
SW4835,biashara,train
SW4598,michezo,train
SW4150,biashara,train
SW4924,kitaifa,train
SW5531,kitaifa,train
SW4621,michezo,train
SW2188,biashara,train
SW1016,biashara,train
SW5619,michezo,train
SW5431,biashara,train
SW2728,michezo,train
SW163,biashara,train
SW5943,michezo,train
SW2836,biashara,train
SW1263,kitaifa,train
SW2941,michezo,train
SW2734,michezo,train
SW1611,kitaifa,train
SW4402,kitaifa,train
SW347,kitaifa,train
SW5145,biashara,train
SW1289,kitaifa,train
SW5839,michezo,train
SW2151,michezo,train
SW4333,michezo,train
SW4435,kitaifa,train
SW3493,kitaifa,train
SW1366,michezo,train
SW769,kitaifa,train
SW3561,michezo,train
SW1755,biashara,train
SW4426,michezo,train
SW6259,michezo,train
SW5203,michezo,train
SW2572,michezo,train
SW559,kitaifa,train
SW4125,biashara,train
SW243,michezo,train
SW4777,kitaifa,train
SW2143,kitaifa,train
SW1870,biashara,train
SW450,michezo,train
SW581,michezo,train
SW4899,kitaifa,train
SW1140,kitaifa,train
SW5363,kitaifa,train
SW1637,kitaifa,train
SW6335,biashara,train
SW4863,biashara,train
SW3323,kitaifa,train
SW2779,michezo,train
SW3311,kimataifa,train
SW1077,michezo,train
SW4857,kitaifa,train
SW5714,biashara,train
SW4345,biashara,train
SW3526,michezo,train
SW5437,michezo,train
SW2863,biashara,train
SW121,michezo,train
SW3783,biashara,train
SW1680,biashara,train
SW3218,michezo,train
SW5041,biashara,train
SW5770,kitaifa,train
SW3860,michezo,train
SW1264,michezo,train
SW2145,michezo,train
SW4422,michezo,train
SW608,kitaifa,train
SW5570,michezo,train
SW5972,michezo,train
SW4182,biashara,train
SW1489,biashara,train
SW3242,kitaifa,train
SW860,michezo,train
SW3179,biashara,train
SW4993,kitaifa,train
SW2883,biashara,train
SW3159,michezo,train
SW1705,kitaifa,train
SW393,michezo,train
SW5528,kitaifa,train
SW5392,kitaifa,train
SW233,biashara,train
SW6148,biashara,train
SW2716,kitaifa,train
SW1620,biashara,train
SW5479,kitaifa,train
SW1508,biashara,train
SW1021,biashara,train
SW3248,michezo,train
SW3835,michezo,train
SW3555,michezo,train
SW5307,michezo,train
SW4270,kitaifa,train
SW5429,biashara,train
SW5584,michezo,train
SW3816,kitaifa,train
SW517,kitaifa,train
SW1296,michezo,train
SW5004,biashara,train
SW4278,michezo,train
SW4691,biashara,train
SW2892,michezo,train
SW5857,michezo,train
SW5798,kimataifa,train
SW1749,michezo,train
SW351,biashara,train
SW3509,kitaifa,train
SW2729,biashara,train
SW663,kitaifa,train
SW1862,kitaifa,train
SW1345,michezo,train
SW1810,michezo,train
SW5478,kitaifa,train
SW2270,michezo,train
SW4644,kitaifa,train
SW2798,michezo,train
SW4059,kitaifa,train
SW5066,biashara,train
SW5705,kitaifa,train
SW189,kitaifa,train
SW2527,kitaifa,train
SW2300,kitaifa,train
SW2376,kitaifa,train
SW355,kitaifa,train
SW6100,kitaifa,train
SW3516,kitaifa,train
SW3129,michezo,train
SW2495,kitaifa,train
SW3457,biashara,train
SW1031,kitaifa,train
SW5738,michezo,train
SW4106,michezo,train
SW1347,kimataifa,train
SW3477,kitaifa,train
SW5005,biashara,train
SW2789,kitaifa,train
SW957,michezo,train
SW2258,kitaifa,train
SW592,michezo,train
SW5391,kitaifa,train
SW339,michezo,train
SW3086,biashara,train
SW2745,kitaifa,train
SW3885,michezo,train
SW5040,michezo,train
SW6032,biashara,train
SW1072,kitaifa,train
SW575,kitaifa,train
SW2910,biashara,train
SW445,michezo,train
SW3900,michezo,train
SW6031,kitaifa,train
SW2642,biashara,train
SW2893,kitaifa,train
SW4636,biashara,train
SW5021,kitaifa,train
SW6084,kitaifa,train
SW2225,kitaifa,train
SW3301,kimataifa,train
SW2199,biashara,train
SW2809,biashara,train
SW1107,michezo,train
SW4976,biashara,train
SW1212,michezo,train
SW3868,michezo,train
SW2524,michezo,train
SW4207,kitaifa,train
SW5279,biashara,train
SW4782,kitaifa,train
SW4178,kitaifa,train
SW416,biashara,train
SW6264,michezo,train
SW2705,michezo,train
SW4116,michezo,train
SW1244,kitaifa,train
SW5854,michezo,train
SW3178,kitaifa,train
SW3759,michezo,train
SW747,kitaifa,train
SW4429,biashara,train
SW2228,kitaifa,train
SW191,michezo,train
SW3639,biashara,train
SW907,kitaifa,train
SW1739,michezo,train
SW1205,michezo,train
SW5227,michezo,train
SW6349,kitaifa,train
SW5234,michezo,train
SW1330,burudani,train
SW3728,biashara,train
SW937,kitaifa,train
SW4329,kitaifa,train
SW6101,michezo,train
SW421,kitaifa,train
SW4538,biashara,train
SW1456,kitaifa,train
SW6288,kitaifa,train
SW3938,kitaifa,train
SW2201,biashara,train
SW1691,biashara,train
SW2335,biashara,train
SW610,biashara,train
SW54,kitaifa,train
SW4499,biashara,train
SW3464,kitaifa,train
SW4915,kitaifa,train
SW3217,michezo,train
SW3023,biashara,train
SW3710,michezo,train
SW1767,michezo,train
SW5339,michezo,train
SW4792,kitaifa,train
SW220,kitaifa,train
SW4702,biashara,train
SW4076,biashara,train
SW156,michezo,train
SW602,kitaifa,train
SW2346,michezo,train
SW3641,michezo,train
SW4788,biashara,train
SW2144,biashara,train
SW2882,biashara,train
SW5605,biashara,train
SW1708,kitaifa,train
SW407,kitaifa,train
SW873,kitaifa,train
SW1662,biashara,train
SW3390,michezo,train
SW1628,kitaifa,train
SW3594,michezo,train
SW4616,kitaifa,train
SW5109,kimataifa,train
SW4918,michezo,train
SW6222,kitaifa,train
SW1986,michezo,train
SW3230,michezo,train
SW5239,biashara,train
SW3261,biashara,train
SW543,kitaifa,train
SW2246,michezo,train
SW4561,michezo,train
SW5890,michezo,train
SW1609,kitaifa,train
SW6091,michezo,train
SW5651,biashara,train
SW2420,michezo,train
SW2038,michezo,train
SW1851,kitaifa,train
SW2520,michezo,train
SW4131,kitaifa,train
SW4641,michezo,train
SW4585,biashara,train
SW4589,biashara,train
SW5832,michezo,train
SW3527,biashara,train
SW2291,michezo,train
SW683,michezo,train
SW2121,michezo,train
SW4682,michezo,train
SW2858,kitaifa,train
SW4805,michezo,train
SW2894,biashara,train
SW2334,kitaifa,train
SW2592,biashara,train
SW3551,michezo,train
SW4980,michezo,train
SW5507,michezo,train
SW4564,michezo,train
SW1068,burudani,train
SW2833,michezo,train
SW3153,kitaifa,train
SW1367,kitaifa,train
SW630,biashara,train
SW1274,michezo,train
SW5744,biashara,train
SW4449,kitaifa,train
SW1939,kitaifa,train
SW2023,michezo,train
SW1561,michezo,train
SW994,kitaifa,train
SW2645,kitaifa,train
SW1209,biashara,train
SW187,biashara,train
SW2861,biashara,train
SW1994,kitaifa,train
SW4241,michezo,train
SW1988,kimataifa,train
SW3724,michezo,train
SW2299,michezo,train
SW3780,michezo,train
SW1381,kitaifa,train
SW3998,biashara,train
SW3658,michezo,train
SW6115,kitaifa,train
SW1383,michezo,train
SW1701,biashara,train
SW3762,michezo,train
SW151,biashara,train
SW1782,kitaifa,train
SW5140,michezo,train
SW3080,kitaifa,train
SW6356,michezo,train
SW2167,kitaifa,train
SW2995,kitaifa,train
SW1233,kitaifa,train
SW3572,biashara,train
SW4313,michezo,train
SW1682,kitaifa,train
SW975,kitaifa,train
SW4232,kitaifa,train
SW86,biashara,train
SW4226,kitaifa,train
SW1465,kitaifa,train
SW1061,michezo,train
SW375,biashara,train
SW4188,kitaifa,train
SW4610,michezo,train
SW2487,michezo,train
SW5932,kitaifa,train
SW3088,kitaifa,train
SW3161,biashara,train
SW3220,michezo,train
SW1184,kitaifa,train
SW3398,michezo,train
SW1835,michezo,train
SW5927,michezo,train
SW1321,kitaifa,train
SW5759,kitaifa,train
SW3410,biashara,train
SW1624,michezo,train
SW4132,michezo,train
SW3570,kitaifa,train
SW6089,biashara,train
SW5183,kitaifa,train
SW1978,biashara,train
SW1975,kitaifa,train
SW4416,biashara,train
SW1651,kitaifa,train
SW5220,kitaifa,train
SW2119,kitaifa,train
SW5762,biashara,train
SW4334,biashara,train
SW3821,kitaifa,train
SW4775,biashara,train
SW1909,kitaifa,train
SW4249,michezo,train
SW2198,kitaifa,train
SW6170,michezo,train
SW3992,biashara,train
SW1893,biashara,train
SW106,michezo,train
SW5549,michezo,train
SW4971,kitaifa,train
SW222,biashara,train
SW3606,kitaifa,train
SW5848,kitaifa,train
SW1548,kitaifa,train
SW4995,michezo,train
SW4714,michezo,train
SW1159,michezo,train
SW2157,michezo,train
SW2756,biashara,train
SW3226,michezo,train
SW2761,biashara,train
SW5155,michezo,train
SW221,michezo,train
SW5771,kitaifa,train
SW4344,kitaifa,train
SW1276,biashara,train
SW1631,michezo,train
SW4133,biashara,train
SW3081,biashara,train
SW2284,biashara,train
SW2191,burudani,train
SW3415,biashara,train
SW4460,biashara,train
SW2966,biashara,train
SW4828,kitaifa,train
SW5360,michezo,train
SW6087,michezo,train
SW2497,kitaifa,train
SW4095,michezo,train
SW702,michezo,train
SW5130,kitaifa,train
SW5129,kitaifa,train
SW672,biashara,train
SW770,michezo,train
SW1630,kitaifa,train
SW2348,michezo,train
SW4144,kitaifa,train
SW3576,michezo,train
SW3987,kitaifa,train
SW5335,kitaifa,train
SW5606,kitaifa,train
SW5574,michezo,train
SW3071,michezo,train
SW3381,kitaifa,train
SW3559,michezo,train
SW1144,michezo,train
SW5712,kitaifa,train
SW5259,biashara,train
SW5903,kitaifa,train
SW1901,biashara,train
SW659,kitaifa,train
SW792,biashara,train
SW4921,biashara,train
SW3542,kitaifa,train
SW1789,biashara,train
SW3425,kitaifa,train
SW1023,kitaifa,train
SW2465,biashara,train
SW3942,kitaifa,train
SW6382,kitaifa,train
SW1794,biashara,train
SW596,kitaifa,train
SW3742,michezo,train
SW4091,biashara,train
SW989,michezo,train
SW294,biashara,train
SW3676,michezo,train
SW4196,michezo,train
SW4638,biashara,train
SW5394,biashara,train
SW1887,kitaifa,train
SW3347,michezo,train
SW2740,biashara,train
SW4424,biashara,train
SW5395,biashara,train
SW2219,michezo,train
SW1647,kitaifa,train
SW2682,michezo,train
SW5474,biashara,train
SW3196,kitaifa,train
SW3116,kitaifa,train
SW1948,biashara,train
SW5760,kitaifa,train
SW2583,biashara,train
SW5484,kitaifa,train
SW1331,kitaifa,train
SW757,kitaifa,train
SW2460,kitaifa,train
SW2737,kitaifa,train
SW2678,biashara,train
SW6146,michezo,train
SW374,michezo,train
SW6375,michezo,train
SW164,michezo,train
SW3365,kitaifa,train
SW6158,michezo,train
SW1513,kitaifa,train
SW4950,biashara,train
SW2332,michezo,train
SW5230,kitaifa,train
SW2983,biashara,train
SW500,michezo,train
SW902,michezo,train
SW4583,kitaifa,train
SW5379,kitaifa,train
SW5124,michezo,train
SW1270,kitaifa,train
SW4974,kitaifa,train
SW4003,biashara,train
SW4001,michezo,train
SW4671,biashara,train
SW5056,michezo,train
SW3205,kitaifa,train
SW6251,kitaifa,train
SW1900,biashara,train
SW6321,michezo,train
SW4374,biashara,train
SW1186,michezo,train
SW4584,michezo,train
SW5820,kitaifa,train
SW4951,biashara,train
SW1964,biashara,train
SW3528,michezo,train
SW3181,biashara,train
SW6211,biashara,train
SW272,michezo,train
SW5271,kitaifa,train
SW5052,michezo,train
SW4646,michezo,train
SW5674,biashara,train
SW2753,biashara,train
SW5364,biashara,train
SW2074,biashara,train
SW2816,michezo,train
SW3856,kitaifa,train
SW843,kitaifa,train
SW6137,kitaifa,train
SW1669,kitaifa,train
SW133,biashara,train
SW3462,michezo,train
SW5291,michezo,train
SW3848,michezo,train
SW1272,kitaifa,train
SW4180,michezo,train
SW5417,kitaifa,train
SW5008,michezo,train
SW6171,michezo,train
SW5019,michezo,train
SW5511,michezo,train
SW5098,michezo,train
SW4235,michezo,train
SW3431,kitaifa,train
SW5181,michezo,train
SW1294,biashara,train
SW1569,michezo,train
SW4577,kitaifa,train
SW419,michezo,train
SW5670,michezo,train
SW3917,biashara,train
SW5164,michezo,train
SW2243,michezo,train
SW2359,kitaifa,train
SW1659,michezo,train
SW5756,kitaifa,train
SW5176,biashara,train
SW853,michezo,train
SW856,kitaifa,train
SW5340,michezo,train
SW895,kitaifa,train
SW1029,michezo,train
SW4556,michezo,train
SW5044,biashara,train
SW5654,michezo,train
SW6061,kitaifa,train
SW5069,kitaifa,train
SW2416,biashara,train
SW4543,kitaifa,train
SW5768,michezo,train
SW2887,biashara,train
SW3423,michezo,train
SW1047,kitaifa,train
SW6245,kitaifa,train
SW3428,kitaifa,train
SW2094,kitaifa,train
SW265,kitaifa,train
SW4843,kitaifa,train
SW2595,michezo,train
SW2619,biashara,train
SW6411,biashara,train
SW6054,kitaifa,train
SW3420,biashara,train
SW3069,kitaifa,train
SW4123,kitaifa,train
SW1987,michezo,train
SW5115,kitaifa,train
SW5892,biashara,train
SW4271,kitaifa,train
SW6424,biashara,train
SW4393,kimataifa,train
SW2412,biashara,train
SW3779,kitaifa,train
SW2998,kitaifa,train
SW2449,michezo,train
SW951,michezo,train
SW2311,michezo,train
SW4384,biashara,train
SW2395,kitaifa,train
SW2431,michezo,train
SW5409,michezo,train
SW2909,kitaifa,train
SW3521,biashara,train
SW443,biashara,train
SW5195,kitaifa,train
SW4420,kitaifa,train
SW5170,michezo,train
SW1440,kitaifa,train
SW1399,michezo,train
SW4800,biashara,train
SW2631,biashara,val
SW2860,kitaifa,val
SW5931,biashara,val
SW4322,biashara,val
SW1803,michezo,val
SW1607,michezo,val
SW3335,michezo,val
SW5378,michezo,val
SW4871,michezo,val
SW3252,biashara,val
SW223,kitaifa,val
SW1650,kitaifa,val
SW3489,kitaifa,val
SW4618,michezo,val
SW4074,kitaifa,val
SW2286,michezo,val
SW3826,kitaifa,val
SW1338,michezo,val
SW1977,michezo,val
SW1967,michezo,val
SW6281,kitaifa,val
SW5668,burudani,val
SW4910,kimataifa,val
SW4947,kitaifa,val
SW5258,kitaifa,val
SW208,kitaifa,val
SW6302,kitaifa,val
SW1661,biashara,val
SW2907,biashara,val
SW4570,biashara,val
SW6330,michezo,val
SW3535,michezo,val
SW2810,biashara,val
SW2568,biashara,val
SW6122,kitaifa,val
SW3602,kitaifa,val
SW1814,michezo,val
SW5808,kitaifa,val
SW3654,kitaifa,val
SW487,biashara,val
SW567,michezo,val
SW4520,kitaifa,val
SW5048,kitaifa,val
SW1035,biashara,val
SW5194,michezo,val
SW1004,kitaifa,val
SW5244,kitaifa,val
SW2492,michezo,val
SW4773,biashara,val
SW4622,michezo,val
SW5023,kitaifa,val
SW4826,biashara,val
SW1198,michezo,val
SW5475,biashara,val
SW6050,michezo,val
SW1194,michezo,val
SW5343,kitaifa,val
SW1176,biashara,val
SW30,michezo,val
SW3395,kitaifa,val
SW5447,michezo,val
SW6325,biashara,val
SW606,biashara,val
SW3015,michezo,val
SW113,biashara,val
SW149,kitaifa,val
SW1380,michezo,val
SW1395,michezo,val
SW2611,kitaifa,val
SW1565,kitaifa,val
SW5887,michezo,val
SW4949,kitaifa,val
SW5380,kitaifa,val
SW2661,kitaifa,val
SW2172,kitaifa,val
SW1052,kitaifa,val
SW710,michezo,val
SW644,michezo,val
SW5235,biashara,val
SW3274,biashara,val
SW5581,kitaifa,val
SW337,kitaifa,val
SW3033,kitaifa,val
SW6260,kitaifa,val
SW4443,biashara,val
SW2006,michezo,val
SW2603,kitaifa,val
SW4208,biashara,val
SW3330,michezo,val
SW4658,biashara,val
SW1286,kitaifa,val
SW2046,biashara,val
SW4643,michezo,val
SW5342,kitaifa,val
SW4683,biashara,val
SW5516,biashara,val
SW4192,kitaifa,val
SW1076,kitaifa,val
SW105,kitaifa,val
SW4483,michezo,val
SW1253,michezo,val
SW6018,kitaifa,val
SW3730,michezo,val
SW4887,biashara,val
SW5985,michezo,val
SW5750,michezo,val
SW1441,michezo,val
SW786,kitaifa,val
SW5675,kitaifa,val
SW3834,michezo,val
SW2904,kitaifa,val
SW5003,kitaifa,val
SW805,biashara,val
SW329,kitaifa,val
SW1447,kitaifa,val
SW706,kitaifa,val
SW6006,michezo,val
SW3750,biashara,val
SW1915,biashara,val
SW5837,biashara,val
SW3127,michezo,val
SW4875,burudani,val
SW5787,kitaifa,val
SW528,michezo,val
SW5137,biashara,val
SW6092,kitaifa,val
SW544,michezo,val
SW3047,kitaifa,val
SW3339,kitaifa,val
SW1559,kitaifa,val
SW180,michezo,val
SW3610,kitaifa,val
SW2082,biashara,val
SW122,biashara,val
SW4940,kitaifa,val
SW3720,michezo,val
SW1638,biashara,val
SW905,michezo,val
SW6290,kitaifa,val
SW128,kitaifa,val
SW1943,kitaifa,val
SW1377,kitaifa,val
SW3905,kimataifa,val
SW2552,kitaifa,val
SW4593,biashara,val
SW1746,biashara,val
SW2055,biashara,val
SW3098,biashara,val
SW1476,biashara,val
SW1271,kitaifa,val
SW343,biashara,val
SW5157,michezo,val
SW1685,kitaifa,val
SW804,michezo,val
SW6149,michezo,val
SW5602,kitaifa,val
SW5118,michezo,val
SW4005,kitaifa,val
SW2825,michezo,val
SW3450,kitaifa,val
SW5243,michezo,val
SW5865,kitaifa,val
SW1949,michezo,val
SW3473,michezo,val
SW4806,michezo,val
SW4898,kitaifa,val
SW4326,biashara,val
SW6365,michezo,val
SW3604,michezo,val
SW2468,michezo,val
SW306,michezo,val
SW5696,kitaifa,val
SW2339,biashara,val
SW4020,michezo,val
SW2130,biashara,val
SW4723,kitaifa,val
SW1658,biashara,val
SW3228,michezo,val
SW2436,biashara,val
SW3215,kitaifa,val
SW5658,biashara,val
SW1062,kitaifa,val
SW1575,kitaifa,val
SW5402,michezo,val
SW271,biashara,val
SW1143,michezo,val
SW4571,biashara,val
SW2679,michezo,val
SW2126,michezo,val
SW2772,kitaifa,val
SW3677,kitaifa,val
SW5174,biashara,val
SW5924,kitaifa,val
SW2550,michezo,val
SW2563,biashara,val
SW3567,michezo,val
SW1216,kitaifa,val
SW2277,michezo,val
SW2274,biashara,val
SW2949,biashara,val
SW428,biashara,val
SW839,michezo,val
SW3749,michezo,val
SW2278,kitaifa,val
SW2807,kitaifa,val
SW3907,michezo,val
SW1231,biashara,val
SW4027,kitaifa,val
SW4740,michezo,val
SW2319,biashara,val
SW5546,kitaifa,val
SW1323,michezo,val
SW1823,biashara,val
SW4846,kitaifa,val
SW3124,kitaifa,val
SW1849,kitaifa,val
SW3733,kitaifa,val
SW457,kitaifa,val
SW908,biashara,val
SW5834,michezo,val
SW828,michezo,val
SW6301,biashara,val
SW2746,kitaifa,val
SW5673,michezo,val
SW4194,kitaifa,val
SW1938,michezo,val
SW45,michezo,val
SW3384,michezo,val
SW5645,kitaifa,val
SW887,kitaifa,val
SW1675,biashara,val
SW2281,michezo,val
SW920,biashara,val
SW3115,michezo,val
SW2179,biashara,val
SW5863,michezo,val
SW589,biashara,val
SW6344,michezo,val
SW4753,kitaifa,val
SW4660,biashara,val
SW3290,michezo,val
SW2209,kitaifa,val
SW1484,kitaifa,val
SW2475,kitaifa,val
SW405,biashara,val
SW6129,michezo,val
SW5350,biashara,val
SW3955,kitaifa,val
SW2720,kitaifa,val
SW1584,michezo,val
SW6296,michezo,val
SW5500,kitaifa,val
SW1614,michezo,val
SW3691,kitaifa,val
SW4630,michezo,val
SW4115,biashara,val
SW6081,michezo,val
SW2315,biashara,val
SW454,biashara,val
SW4774,michezo,val
SW3531,kitaifa,val
SW1208,kitaifa,val
SW6361,michezo,val
SW3879,michezo,val
SW2283,kitaifa,val
SW1239,kitaifa,val
SW1079,biashara,val
SW6247,biashara,val
SW5369,kitaifa,val
SW983,kitaifa,val
SW1744,kitaifa,val
SW1425,michezo,val
SW2455,kitaifa,val
SW2437,biashara,val
SW3315,kitaifa,val
SW4174,kitaifa,val
SW5308,kitaifa,val
SW1859,kitaifa,val
SW4372,kitaifa,val
SW5257,michezo,val
SW4038,kitaifa,val
SW4703,kitaifa,val
SW3321,kitaifa,val
SW4251,michezo,val
SW2248,biashara,val
SW6256,kitaifa,val
SW2579,michezo,val
SW4359,kitaifa,val
SW4085,michezo,val
SW5084,biashara,val
SW5708,biashara,val
SW6368,biashara,val
SW791,michezo,val
SW2765,kitaifa,val
SW1161,biashara,val
SW2610,kitaifa,val
SW3617,biashara,val
SW4101,michezo,val
SW5933,biashara,val
SW3074,michezo,val
SW4635,michezo,val
SW5143,kitaifa,val
SW1681,kitaifa,val
SW4498,michezo,val
SW92,kitaifa,val
SW2058,kitaifa,val
SW5282,michezo,val
SW5104,michezo,val
SW3842,kitaifa,val
SW5190,michezo,val
SW1931,biashara,val
SW4098,michezo,val
SW1402,biashara,val
SW2670,kitaifa,val
SW4962,kitaifa,val
SW5624,biashara,val
SW3850,michezo,val
SW4392,michezo,val
SW2692,michezo,val
SW1541,kitaifa,val
SW1313,biashara,val
SW1037,kitaifa,val
SW938,kitaifa,val
SW5867,michezo,val
SW3660,michezo,val
SW4478,biashara,val
SW1228,biashara,val
SW2850,biashara,val
SW3079,kitaifa,val
SW3183,biashara,val
SW4580,kitaifa,val
SW5973,kitaifa,val
SW4954,kitaifa,val
SW1741,michezo,val
SW5527,kitaifa,val
SW1300,kitaifa,val
SW3971,michezo,val
SW2691,kitaifa,val
SW4159,michezo,val
SW6427,biashara,val
SW5695,michezo,val
SW5310,biashara,val
SW447,biashara,val
SW358,biashara,val
SW2294,michezo,val
SW432,kitaifa,val
SW5893,kitaifa,val
SW6410,kitaifa,val
SW1317,kitaifa,val
SW5908,biashara,val
SW1690,michezo,val
SW5777,kitaifa,val
SW578,kitaifa,val
SW3863,biashara,val
SW5700,kimataifa,val
SW5385,michezo,val
SW460,biashara,val
SW5309,michezo,val
SW1368,michezo,val
SW1551,michezo,val
SW3574,kitaifa,val
SW1954,kitaifa,val
SW4173,biashara,val
SW1479,biashara,val
SW4225,burudani,val
SW3163,michezo,val
SW1581,michezo,val
SW5800,kitaifa,val
SW5906,kitaifa,val
SW342,kitaifa,val
SW2818,kitaifa,val
SW5313,kitaifa,val
SW3195,michezo,val
SW5504,biashara,val
SW3456,biashara,val
SW760,kitaifa,val
SW3247,michezo,val
SW3865,michezo,val
SW5598,kitaifa,val
SW2344,michezo,val
SW5557,michezo,val
SW3099,michezo,val
SW2794,kitaifa,val
SW2104,biashara,val
SW5997,biashara,val
SW3928,biashara,val
SW1223,kitaifa,val
SW4299,michezo,val
SW2060,biashara,val
SW1957,kitaifa,val
SW4966,kitaifa,val
SW3659,biashara,val
SW912,michezo,val
SW5080,michezo,val
SW5763,michezo,val
SW5629,michezo,val
SW3008,kitaifa,val
SW4468,michezo,val
SW5336,kitaifa,val
SW5799,michezo,val
SW3292,biashara,val
SW1222,michezo,val
SW5609,kitaifa,val
SW3125,kitaifa,val
SW6303,biashara,val
SW4998,michezo,val
SW6132,kitaifa,val
SW2866,michezo,val
SW5375,biashara,val
SW3916,michezo,val
SW2106,kitaifa,val
SW3041,michezo,val
SW1413,michezo,val
SW2786,kitaifa,val
SW3475,kitaifa,val
SW3359,kitaifa,val
SW1871,kitaifa,val
SW4071,biashara,val
SW471,kitaifa,val
SW4661,michezo,val
SW490,biashara,val
SW4266,kitaifa,val
SW4267,kimataifa,val
SW1801,kitaifa,val
SW2076,kitaifa,val
SW4102,michezo,val
SW3519,michezo,val
SW2936,biashara,val
SW6220,kitaifa,val
SW3284,kitaifa,val
SW2725,biashara,val
SW4796,kitaifa,val
SW4550,biashara,val
SW3221,biashara,val
SW5809,michezo,val
SW967,michezo,val
SW2419,kitaifa,val
SW2760,biashara,val
SW74,michezo,val
SW2000,kitaifa,val
SW4380,michezo,val
SW4109,kitaifa,val
SW509,kitaifa,val
SW5163,michezo,val
SW484,kitaifa,val
SW5991,biashara,val
SW2192,biashara,val
SW4886,kitaifa,val
SW1992,michezo,val
SW1527,kitaifa,val
SW2870,kitaifa,val
SW1196,kitaifa,val
SW5631,kitaifa,val
SW3436,kitaifa,val
SW2252,kitaifa,val
SW5264,michezo,val
SW762,kitaifa,val
SW3460,kitaifa,val
SW2547,biashara,val
SW4227,kitaifa,val
SW817,michezo,val
SW3637,kitaifa,val
SW1644,kitaifa,val
SW2029,michezo,val
SW508,biashara,val
SW927,kitaifa,val
SW1786,kimataifa,val
SW1288,biashara,val
SW5849,kitaifa,val
SW1106,michezo,val
SW739,biashara,val
SW831,biashara,val
SW4594,biashara,val
SW1364,michezo,val
SW1166,michezo,val
SW2510,kitaifa,val
SW1012,kitaifa,val
SW2128,biashara,val
SW1547,kitaifa,val
SW2685,kitaifa,val
SW6172,michezo,val
SW3271,kitaifa,val
SW2970,kitaifa,val
SW2112,biashara,val
SW646,kitaifa,val
SW2253,kitaifa,val
SW1396,michezo,val
SW5994,kitaifa,val
SW1112,michezo,val
SW251,biashara,val
SW27,michezo,val
SW1730,kimataifa,val
SW5603,biashara,val
SW2881,kitaifa,val
SW1765,michezo,val
SW309,michezo,val
SW3000,michezo,val
SW5979,michezo,val
SW3177,michezo,val
SW1353,michezo,val
SW449,biashara,val
SW1393,michezo,val
SW5498,biashara,val
SW1945,biashara,val
SW495,kitaifa,val
SW4563,kitaifa,val
SW4839,biashara,val
SW2897,biashara,val
SW3862,biashara,val
SW1944,michezo,val
SW6034,michezo,val
SW875,kitaifa,val
SW1337,michezo,val
SW2268,michezo,val
SW2943,kimataifa,val
SW2197,kitaifa,val
SW5526,kitaifa,val
SW2398,kitaifa,val
SW1204,kitaifa,val
SW1583,kitaifa,val
SW2773,biashara,val
SW5926,biashara,val
SW2454,michezo,val
SW1182,biashara,val
SW1546,kitaifa,val
SW1247,michezo,val
SW3341,biashara,val
SW1188,michezo,val
SW3790,kitaifa,val
SW2899,kitaifa,val
SW4849,kitaifa,val
SW4127,kitaifa,val
SW1537,biashara,val
SW1665,michezo,val
SW1307,michezo,val
SW2125,michezo,val
SW3511,kitaifa,val
SW4529,biashara,val
SW768,biashara,val
SW2187,biashara,val
SW2237,kitaifa,val
SW3806,michezo,val
SW4960,kitaifa,val
SW3758,kitaifa,val
SW5566,michezo,val
SW758,biashara,val
SW5205,kitaifa,val
SW3294,kitaifa,val
SW6076,biashara,val
SW1445,biashara,val
SW3254,biashara,val
SW681,kitaifa,val
SW5472,kitaifa,val
SW4473,michezo,val
SW3774,biashara,val
SW736,kitaifa,val
SW5952,michezo,val
SW2301,biashara,val
SW468,michezo,val
SW2766,michezo,val
SW5114,michezo,val
SW1711,kitaifa,val
SW4870,michezo,val
SW3105,biashara,val
SW1259,biashara,val
SW5665,kitaifa,val
SW932,biashara,val
SW4666,biashara,val
SW5719,michezo,val
SW1066,michezo,val
SW5326,michezo,val
SW6277,kitaifa,val
SW2310,kitaifa,val
SW6121,kitaifa,val
SW5229,kitaifa,val
SW5724,michezo,val
SW3611,biashara,val
SW651,kitaifa,val
SW2660,kitaifa,val
SW1752,michezo,val
SW2832,kitaifa,val
SW1301,michezo,val
SW607,kitaifa,val
SW1712,kitaifa,val
SW5535,michezo,val
SW4588,michezo,val
SW711,michezo,val
SW5151,kitaifa,val
SW5358,michezo,val
SW6098,kitaifa,val
SW158,kitaifa,val
SW6369,michezo,val
SW4776,biashara,val
SW492,michezo,val
SW3801,kitaifa,val
SW5214,biashara,val
SW960,michezo,val
SW477,biashara,val
SW3732,michezo,val
SW1657,kitaifa,val
SW3832,michezo,val
SW4238,kitaifa,val
SW5525,biashara,val
SW5785,kitaifa,val
SW2872,biashara,val
SW6090,kitaifa,val
SW2430,kitaifa,val
SW6229,michezo,val
SW353,biashara,val
SW5911,michezo,val
SW529,kitaifa,val
SW3121,biashara,val
SW4822,biashara,val
SW4373,biashara,val
SW3557,michezo,val
SW3988,michezo,val
SW5815,kitaifa,val
SW1696,kitaifa,val
SW660,kitaifa,val
SW5617,kitaifa,val
SW2500,kitaifa,val
SW5923,biashara,val
SW4008,michezo,val
SW5792,michezo,val
SW5073,kitaifa,val
SW4742,kitaifa,val
SW3113,michezo,val
SW12,kitaifa,val
SW1466,kitaifa,val
SW1078,kitaifa,val
SW3149,michezo,val
SW3864,biashara,val
SW3182,michezo,val
SW1235,michezo,val
SW5562,michezo,val
SW4090,kitaifa,val
SW3579,michezo,val
SW3853,kitaifa,val
SW5255,michezo,val
SW1341,michezo,val
SW6159,kitaifa,val
SW1570,kitaifa,val
SW6280,biashara,val
SW2180,michezo,val
SW327,biashara,val
SW4533,biashara,val
SW2220,michezo,val
SW5836,kitaifa,val
SW3345,kitaifa,val
SW4285,michezo,val
SW4043,michezo,val
SW5810,michezo,val
SW1673,kitaifa,val
SW3609,kitaifa,val
SW4423,biashara,val
SW3137,kitaifa,val
SW94,biashara,val
SW968,michezo,val
SW727,michezo,val
SW2536,biashara,val
SW3449,kitaifa,val
SW4696,biashara,val
SW6192,kitaifa,val
SW4307,biashara,val
SW4436,kitaifa,val
SW3001,kitaifa,val
SW1906,biashara,val
SW6232,michezo,val
SW1702,kitaifa,val
SW604,biashara,val
SW5638,kitaifa,val
SW3273,biashara,val
SW4398,biashara,val
SW3358,michezo,val
SW4578,biashara,val
SW5287,michezo,val
SW1412,biashara,val
SW844,kitaifa,val
SW906,michezo,val
SW3486,kitaifa,val
SW256,biashara,val
SW1524,biashara,val
SW5812,biashara,val
SW1305,biashara,val
SW2141,biashara,val
SW4488,kitaifa,val
SW4081,kitaifa,val
SW83,kitaifa,val
SW586,biashara,val
SW5662,kitaifa,val
SW1984,kitaifa,val
SW579,michezo,val
SW1932,biashara,val
SW676,kitaifa,val
SW5216,michezo,val
SW4833,michezo,val
SW3108,kitaifa,val
SW5149,biashara,val
SW394,kimataifa,val
SW1251,kitaifa,val
SW3605,michezo,val
SW2601,kitaifa,val
SW1344,biashara,val
SW5794,biashara,val
SW3999,kitaifa,val
SW5099,michezo,val
SW5650,kitaifa,val
SW32,biashara,val
SW1556,michezo,val
SW1613,kitaifa,val
SW3591,biashara,val
SW1371,kitaifa,val
SW3128,michezo,val
SW3073,michezo,val
SW5797,kitaifa,val
SW179,michezo,val
SW6386,michezo,val
SW5206,kitaifa,val
SW512,biashara,val
SW3067,michezo,val
SW2549,michezo,val
SW6409,kitaifa,val
SW897,michezo,val
SW6028,biashara,val
SW2136,biashara,val
SW4959,michezo,val
SW2007,michezo,val
SW4128,kitaifa,val
SW703,kitaifa,val
SW1822,kitaifa,val
SW2089,michezo,val
SW5623,michezo,val
SW1093,kitaifa,val
SW2362,biashara,val
SW4679,michezo,val
SW2240,kitaifa,val
SW4202,biashara,val
SW38,kitaifa,val
SW876,kitaifa,val
SW2805,biashara,val
SW865,michezo,val
SW4975,michezo,val
SW75,michezo,val
SW1983,kitaifa,val
SW5736,michezo,val
SW2697,kitaifa,val
SW4401,michezo,val
SW395,michezo,val
SW4414,michezo,val
SW5847,michezo,val
SW3304,kitaifa,val
SW6108,biashara,val
SW712,kitaifa,val
SW2306,biashara,val
SW1327,michezo,val
SW2080,biashara,val
SW1287,biashara,val
SW4509,biashara,val
SW5030,kitaifa,val
SW1951,biashara,val
SW1732,michezo,val
SW1369,michezo,val
SW4482,kitaifa,val
SW851,kitaifa,val
SW1073,michezo,val
SW2370,kitaifa,val
SW1315,biashara,val
SW6143,michezo,val
SW3471,biashara,val
SW440,biashara,val
SW4817,michezo,val
SW524,biashara,val
SW6399,biashara,val
SW5334,michezo,test
SW47,kitaifa,test
SW2722,michezo,test
SW3851,michezo,test
SW3014,biashara,test
SW5992,biashara,test
SW4992,kitaifa,test
SW2418,biashara,test
SW5133,michezo,test
SW782,michezo,test
SW4105,kitaifa,test
SW1734,michezo,test
SW2477,michezo,test
SW2102,michezo,test
SW1914,biashara,test
SW4375,michezo,test
SW1792,biashara,test
SW5388,kitaifa,test
SW718,biashara,test
SW6105,michezo,test
SW5984,michezo,test
SW675,biashara,test
SW4163,kitaifa,test
SW5870,kitaifa,test
SW5565,kitaifa,test
SW4720,michezo,test
SW3442,biashara,test
SW5764,biashara,test
SW1391,biashara,test
SW1780,kitaifa,test
SW2790,kimataifa,test
SW6310,michezo,test
SW3465,kitaifa,test
SW3136,michezo,test
SW6010,michezo,test
SW891,michezo,test
SW2361,michezo,test
SW5904,kitaifa,test
SW4140,michezo,test
SW1664,michezo,test
SW3386,kitaifa,test
SW5065,biashara,test
SW4762,kitaifa,test
SW4265,michezo,test
SW3389,michezo,test
SW5740,kitaifa,test
SW2031,kitaifa,test
SW4934,kitaifa,test
SW6371,michezo,test
SW3702,kitaifa,test
SW4327,biashara,test
SW1923,michezo,test
SW3770,biashara,test
SW1384,michezo,test
SW3965,michezo,test
SW5861,kitaifa,test
SW1718,kitaifa,test
SW2239,kitaifa,test
SW5081,biashara,test
SW1312,michezo,test
SW5128,michezo,test
SW3673,biashara,test
SW6376,biashara,test
SW3746,michezo,test
SW3288,michezo,test
SW4818,kitaifa,test
SW3343,kitaifa,test
SW2234,biashara,test
SW3126,kitaifa,test
SW5646,kitaifa,test
SW5539,kitaifa,test
SW2985,kitaifa,test
SW656,kitaifa,test
SW4629,michezo,test
SW3382,kitaifa,test
SW238,biashara,test
SW1605,biashara,test
SW4554,kitaifa,test
SW5171,michezo,test
SW4400,biashara,test
SW5630,kitaifa,test
SW1911,kitaifa,test
SW1520,michezo,test
SW5094,biashara,test
SW5505,biashara,test
SW5031,michezo,test
SW3094,biashara,test
SW890,kitaifa,test
SW5476,biashara,test
SW5370,michezo,test
SW1942,michezo,test
SW2948,michezo,test
SW2226,kitaifa,test
SW3700,michezo,test
SW2255,michezo,test
SW4036,michezo,test
SW4394,michezo,test
SW6095,michezo,test
SW5945,kitaifa,test
SW6009,kitaifa,test
SW2427,michezo,test
SW387,michezo,test
SW5632,kitaifa,test
SW4667,michezo,test
SW1824,biashara,test
SW1896,kitaifa,test
SW3534,kitaifa,test
SW686,biashara,test
SW6117,kitaifa,test
SW3006,kitaifa,test
SW4861,biashara,test
SW4872,kitaifa,test
SW4763,biashara,test
SW3025,kitaifa,test
SW1674,kitaifa,test
SW6190,biashara,test
SW4748,kitaifa,test
SW4783,michezo,test
SW2146,kitaifa,test
SW6363,kitaifa,test
SW1842,kitaifa,test
SW2367,michezo,test
SW5533,kitaifa,test
SW3144,michezo,test
SW2279,michezo,test
SW1174,kitaifa,test
SW3797,michezo,test
SW1459,michezo,test
SW2532,kitaifa,test
SW4130,biashara,test
SW4699,kitaifa,test
SW5510,kitaifa,test
SW2776,michezo,test
SW3792,kitaifa,test
SW2013,michezo,test
SW809,michezo,test
SW3053,michezo,test
SW4767,kitaifa,test
SW1087,biashara,test
SW898,michezo,test
SW5488,michezo,test
SW5242,biashara,test
SW5532,kitaifa,test
SW2932,biashara,test
SW478,kitaifa,test
SW5597,biashara,test
SW3795,michezo,test
SW6118,biashara,test
SW76,kitaifa,test
SW521,michezo,test
SW4077,biashara,test
SW609,kitaifa,test
SW2548,michezo,test
SW1487,biashara,test
SW3002,kitaifa,test
SW1121,michezo,test
SW2940,biashara,test
SW5743,biashara,test
SW291,biashara,test
SW198,kitaifa,test
SW1158,kitaifa,test
SW1927,kitaifa,test
SW3781,kitaifa,test
SW1552,kitaifa,test
SW3408,michezo,test
SW2598,biashara,test
SW1003,biashara,test
SW2375,kitaifa,test
SW1406,michezo,test
SW161,kitaifa,test
SW1109,michezo,test
SW3636,michezo,test
SW1419,michezo,test
SW2127,kitaifa,test
SW6414,kitaifa,test
SW3566,kitaifa,test
SW5338,biashara,test
SW4262,kitaifa,test
SW863,biashara,test
SW1211,michezo,test
SW3332,biashara,test
SW2174,biashara,test
SW4296,kitaifa,test
SW6002,michezo,test
SW5885,biashara,test
SW2667,biashara,test
SW4894,kitaifa,test
SW6291,kitaifa,test
SW3029,kitaifa,test
SW4495,kitaifa,test
SW4072,michezo,test
SW5154,biashara,test
SW936,biashara,test
SW3687,michezo,test
SW5822,kitaifa,test
SW1779,biashara,test
SW673,michezo,test
SW1226,kitaifa,test
SW4165,michezo,test
SW881,michezo,test
SW4487,biashara,test
SW4325,kitaifa,test
SW1051,biashara,test
SW274,michezo,test
SW2533,michezo,test
SW4041,michezo,test
SW3306,michezo,test
SW5188,michezo,test
SW2585,burudani,test
SW1603,michezo,test
SW6412,biashara,test
SW5622,michezo,test
SW6219,kitaifa,test
SW4647,michezo,test
SW4856,michezo,test
SW1250,kitaifa,test
SW20,kitaifa,test
SW3376,biashara,test
SW4741,kitaifa,test
SW4381,kitaifa,test
SW5487,kitaifa,test
SW332,kitaifa,test
SW3280,kitaifa,test
SW4710,michezo,test
SW2221,michezo,test
SW626,kitaifa,test
SW4361,kitaifa,test
SW360,kimataifa,test
SW4601,michezo,test
SW5184,biashara,test
SW625,biashara,test
SW3143,biashara,test
SW6125,michezo,test
SW1550,kitaifa,test
SW1000,kitaifa,test
SW2688,biashara,test
SW5733,kitaifa,test
SW2399,michezo,test
SW1602,michezo,test
SW4050,kitaifa,test
SW5569,biashara,test
SW4983,michezo,test
SW322,kitaifa,test
SW3722,michezo,test
SW505,michezo,test
SW5509,michezo,test
SW4911,kitaifa,test
SW5351,biashara,test
SW5512,michezo,test
SW2459,kitaifa,test
SW3839,kitaifa,test
SW3003,biashara,test
SW4698,biashara,test
SW2289,kitaifa,test
SW5464,biashara,test
SW2573,kitaifa,test
SW5277,michezo,test
SW6199,biashara,test
SW4316,michezo,test
SW3713,biashara,test
SW3368,kitaifa,test
SW5064,kitaifa,test
SW1588,kitaifa,test
SW4855,kitaifa,test
SW2618,michezo,test
SW320,michezo,test
SW848,kitaifa,test
SW3112,kitaifa,test
SW3918,biashara,test
SW2183,kitaifa,test
SW5018,michezo,test
SW6186,kitaifa,test
SW388,kitaifa,test
SW474,michezo,test
SW3969,biashara,test
SW2698,biashara,test
SW1678,michezo,test
SW4592,biashara,test
SW184,kitaifa,test
SW3761,kitaifa,test
SW4360,biashara,test
SW6110,kitaifa,test
SW6005,biashara,test
SW1141,biashara,test
SW4166,michezo,test
SW4600,biashara,test
SW1512,biashara,test
SW5627,biashara,test
SW3960,kitaifa,test
SW1373,kitaifa,test
SW3133,kitaifa,test
SW2504,kitaifa,test
SW4368,kitaifa,test
SW3204,michezo,test
SW5883,kitaifa,test
SW4169,michezo,test
SW5806,biashara,test
SW6342,michezo,test
SW5189,kitaifa,test
SW4336,biashara,test
SW2325,kitaifa,test
SW5875,michezo,test
SW3970,biashara,test
SW4854,kitaifa,test
SW2341,kitaifa,test
SW2138,kimataifa,test
SW430,michezo,test
SW5412,kitaifa,test
SW9,biashara,test
SW2905,michezo,test
SW3996,michezo,test
SW2216,michezo,test
SW5757,kitaifa,test
SW466,michezo,test
SW6377,michezo,test
SW1709,kitaifa,test
SW765,kitaifa,test
SW1486,biashara,test
SW3914,michezo,test
SW5078,biashara,test
SW2929,kitaifa,test
SW4442,biashara,test
SW2133,kitaifa,test
SW4784,biashara,test
SW574,michezo,test
SW4407,michezo,test
SW1827,biashara,test
SW777,kitaifa,test
SW3065,kitaifa,test
SW448,michezo,test
SW2640,biashara,test
SW3360,kitaifa,test
SW2641,biashara,test
SW4452,biashara,test
SW6404,kitaifa,test
SW2379,kitaifa,test
SW1972,michezo,test
SW935,kitaifa,test
SW3234,michezo,test
SW594,kitaifa,test
SW4913,kitaifa,test
SW3440,michezo,test
SW4450,michezo,test
SW3696,biashara,test
SW2017,kitaifa,test
SW1091,biashara,test
SW5880,michezo,test
SW2669,kitaifa,test
SW5679,michezo,test
SW4456,michezo,test
SW2079,kitaifa,test
SW2615,kitaifa,test
SW4712,kitaifa,test
SW980,kitaifa,test
SW3635,kitaifa,test
SW2514,michezo,test
SW3613,kitaifa,test
SW4073,kitaifa,test
SW3541,biashara,test
SW3496,kitaifa,test
SW1246,michezo,test
SW6400,biashara,test
SW3275,michezo,test
SW1409,kitaifa,test
SW1420,biashara,test
SW4967,michezo,test
SW496,kitaifa,test
SW2308,kitaifa,test
SW5998,biashara,test
SW6057,michezo,test
SW531,kitaifa,test
SW6350,michezo,test
SW463,biashara,test
SW2485,kitaifa,test
SW1090,kitaifa,test
SW3316,michezo,test
SW815,biashara,test
SW1593,michezo,test
SW5921,biashara,test
SW1071,kitaifa,test
SW2719,biashara,test
SW100,michezo,test
SW1544,kitaifa,test
SW4793,michezo,test
SW4454,michezo,test
SW3709,kitaifa,test
SW2018,michezo,test
SW3692,biashara,test
SW1165,biashara,test
SW622,kitaifa,test
SW3042,michezo,test
SW1965,michezo,test
SW3227,kitaifa,test
SW4220,biashara,test
SW2581,biashara,test
SW1455,biashara,test
SW635,michezo,test
SW6041,michezo,test
SW4120,kitaifa,test
SW4044,michezo,test
SW4476,michezo,test
SW5012,kitaifa,test
SW725,kitaifa,test
SW3282,biashara,test
SW1826,biashara,test
SW3494,michezo,test
SW2004,kitaifa,test
SW1095,michezo,test
SW6305,biashara,test
SW5408,michezo,test
SW5125,kitaifa,test
SW1936,michezo,test
SW5758,biashara,test
SW4750,michezo,test
SW1405,biashara,test
SW4655,kitaifa,test
SW1219,kitaifa,test
SW6205,kitaifa,test
SW5595,michezo,test
SW868,kitaifa,test
SW1643,michezo,test
SW1015,kitaifa,test
SW4535,michezo,test
SW943,kitaifa,test
SW4275,biashara,test
SW3214,biashara,test
SW2045,biashara,test
SW6248,michezo,test
SW5290,michezo,test
SW1660,michezo,test
SW5414,kitaifa,test
SW239,michezo,test
SW4555,kitaifa,test
SW3532,biashara,test
SW4014,kimataifa,test
SW4489,biashara,test
SW4437,michezo,test
SW4548,michezo,test
SW4021,kitaifa,test
SW5232,kitaifa,test
SW1457,kitaifa,test
SW25,kitaifa,test
SW137,biashara,test
SW6300,kitaifa,test
SW3647,kitaifa,test
SW3867,kitaifa,test
SW1687,biashara,test
SW4765,biashara,test
SW2666,kitaifa,test
SW1960,biashara,test
SW4457,kitaifa,test
SW4994,kitaifa,test
SW1088,kitaifa,test
SW5236,kitaifa,test
SW6289,michezo,test
SW750,michezo,test
SW918,kitaifa,test
SW201,kitaifa,test
SW193,michezo,test
SW307,biashara,test
SW1085,kitaifa,test
SW4651,kitaifa,test
SW1626,kitaifa,test
SW4231,kitaifa,test
SW2780,michezo,test
SW4933,michezo,test
SW5202,kitaifa,test
SW5637,kimataifa,test
SW4461,kitaifa,test
SW4711,biashara,test
SW2937,kitaifa,test
SW1750,kitaifa,test
SW6152,michezo,test
SW3325,biashara,test
SW4383,kitaifa,test
SW3578,kitaifa,test
SW216,biashara,test
SW4328,michezo,test
SW5365,michezo,test
SW68,kitaifa,test
SW4170,michezo,test
SW2103,michezo,test
SW5168,biashara,test
SW4273,kitaifa,test
SW469,kitaifa,test
SW668,burudani,test
SW1757,michezo,test
SW4470,michezo,test
SW6431,michezo,test
SW5613,kitaifa,test
SW5132,michezo,test
SW141,michezo,test
SW583,kitaifa,test
SW713,michezo,test
SW3162,michezo,test
SW5419,kitaifa,test
SW2875,michezo,test
SW3026,biashara,test
SW5571,michezo,test
SW6393,michezo,test
SW392,michezo,test
SW6286,michezo,test
SW1311,michezo,test
SW2827,kitaifa,test
SW4058,michezo,test
SW2605,kitaifa,test
SW3249,kitaifa,test
SW6387,michezo,test
SW2338,michezo,test
SW364,kitaifa,test
SW585,biashara,test
SW6065,michezo,test
SW4063,michezo,test
SW4302,kitaifa,test
SW3911,biashara,test
SW1688,kitaifa,test
SW88,kitaifa,test
SW2392,biashara,test
SW3018,kitaifa,test
SW3747,biashara,test
SW1600,kitaifa,test
SW160,michezo,test
SW2321,kitaifa,test
SW5272,kitaifa,test
SW6276,michezo,test
SW363,kitaifa,test
SW5709,kitaifa,test
SW3084,biashara,test
SW2681,kitaifa,test
SW1720,michezo,test
SW1136,kitaifa,test
SW2980,kitaifa,test
SW623,biashara,test
SW2671,kitaifa,test
SW4757,kitaifa,test
SW3620,biashara,test
SW1507,biashara,test
SW963,kitaifa,test
SW3293,kimataifa,test
SW3643,biashara,test
SW1774,biashara,test
SW5071,biashara,test
SW4317,kitaifa,test
SW3767,kitaifa,test
SW993,kitaifa,test
SW397,michezo,test
SW3324,biashara,test
SW605,biashara,test
SW1902,biashara,test
SW2024,kitaifa,test
SW304,michezo,test
SW888,michezo,test
SW1529,michezo,test
SW3712,biashara,test
SW2114,kitaifa,test
SW4485,michezo,test
SW1304,kitaifa,test
SW4745,kitaifa,test
SW5322,biashara,test
SW6272,biashara,test
SW2889,michezo,test
SW2215,kitaifa,test
SW3657,kitaifa,test
SW4015,biashara,test
SW6381,biashara,test
SW1947,kitaifa,test
SW4888,kitaifa,test
SW3176,kitaifa,test
SW4673,kitaifa,test
SW1993,michezo,test
SW534,biashara,test
SW2898,biashara,test
SW6106,kitaifa,test
SW2959,biashara,test
SW5193,michezo,test
SW2637,kitaifa,test
SW3402,michezo,test
SW5694,biashara,test
SW4453,biashara,test
SW2139,biashara,test
SW6113,kitaifa,test
SW4067,michezo,test
SW48,michezo,test
SW4678,biashara,test
SW3844,michezo,test
SW6036,biashara,test
SW4069,kitaifa,test
SW714,michezo,test
SW4493,michezo,test
SW3506,biashara,test
SW5442,michezo,test
SW2739,michezo,test
SW1864,kitaifa,test
SW3474,michezo,test
SW5495,biashara,test
SW3679,michezo,test
SW1946,kitaifa,test
SW5438,biashara,test
SW3810,kitaifa,test
SW3213,kitaifa,test
SW3563,kitaifa,test
SW6423,michezo,test
SW3367,kitaifa,test
SW4633,kitaifa,test
SW2977,kitaifa,test
SW5263,kitaifa,test
SW5103,michezo,test
SW3155,biashara,test
SW4686,biashara,test
SW3896,biashara,test
SW2155,michezo,test
SW2636,kitaifa,test
SW1586,biashara,test
SW3540,michezo,test
SW3883,kitaifa,test
SW5102,michezo,test
SW24,kitaifa,test
SW2857,biashara,test
SW6402,kitaifa,test
SW697,michezo,test
SW6209,kitaifa,test
SW4399,kitaifa,test
SW2614,biashara,test
SW3331,biashara,test
SW4681,michezo,test
SW1618,kitaifa,test
SW5366,biashara,test
SW5371,biashara,test
SW1925,kitaifa,test
SW5354,biashara,test
SW2423,michezo,test
SW1601,michezo,test
SW4623,michezo,test
SW181,kitaifa,test
SW3791,michezo,test
SW5626,kitaifa,test
SW3438,michezo,test
SW3237,michezo,test
SW4100,biashara,test
SW4766,michezo,test
SW5889,kitaifa,test
SW3944,michezo,test
SW277,biashara,test
SW5732,michezo,test
SW22,kitaifa,test
SW185,biashara,test
SW5413,biashara,test
SW178,michezo,test
SW4177,biashara,test
SW1478,kitaifa,test
SW1756,burudani,test
SW6347,michezo,test
SW4363,kitaifa,test
SW3556,kitaifa,test
SW2229,kimataifa,test
SW458,michezo,test
SW5545,biashara,test
SW1545,michezo,test
SW4970,biashara,test
SW643,michezo,test
SW5607,biashara,test
SW825,biashara,test
SW1042,kitaifa,test
SW4693,michezo,test
SW2509,michezo,test
SW3168,michezo,test
SW380,kitaifa,test
SW4599,michezo,test
SW2635,kitaifa,test
SW715,kitaifa,test
SW954,kitaifa,test
SW3269,biashara,test
SW4803,kitaifa,test
SW1668,biashara,test
SW1817,biashara,test
SW862,michezo,test
SW4916,kitaifa,test
SW1881,michezo,test
SW2802,kimataifa,test
SW2630,michezo,test
SW2599,biashara,test
SW235,michezo,test
SW5878,biashara,test
SW5116,kitaifa,test
SW3102,kitaifa,test
SW2751,michezo,test
SW2088,kitaifa,test
SW4802,biashara,test
SW3919,kitaifa,test
SW3478,kitaifa,test
SW3407,michezo,test
SW1053,kitaifa,test
SW5915,kitaifa,test
SW103,kitaifa,test
SW210,michezo,test
SW4956,kitaifa,test
SW6042,michezo,test
SW266,kitaifa,test
SW5968,michezo,test
SW4628,kitaifa,test
SW2694,biashara,test
SW4939,kitaifa,test
SW4525,biashara,test
SW648,kitaifa,test
SW65,kitaifa,test
SW3670,michezo,test
SW2203,biashara,test
SW6185,kitaifa,test
SW2328,biashara,test
SW1092,kitaifa,test
SW1102,michezo,test
SW4973,biashara,test
SW376,kitaifa,test
SW5877,biashara,test
SW4637,kitaifa,test
SW3043,kitaifa,test
SW2653,kitaifa,test
SW3554,michezo,test
SW55,kitaifa,test
SW3675,biashara,test
SW6293,michezo,test
SW4122,kitaifa,test
SW582,michezo,test
SW5352,michezo,test
SW3514,michezo,test
SW5663,biashara,test
SW3117,michezo,test
SW641,michezo,test
SW2330,biashara,test
SW6226,biashara,test
SW2643,michezo,test
SW3200,kitaifa,test
SW211,michezo,test
SW716,biashara,test
SW1517,michezo,test
SW6284,kitaifa,test
SW1202,michezo,test
SW5407,michezo,test
SW3622,michezo,test
SW2249,biashara,test
SW4830,biashara,test
SW2575,biashara,test
SW4389,biashara,test
SW4056,kitaifa,test
SW2077,kitaifa,test
SW206,biashara,test
SW6196,kitaifa,test
SW6123,kitaifa,test
SW1848,biashara,test
SW3836,kitaifa,test
SW117,michezo,test
SW600,michezo,test
SW426,michezo,test
SW5954,kitaifa,test
SW5341,michezo,test
SW5993,kitaifa,test
SW6314,biashara,test
SW3884,michezo,test
SW170,michezo,test
SW1063,biashara,test
SW5766,biashara,test
SW2028,biashara,test
SW4107,kitaifa,test
SW4209,biashara,test
SW674,kitaifa,test
SW5506,kitaifa,test
SW563,michezo,test
SW3979,biashara,test
SW5325,kitaifa,test
SW6339,biashara,test
SW4385,biashara,test
SW1278,biashara,test
SW996,kitaifa,test
